file,name,variant,category,status,recipe,seconds,peak_db,rms_db,crest_db,centroid_hz,presence,high,air,low,tonality_db,attack_ms,flat_top,flags
Assets/_Project/Audio/UI/ui_button_hover_01.ogg,ui_button_hover,1,ui,generated,synth:brush dur=0.05,0.05,-16.8,-31.4,14.7,1916,0.35,0.011,0.0,0.001,10.7,10.8,0.0,
Assets/_Project/Audio/UI/ui_button_hover_02.ogg,ui_button_hover,2,ui,generated,synth:brush dur=0.05,0.05,-17.4,-31.3,13.8,2051,0.396,0.023,0.0,0.001,10.8,18.8,0.0,
Assets/_Project/Audio/UI/ui_button_hover_03.ogg,ui_button_hover,3,ui,generated,synth:brush dur=0.05,0.05,-15.3,-31.2,15.8,1720,0.276,0.011,0.0,0.0,14.0,17.2,0.0,
Assets/_Project/Audio/UI/ui_button_click_01.ogg,ui_button_click,1,ui,library-cc0,kenney:impact-sounds/impactWood_light_* shift=1.5,0.082,-13.1,-30.9,17.9,602,0.0,0.0,0.0,0.002,18.2,1.8,0.0,
Assets/_Project/Audio/UI/ui_button_click_02.ogg,ui_button_click,2,ui,library-cc0,kenney:impact-sounds/impactWood_light_* shift=1.5,0.177,-9.6,-30.9,21.3,483,0.0,0.0,0.0,0.018,19.5,0.7,0.0,
Assets/_Project/Audio/UI/ui_button_click_03.ogg,ui_button_click,3,ui,library-cc0,kenney:impact-sounds/impactWood_light_* shift=1.5,0.085,-12.7,-30.9,18.2,566,0.0,0.0,0.0,0.004,18.5,1.9,0.0,
Assets/_Project/Audio/UI/ui_button_back_01.ogg,ui_button_back,1,ui,library-cc0,kenney:rpg-audio/bookFlip* shift=0.9,0.6,-5.8,-31.5,25.6,5257,0.466,0.366,0.077,0.007,10.8,573.2,0.0,
Assets/_Project/Audio/UI/ui_button_denied_01.ogg,ui_button_denied,1,ui,generated,synth:thump dur=0.15 freq=140 click=0.6 decay=35,0.15,-18.0,-31.0,12.9,158,0.0,0.0,0.0,0.999,23.8,3.7,0.0,
Assets/_Project/Audio/UI/ui_screen_open_01.ogg,ui_screen_open,1,ui,library-cc0,kenney:rpg-audio/bookFlip*,0.6,-2.2,-31.2,29.0,5112,0.278,0.619,0.032,0.003,10.4,1.3,0.0,
Assets/_Project/Audio/UI/ui_screen_open_02.ogg,ui_screen_open,2,ui,library-cc0,kenney:rpg-audio/bookFlip*,0.393,-4.6,-31.1,26.5,4976,0.362,0.355,0.074,0.012,10.8,2.3,0.0,
Assets/_Project/Audio/UI/ui_screen_close_01.ogg,ui_screen_close,1,ui,library-cc0,kenney:rpg-audio/bookClose*,0.23,-11.0,-31.0,19.9,569,0.025,0.022,0.001,0.163,19.4,5.9,0.0,
Assets/_Project/Audio/UI/ui_slider_tick_01.ogg,ui_slider_tick,1,ui,generated,synth:tick dur=0.04 freq=1800 noise=0.6,0.04,-17.9,-31.8,13.9,1741,0.022,0.0,0.0,0.0,21.0,2.4,0.0,
Assets/_Project/Audio/UI/ui_toggle_on_01.ogg,ui_toggle_on,1,ui,library-cc0,kenney:rpg-audio/metalLatch*,0.205,-8.9,-31.2,22.3,6629,0.133,0.581,0.183,0.033,14.1,2.7,0.0,
Assets/_Project/Audio/UI/ui_toggle_off_01.ogg,ui_toggle_off,1,ui,library-cc0,kenney:rpg-audio/metalClick*,0.373,-5.7,-31.4,25.7,4937,0.299,0.429,0.054,0.0,13.5,183.9,0.0,
Assets/_Project/Audio/UI/ui_keybind_listen_01.ogg,ui_keybind_listen,1,ui,library-cc0,kenney:rpg-audio/bookPlace* gain=-6,0.207,-13.1,-31.0,17.9,960,0.073,0.035,0.005,0.195,18.1,43.8,0.0,
Assets/_Project/Audio/UI/ui_keybind_set_01.ogg,ui_keybind_set,1,ui,placeholder,synth:thump dur=0.2 freq=110 click=0.4 decay=20,0.2,-19.2,-30.9,11.7,130,0.0,0.0,0.0,0.999,22.8,8.1,0.0001,
Assets/_Project/Audio/UI/ui_error_01.ogg,ui_error,1,ui,library-cc0,kenney:rpg-audio/bookFlip* shift=1.3 + synth:thump dur=0.15 freq=110 click=0.5 decay=30 gain=-4,0.488,-9.7,-31.1,21.3,1361,0.057,0.121,0.011,0.799,10.6,1.6,0.0,
Assets/_Project/Audio/UI/ui_pause_open_01.ogg,ui_pause_open,1,ui,library-cc0,kenney:rpg-audio/cloth* shift=0.8,0.6,-9.9,-31.0,21.1,306,0.023,0.003,0.0,0.584,15.9,215.8,0.0,
Assets/_Project/Audio/UI/ui_pause_close_01.ogg,ui_pause_close,1,ui,library-cc0,kenney:rpg-audio/cloth* shift=0.7,0.6,-10.1,-31.0,20.9,233,0.017,0.002,0.0,0.657,16.4,246.2,0.0,
Assets/_Project/Audio/UI/ui_lobby_join_01.ogg,ui_lobby_join,1,ui,generated,synth:chime notes=880/1320 dur=0.6 gap=0.09,0.6,-16.2,-31.0,14.8,1563,0.167,0.016,0.0,0.0,21.1,92.6,0.0,
Assets/_Project/Audio/UI/ui_lobby_leave_01.ogg,ui_lobby_leave,1,ui,generated,synth:chime notes=1320/880 dur=0.6 gap=0.09,0.6,-16.9,-31.0,14.1,1485,0.135,0.012,0.0,0.0,20.7,97.0,0.0,
Assets/_Project/Audio/UI/ui_invite_received_01.ogg,ui_invite_received,1,ui,placeholder,synth:thump dur=0.2 freq=120 click=0.8 decay=25 + synth:thump dur=0.2 freq=118 click=0.8 decay=25 at=0.22,0.42,-17.1,-31.0,13.9,146,0.0,0.0,0.0,0.991,21.3,224.3,0.0,
Assets/_Project/Audio/UI/ui_ready_01.ogg,ui_ready,1,ui,library-cc0,kenney:rpg-audio/metalPot* gain=-4,0.6,-16.5,-31.2,14.6,1240,0.115,0.038,0.003,0.011,17.2,24.3,0.0,
Assets/_Project/Audio/UI/ui_hit_confirm_01.ogg,ui_hit_confirm,1,ui,generated,synth:tick dur=0.06 freq=700 decay=70 noise=0.5,0.06,-17.3,-31.1,13.8,706,0.0,0.0,0.0,0.001,22.9,4.9,0.0,
Assets/_Project/Audio/UI/ui_hit_confirm_02.ogg,ui_hit_confirm,2,ui,generated,synth:tick dur=0.06 freq=700 decay=70 noise=0.5,0.06,-17.5,-31.0,13.4,710,0.0,0.0,0.0,0.001,21.5,1.1,0.0,
Assets/_Project/Audio/UI/ui_hit_confirm_03.ogg,ui_hit_confirm,3,ui,generated,synth:tick dur=0.06 freq=700 decay=70 noise=0.5,0.06,-17.1,-31.0,13.8,718,0.001,0.0,0.0,0.002,22.3,2.4,0.0,
Assets/_Project/Audio/UI/ui_hit_friendly_01.ogg,ui_hit_friendly,1,ui,generated,synth:boing dur=0.35 freq=260 + synth:thump dur=0.15 freq=200 click=0.8,0.35,-16.3,-31.0,14.7,268,0.0,0.0,0.0,0.436,22.2,2.5,0.0,
Assets/_Project/Audio/UI/ui_hit_friendly_02.ogg,ui_hit_friendly,2,ui,generated,synth:boing dur=0.35 freq=260 + synth:thump dur=0.15 freq=200 click=0.8,0.35,-17.0,-31.0,14.0,263,0.0,0.0,0.0,0.491,22.8,2.4,0.0,
Assets/_Project/Audio/UI/ui_kill_confirm_01.ogg,ui_kill_confirm,1,ui,generated,synth:thump dur=0.4 freq=70 click=0.2 decay=10,0.4,-18.5,-31.0,12.4,91,0.0,0.0,0.0,1.0,22.3,1.9,0.0001,
Assets/_Project/Audio/SFX/Voice/sfx_voice_listen_open_01.ogg,sfx_voice_listen_open,1,spells,generated,synth:breath dur=0.07 inhale=1 + synth:shimmer dur=0.07 root=880 attack=0.1,0.07,-9.4,-22.1,12.7,1506,0.218,0.0,0.0,0.0,18.0,11.5,0.0,
Assets/_Project/Audio/SFX/Voice/sfx_voice_listen_close_01.ogg,sfx_voice_listen_close,1,spells,generated,synth:shimmer dur=0.08 root=660 attack=0.02,0.08,-9.1,-22.0,12.8,1115,0.05,0.0,0.0,0.0,19.2,2.1,0.0,
Assets/_Project/Audio/SFX/Voice/sfx_voice_teammate_tell_01.ogg,sfx_voice_teammate_tell,1,spells,placeholder,synth:shimmer dur=0.35 root=330 attack=0.8 rise=1.5 + synth:breath dur=0.35 inhale=1,0.35,-7.0,-22.0,15.0,745,0.003,0.0,0.0,0.0,18.9,134.0,0.0,
Assets/_Project/Audio/SFX/Voice/sfx_voice_teammate_tell_02.ogg,sfx_voice_teammate_tell,2,spells,placeholder,synth:shimmer dur=0.35 root=330 attack=0.8 rise=1.5 + synth:breath dur=0.35 inhale=1,0.35,-9.2,-22.0,12.8,737,0.002,0.0,0.0,0.0,18.9,142.5,0.0,
Assets/_Project/Audio/SFX/Voice/sfx_voice_teammate_tell_03.ogg,sfx_voice_teammate_tell,3,spells,placeholder,synth:shimmer dur=0.35 root=330 attack=0.8 rise=1.5 + synth:breath dur=0.35 inhale=1,0.35,-9.3,-22.0,12.7,738,0.001,0.0,0.0,0.0,18.8,145.0,0.0,
Assets/_Project/Audio/SFX/Spells/sfx_spell_fizzle_01.ogg,sfx_spell_fizzle,1,spells,placeholder,synth:hiss dur=0.4 low=1500 high=6000 decay=8 + synth:whoosh dur=0.3 f0=800 f1=300,0.4,-6.6,-20.8,14.1,1843,0.298,0.066,0.002,0.02,12.2,128.6,0.0,
Assets/_Project/Audio/SFX/Spells/sfx_spell_fizzle_02.ogg,sfx_spell_fizzle,2,spells,placeholder,synth:hiss dur=0.4 low=1500 high=6000 decay=8 + synth:whoosh dur=0.3 f0=800 f1=300,0.4,-6.8,-20.8,14.0,1573,0.238,0.052,0.001,0.017,13.6,129.6,0.0,
Assets/_Project/Audio/SFX/Spells/sfx_spell_fizzle_03.ogg,sfx_spell_fizzle,3,spells,placeholder,synth:hiss dur=0.4 low=1500 high=6000 decay=8 + synth:whoosh dur=0.3 f0=800 f1=300,0.4,-5.6,-20.8,15.2,1758,0.262,0.061,0.002,0.019,11.4,151.9,0.0,
Assets/_Project/Audio/SFX/Spells/sfx_spell_no_mana_01.ogg,sfx_spell_no_mana,1,spells,generated,synth:hiss dur=0.25 low=2000 high=7000 decay=15 + synth:tick dur=0.05 freq=900,0.25,-5.3,-22.2,16.9,3903,0.592,0.249,0.007,0.0,10.5,1.6,0.0,
Assets/_Project/Audio/SFX/Spells/sfx_spell_mana_restored_01.ogg,sfx_spell_mana_restored,1,spells,generated,synth:chime notes=990/1480 dur=0.8 gap=0.1 decay=5,0.92,-5.2,-22.0,16.8,1807,0.201,0.016,0.0,0.0,21.6,102.1,0.0,
Assets/_Project/Audio/SFX/Spells/sfx_spell_ignis_cast_01.ogg,sfx_spell_ignis_cast,1,spells,placeholder,synth:whumph dur=0.25 size=2 + synth:shimmer dur=0.3 root=520 attack=0.3 gain=-10,0.3,-8.0,-20.5,12.5,346,0.013,0.0,0.0,0.645,19.1,32.3,0.0,
Assets/_Project/Audio/SFX/Spells/sfx_spell_ignis_cast_02.ogg,sfx_spell_ignis_cast,2,spells,placeholder,synth:whumph dur=0.25 size=2 + synth:shimmer dur=0.3 root=520 attack=0.3 gain=-10,0.3,-7.6,-20.5,12.9,361,0.014,0.0,0.0,0.63,19.0,59.1,0.0,
Assets/_Project/Audio/SFX/Spells/sfx_spell_ignis_cast_03.ogg,sfx_spell_ignis_cast,3,spells,placeholder,synth:whumph dur=0.25 size=2 + synth:shimmer dur=0.3 root=520 attack=0.3 gain=-10,0.3,-7.5,-20.5,13.0,358,0.014,0.0,0.0,0.622,19.1,46.3,0.0,
Assets/_Project/Audio/SFX/Spells/sfx_spell_ignis_travel_loop_01.ogg,sfx_spell_ignis_travel_loop,1,spells,placeholder,synth:crackle dur=3 density=60 body=0.3 + synth:hiss dur=3 low=1000 high=5000 flutter=9,2.5,-1.5,-22.5,21.0,2750,0.475,0.098,0.004,0.013,10.4,1355.5,0.0,
Assets/_Project/Audio/SFX/Spells/sfx_spell_ignis_impact_01.ogg,sfx_spell_ignis_impact,1,spells,placeholder,synth:whumph dur=0.6 size=1.4 + synth:crackle dur=0.6 density=80 body=0,0.6,-5.1,-19.0,13.9,189,0.013,0.006,0.0,0.921,15.3,112.7,0.0001,
Assets/_Project/Audio/SFX/Spells/sfx_spell_ignis_impact_02.ogg,sfx_spell_ignis_impact,2,spells,placeholder,synth:whumph dur=0.6 size=1.4 + synth:crackle dur=0.6 density=80 body=0,0.6,-4.8,-19.0,14.1,192,0.015,0.006,0.001,0.936,13.5,112.0,0.0,
Assets/_Project/Audio/SFX/Spells/sfx_spell_ignis_impact_03.ogg,sfx_spell_ignis_impact,3,spells,placeholder,synth:whumph dur=0.6 size=1.4 + synth:crackle dur=0.6 density=80 body=0,0.6,-3.9,-19.0,15.0,191,0.014,0.006,0.0,0.931,14.3,91.7,0.0,
Assets/_Project/Audio/SFX/Spells/sfx_spell_ignis_misfire_01.ogg,sfx_spell_ignis_misfire,1,spells,placeholder,synth:whumph dur=0.9 size=1.0 + synth:hiss dur=0.9 low=2000 high=8000 decay=3,0.9,-5.8,-19.0,13.2,207,0.016,0.009,0.0,0.937,15.5,165.5,0.0,
Assets/_Project/Audio/SFX/Spells/sfx_spell_ignis_misfire_02.ogg,sfx_spell_ignis_misfire,2,spells,placeholder,synth:whumph dur=0.9 size=1.0 + synth:hiss dur=0.9 low=2000 high=8000 decay=3,0.9,-6.9,-19.0,12.2,184,0.012,0.008,0.0,0.951,16.1,174.0,0.0,
Assets/_Project/Audio/SFX/Spells/sfx_spell_frango_cast_01.ogg,sfx_spell_frango_cast,1,spells,placeholder,synth:thump dur=0.3 freq=120 click=1.2 decay=20 + synth:shatter dur=0.3 pieces=10 low=2500 + synth:shimmer dur=0.3 root=520 attack=0.3 gain=-10,0.3,-3.7,-19.0,15.3,1167,0.097,0.053,0.007,0.517,18.9,4.1,0.0,
Assets/_Project/Audio/SFX/Spells/sfx_spell_frango_cast_02.ogg,sfx_spell_frango_cast,2,spells,placeholder,synth:thump dur=0.3 freq=120 click=1.2 decay=20 + synth:shatter dur=0.3 pieces=10 low=2500 + synth:shimmer dur=0.3 root=520 attack=0.3 gain=-10,0.3,-6.0,-19.0,13.0,1023,0.071,0.058,0.005,0.547,18.9,4.0,0.0,
Assets/_Project/Audio/SFX/Spells/sfx_spell_frango_shatter_stone_01.ogg,sfx_spell_frango_shatter_stone,1,spells,placeholder,synth:crumble dur=1.8 density=50,1.784,-2.4,-17.0,14.5,87,0.001,0.0,0.0,0.572,21.4,229.1,0.0,
Assets/_Project/Audio/SFX/Spells/sfx_spell_frango_shatter_stone_02.ogg,sfx_spell_frango_shatter_stone,2,spells,placeholder,synth:crumble dur=1.8 density=50,1.79,-3.7,-17.0,13.2,78,0.001,0.0,0.0,0.626,20.8,262.4,0.0001,
Assets/_Project/Audio/SFX/Spells/sfx_spell_frango_shatter_stone_03.ogg,sfx_spell_frango_shatter_stone,3,spells,placeholder,synth:crumble dur=1.8 density=50,1.795,-1.1,-17.2,16.1,220,0.004,0.0,0.0,0.534,21.7,445.2,0.0,
Assets/_Project/Audio/SFX/Spells/sfx_spell_frango_shatter_wood_01.ogg,sfx_spell_frango_shatter_wood,1,spells,library-cc0,kenney:impact-sounds/impactWood_heavy_* + synth:crumble dur=1.0 density=40 size=0.3 gain=-6,1.0,-1.1,-22.7,21.6,149,0.003,0.0,0.0,0.739,21.2,3.3,0.0001,
Assets/_Project/Audio/SFX/Spells/sfx_spell_frango_shatter_wood_02.ogg,sfx_spell_frango_shatter_wood,2,spells,library-cc0,kenney:impact-sounds/impactWood_heavy_* + synth:crumble dur=1.0 density=40 size=0.3 gain=-6,0.996,-1.2,-20.1,18.9,113,0.001,0.0,0.0,0.628,21.1,3.3,0.0001,
Assets/_Project/Audio/SFX/Spells/sfx_spell_frango_shatter_metal_01.ogg,sfx_spell_frango_shatter_metal,1,spells,placeholder,synth:metal_ring dur=1.5 freq=900 clank=1.0 + synth:thump dur=0.2 freq=200 click=1,1.5,-1.1,-21.6,20.5,961,0.033,0.0,0.0,0.105,22.7,4.4,0.0,
Assets/_Project/Audio/SFX/Spells/sfx_spell_frango_shatter_metal_02.ogg,sfx_spell_frango_shatter_metal,2,spells,placeholder,synth:metal_ring dur=1.5 freq=900 clank=1.0 + synth:thump dur=0.2 freq=200 click=1,1.5,-1.4,-22.4,21.0,995,0.032,0.0,0.0,0.138,23.0,6.4,0.0,
Assets/_Project/Audio/SFX/Spells/sfx_spell_frango_misfire_01.ogg,sfx_spell_frango_misfire,1,spells,placeholder,synth:thump dur=0.3 freq=150 click=1.5 decay=20 + synth:shatter dur=0.8 pieces=50,0.8,-1.9,-19.9,18.0,2174,0.258,0.18,0.005,0.533,19.2,3.3,0.0,
Assets/_Project/Audio/SFX/Spells/sfx_spell_levo_cast_01.ogg,sfx_spell_levo_cast,1,spells,placeholder,synth:shimmer dur=0.5 root=330 attack=0.6 rise=1.3 + synth:breath dur=0.5 inhale=1 gain=-6,0.5,-7.6,-20.5,12.9,652,0.0,0.0,0.0,0.0,18.9,136.0,0.0,
Assets/_Project/Audio/SFX/Spells/sfx_spell_levo_cast_02.ogg,sfx_spell_levo_cast,2,spells,placeholder,synth:shimmer dur=0.5 root=330 attack=0.6 rise=1.3 + synth:breath dur=0.5 inhale=1 gain=-6,0.5,-7.3,-20.5,13.1,653,0.0,0.0,0.0,0.0,19.0,256.2,0.0,
Assets/_Project/Audio/SFX/Spells/sfx_spell_levo_hold_loop_01.ogg,sfx_spell_levo_hold_loop,1,spells,generated,synth:hum dur=4 freq=110 tremolo=3,3.5,-15.7,-22.0,6.3,123,0.0,0.0,0.0,0.979,21.8,2419.9,0.0007,
Assets/_Project/Audio/SFX/Spells/sfx_spell_levo_release_01.ogg,sfx_spell_levo_release,1,spells,generated,synth:whine dur=0.4 f0=220 f1=110 depth=0.01,0.4,-13.9,-21.9,8.1,181,0.0,0.0,0.0,0.919,23.2,54.9,0.0004,
Assets/_Project/Audio/SFX/Spells/sfx_spell_levo_misfire_01.ogg,sfx_spell_levo_misfire,1,spells,generated,synth:whine dur=1.5 f0=300 f1=900 wobble=6 depth=0.08,1.5,-12.4,-20.4,8.1,518,0.0,0.0,0.0,0.0,22.5,207.4,0.0,
Assets/_Project/Audio/SFX/Spells/sfx_spell_aurumvoco_cast_01.ogg,sfx_spell_aurumvoco_cast,1,spells,placeholder,synth:chime notes=1047/1568 dur=1.6 gap=0.34 decay=3 gold=1 + synth:shimmer dur=1.2 root=520 gain=-8,1.96,-3.0,-19.0,16.0,2029,0.217,0.045,0.013,0.0,21.0,341.8,0.0,
Assets/_Project/Audio/SFX/Spells/sfx_spell_aurumvoco_reveal_loop_01.ogg,sfx_spell_aurumvoco_reveal_loop,1,spells,generated,synth:coins dur=4 count=14 spread=1.0 + synth:shimmer dur=4 root=1047 attack=0.5 gain=-10,3.5,-2.0,-22.0,20.0,2123,0.414,0.035,0.006,0.0,18.8,1904.6,0.0,
Assets/_Project/Audio/SFX/Spells/sfx_spell_aurumvoco_end_01.ogg,sfx_spell_aurumvoco_end,1,spells,generated,synth:chime notes=1568/1047 dur=1.2 gap=0.2 decay=4 gold=1,1.42,-4.9,-22.0,17.1,2140,0.246,0.048,0.012,0.0,21.8,202.5,0.0,
Assets/_Project/Audio/SFX/Spells/sfx_spell_aurumvoco_misfire_01.ogg,sfx_spell_aurumvoco_misfire,1,spells,placeholder,synth:coins dur=1.5 count=40 + synth:whine dur=1.2 f0=1800 f1=2600 wobble=11 depth=0.1,1.22,-2.3,-15.7,13.5,2747,0.673,0.07,0.006,0.0,17.1,495.1,0.0,
Assets/_Project/Audio/SFX/Spells/sfx_spell_aurumvoco_misfire_02.ogg,sfx_spell_aurumvoco_misfire,2,spells,placeholder,synth:coins dur=1.5 count=40 + synth:whine dur=1.2 f0=1800 f1=2600 wobble=11 depth=0.1,1.22,-1.7,-15.5,13.8,2820,0.665,0.076,0.007,0.0,16.2,218.0,0.0,
Assets/_Project/Audio/SFX/Spells/sfx_spell_velox_cast_01.ogg,sfx_spell_velox_cast,1,spells,placeholder,synth:whoosh dur=0.15 f0=2000 f1=6000 attack=0.1,0.158,-6.6,-21.0,14.4,2752,0.624,0.053,0.001,0.0,10.0,19.5,0.0,
Assets/_Project/Audio/SFX/Spells/sfx_spell_velox_dash_01.ogg,sfx_spell_velox_dash,1,spells,placeholder,synth:whoosh dur=0.35 f0=300 f1=4000 attack=0.3,0.336,-5.5,-20.7,15.3,804,0.025,0.0,0.0,0.01,15.8,74.4,0.0,
Assets/_Project/Audio/SFX/Spells/sfx_spell_velox_dash_02.ogg,sfx_spell_velox_dash,2,spells,placeholder,synth:whoosh dur=0.35 f0=300 f1=4000 attack=0.3,0.326,-5.8,-20.7,14.9,917,0.037,0.001,0.0,0.006,13.4,90.6,0.0,
Assets/_Project/Audio/SFX/Spells/sfx_spell_velox_misfire_01.ogg,sfx_spell_velox_misfire,1,spells,placeholder,synth:whoosh dur=0.35 f0=300 f1=4000 + synth:thump dur=0.3 freq=80 click=0.8,0.325,-5.0,-19.0,13.9,145,0.004,0.0,0.0,0.947,13.9,1.8,0.0,
Assets/_Project/Audio/SFX/Spells/sfx_spell_saltus_cast_01.ogg,sfx_spell_saltus_cast,1,spells,placeholder,synth:whoosh dur=0.25 f0=200 f1=1200 + synth:thump dur=0.15 freq=90 click=0.3 gain=-6,0.243,-8.5,-20.5,12.0,140,0.0,0.0,0.0,0.903,16.0,6.2,0.0,
Assets/_Project/Audio/SFX/Spells/sfx_spell_saltus_launch_01.ogg,sfx_spell_saltus_launch,1,spells,placeholder,synth:whoosh dur=0.5 f0=200 f1=2500 attack=0.2,0.505,-6.5,-20.6,14.2,481,0.003,0.0,0.0,0.135,15.8,58.4,0.0,
Assets/_Project/Audio/SFX/Spells/sfx_spell_saltus_land_slam_01.ogg,sfx_spell_saltus_land_slam,1,spells,placeholder,synth:thump dur=0.6 freq=55 click=1.0 decay=7 + synth:crumble dur=0.8 density=30 size=0.5 gain=-8,0.792,-2.4,-16.9,14.6,78,0.001,0.0,0.0,0.953,20.4,9.6,0.0001,
Assets/_Project/Audio/SFX/Spells/sfx_spell_saltus_land_slam_02.ogg,sfx_spell_saltus_land_slam,2,spells,placeholder,synth:thump dur=0.6 freq=55 click=1.0 decay=7 + synth:crumble dur=0.8 density=30 size=0.5 gain=-8,0.796,-2.0,-17.0,15.0,71,0.001,0.0,0.0,0.94,20.9,3.0,0.0,
Assets/_Project/Audio/SFX/Spells/sfx_spell_saltus_misfire_01.ogg,sfx_spell_saltus_misfire,1,spells,placeholder,synth:boing dur=0.5 freq=300 + synth:thump dur=0.2 freq=150 click=0.5,0.5,-5.6,-20.5,14.8,289,0.0,0.0,0.0,0.358,22.5,7.6,0.0,
Assets/_Project/Audio/SFX/Spells/sfx_spell_somnus_cast_soft_01.ogg,sfx_spell_somnus_cast_soft,1,spells,placeholder,synth:breath dur=0.9 inhale=0 low=300 high=2500 + synth:shimmer dur=0.9 root=392 attack=0.2 tremolo=3 gain=-8,0.9,-7.7,-22.0,14.3,672,0.004,0.0,0.0,0.001,18.7,117.6,0.0,
Assets/_Project/Audio/SFX/Spells/sfx_spell_somnus_cast_soft_02.ogg,sfx_spell_somnus_cast_soft,2,spells,placeholder,synth:breath dur=0.9 inhale=0 low=300 high=2500 + synth:shimmer dur=0.9 root=392 attack=0.2 tremolo=3 gain=-8,0.9,-8.9,-22.0,13.0,676,0.003,0.0,0.0,0.001,18.7,86.7,0.0,
Assets/_Project/Audio/SFX/Spells/sfx_spell_somnus_cast_loud_01.ogg,sfx_spell_somnus_cast_loud,1,spells,placeholder,synth:horn freq=196 dur=0.8 brass=1.0 + synth:breath dur=0.9 inhale=0,0.885,-8.8,-17.0,8.1,450,0.026,0.001,0.0,0.614,19.9,258.6,0.0,
Assets/_Project/Audio/SFX/Spells/sfx_spell_somnus_apply_01.ogg,sfx_spell_somnus_apply,1,spells,placeholder,synth:whine dur=0.7 f0=500 f1=250 depth=0.01 + synth:breath dur=0.7 inhale=0 gain=-6,0.7,-13.5,-21.9,8.4,415,0.001,0.0,0.0,0.001,22.8,113.0,0.0001,
Assets/_Project/Audio/SFX/Spells/sfx_spell_somnus_apply_02.ogg,sfx_spell_somnus_apply,2,spells,placeholder,synth:whine dur=0.7 f0=500 f1=250 depth=0.01 + synth:breath dur=0.7 inhale=0 gain=-6,0.7,-13.4,-21.9,8.5,415,0.001,0.0,0.0,0.001,22.8,113.0,0.0,
Assets/_Project/Audio/SFX/Spells/sfx_spell_somnus_misfire_01.ogg,sfx_spell_somnus_misfire,1,spells,placeholder,synth:breath dur=0.8 inhale=0 + synth:thump dur=0.3 freq=90 click=0.4,0.8,-3.1,-20.5,17.4,225,0.021,0.002,0.0,0.932,11.8,1.7,0.0,
Assets/_Project/Audio/SFX/Spells/sfx_spell_porta_cast_01.ogg,sfx_spell_porta_cast,1,spells,placeholder,synth:shimmer dur=1.0 root=147 voices=7 attack=0.2 + synth:thump dur=0.6 freq=50 decay=6,1.0,-2.4,-17.0,14.6,234,0.0,0.0,0.0,0.667,18.5,217.4,0.0,
Assets/_Project/Audio/SFX/Spells/sfx_spell_porta_open_01.ogg,sfx_spell_porta_open,1,spells,placeholder,synth:whoosh dur=2.0 f0=80 f1=3000 q=0.8 attack=0.3 + synth:shimmer dur=2 root=110 voices=7 attack=0.3,2.005,-2.5,-17.0,14.6,196,0.0,0.0,0.0,0.774,18.7,348.9,0.0,
Assets/_Project/Audio/SFX/Spells/sfx_spell_porta_loop_01.ogg,sfx_spell_porta_loop,1,spells,generated,synth:drone dur=8 freqs=110/164.8/220 tremolo=0.3 bright=2000,7.5,-10.0,-22.0,12.0,323,0.006,0.0,0.0,0.708,19.7,4242.9,0.0,
Assets/_Project/Audio/SFX/Spells/sfx_spell_porta_misfire_01.ogg,sfx_spell_porta_misfire,1,spells,placeholder,synth:thump dur=0.6 freq=90 click=0.9 decay=8 gain=-8 + synth:reed freq=300 dur=0.5 drop=1.2 gain=-10,0.6,-6.5,-18.9,12.5,315,0.002,0.0,0.0,0.301,22.6,24.8,0.0,
Assets/_Project/Audio/Stingers/sting_spell_misfire_01.ogg,sting_spell_misfire,1,music,placeholder,music:sting kind=spell_misfire,0.7,-12.2,-22.9,10.7,396,0.003,0.0,0.0,0.673,21.5,28.2,0.0,
Assets/_Project/Audio/Stingers/sting_spell_misfire_02.ogg,sting_spell_misfire,2,music,placeholder,music:sting kind=spell_misfire,0.7,-12.3,-22.9,10.7,394,0.003,0.0,0.0,0.665,21.6,27.8,0.0,
Assets/_Project/Audio/Stingers/sting_spell_misfire_03.ogg,sting_spell_misfire,3,music,placeholder,music:sting kind=spell_misfire,0.7,-12.3,-22.9,10.7,394,0.003,0.0,0.0,0.656,21.6,25.9,0.0,
Assets/_Project/Audio/SFX/Status/sfx_status_burning_loop_01.ogg,sfx_status_burning_loop,1,foley,placeholder,synth:crackle dur=4 density=50 body=0.6,3.5,-9.5,-26.5,17.0,185,0.02,0.009,0.001,0.638,17.1,2481.2,0.0,
Assets/_Project/Audio/SFX/Status/sfx_status_burning_out_01.ogg,sfx_status_burning_out,1,foley,placeholder,synth:hiss dur=0.8 low=1500 high=6000 decay=4,0.8,-10.2,-28.5,18.4,3354,0.612,0.148,0.004,0.0,10.2,86.1,0.0,
Assets/_Project/Audio/SFX/Status/sfx_status_asleep_player_loop_01.ogg,sfx_status_asleep_player_loop,1,foley,placeholder,synth:snore dur=3.5 pitch=40,3.0,-6.9,-26.5,19.6,146,0.003,0.0,0.0,0.537,16.1,728.7,0.0,
Assets/_Project/Audio/SFX/Status/sfx_status_asleep_player_loop_02.ogg,sfx_status_asleep_player_loop,2,foley,placeholder,synth:snore dur=3.5 pitch=40,3.0,-8.1,-26.5,18.3,94,0.002,0.0,0.0,0.468,16.1,693.7,0.0,
Assets/_Project/Audio/SFX/Status/sfx_status_stagger_01.ogg,sfx_status_stagger,1,foley,generated,synth:whine dur=1.0 f0=1400 f1=1300 depth=0.005,0.8,-20.4,-28.0,7.6,1474,0.082,0.0,0.0,0.0,22.7,137.8,0.0,
Assets/_Project/Audio/SFX/Status/sfx_status_stagger_02.ogg,sfx_status_stagger,2,foley,generated,synth:whine dur=1.0 f0=1400 f1=1300 depth=0.005,0.8,-20.4,-28.0,7.6,1474,0.082,0.0,0.0,0.0,22.7,137.8,0.0,
Assets/_Project/Audio/SFX/Status/sfx_status_levitating_loop_01.ogg,sfx_status_levitating_loop,1,foley,generated,synth:whine dur=3 f0=600 f1=600 wobble=5 depth=0.06,2.5,-20.6,-27.9,7.4,649,0.0,0.0,0.0,0.0,22.7,603.1,0.0,
Assets/_Project/Audio/Foley/foley_step_stone_01.ogg,foley_step_stone,1,foley,library-cc0,kenney:impact-sounds/footstep_concrete_*,0.106,-5.9,-26.5,20.6,157,0.0,0.0,0.0,0.316,19.8,1.1,0.0,
Assets/_Project/Audio/Foley/foley_step_stone_02.ogg,foley_step_stone,2,foley,library-cc0,kenney:impact-sounds/footstep_concrete_*,0.108,-4.9,-26.5,21.6,209,0.005,0.002,0.001,0.281,16.8,1.0,0.0,
Assets/_Project/Audio/Foley/foley_step_stone_03.ogg,foley_step_stone,3,foley,library-cc0,kenney:impact-sounds/footstep_concrete_*,0.113,-4.1,-26.5,22.5,216,0.005,0.002,0.001,0.275,16.3,1.0,0.0,
Assets/_Project/Audio/Foley/foley_step_stone_04.ogg,foley_step_stone,4,foley,library-cc0,kenney:impact-sounds/footstep_concrete_*,0.111,-5.2,-26.5,21.3,137,0.001,0.0,0.0,0.234,17.8,1.0,0.0,
Assets/_Project/Audio/Foley/foley_step_stone_05.ogg,foley_step_stone,5,foley,library-cc0,kenney:impact-sounds/footstep_concrete_*,0.114,-5.7,-26.6,20.8,166,0.0,0.0,0.0,0.246,19.7,1.1,0.0,
Assets/_Project/Audio/Foley/foley_step_stone_06.ogg,foley_step_stone,6,foley,library-cc0,kenney:impact-sounds/footstep_concrete_*,0.101,-6.0,-26.6,20.6,152,0.0,0.0,0.0,0.245,20.1,1.1,0.0,
Assets/_Project/Audio/Foley/foley_step_wood_01.ogg,foley_step_wood,1,foley,library-cc0,kenney:impact-sounds/footstep_wood_*,0.25,-6.5,-26.5,20.0,107,0.0,0.0,0.0,0.895,23.6,2.2,0.0003,
Assets/_Project/Audio/Foley/foley_step_wood_02.ogg,foley_step_wood,2,foley,library-cc0,kenney:impact-sounds/footstep_wood_*,0.252,-7.3,-26.5,19.2,110,0.0,0.0,0.0,0.953,22.2,2.5,0.0,
Assets/_Project/Audio/Foley/foley_step_wood_03.ogg,foley_step_wood,3,foley,library-cc0,kenney:impact-sounds/footstep_wood_*,0.251,-7.8,-26.5,18.6,101,0.0,0.0,0.0,0.93,18.2,2.8,0.0,
Assets/_Project/Audio/Foley/foley_step_wood_04.ogg,foley_step_wood,4,foley,library-cc0,kenney:impact-sounds/footstep_wood_*,0.252,-5.9,-26.4,20.5,103,0.0,0.0,0.0,0.841,21.0,1.9,0.0002,
Assets/_Project/Audio/Foley/foley_step_wood_05.ogg,foley_step_wood,5,foley,library-cc0,kenney:impact-sounds/footstep_wood_*,0.248,-7.8,-26.5,18.7,91,0.0,0.0,0.0,0.899,20.1,2.9,0.0,
Assets/_Project/Audio/Foley/foley_step_wood_06.ogg,foley_step_wood,6,foley,library-cc0,kenney:impact-sounds/footstep_wood_*,0.238,-6.5,-26.5,20.0,111,0.0,0.0,0.0,0.889,22.0,2.1,0.0002,
Assets/_Project/Audio/Foley/foley_step_earth_01.ogg,foley_step_earth,1,foley,library-cc0,kenney:impact-sounds/footstep_grass_* shift=0.85,0.186,-3.9,-26.4,22.5,509,0.036,0.006,0.003,0.487,16.5,1.1,0.0,
Assets/_Project/Audio/Foley/foley_step_earth_02.ogg,foley_step_earth,2,foley,library-cc0,kenney:impact-sounds/footstep_grass_* shift=0.85,0.172,-5.0,-26.6,21.5,748,0.071,0.012,0.005,0.424,14.4,1.1,0.0,
Assets/_Project/Audio/Foley/foley_step_earth_03.ogg,foley_step_earth,3,foley,library-cc0,kenney:impact-sounds/footstep_grass_* shift=0.85,0.177,-4.4,-26.5,22.1,812,0.069,0.011,0.006,0.377,16.6,1.1,0.0,
Assets/_Project/Audio/Foley/foley_step_earth_04.ogg,foley_step_earth,4,foley,library-cc0,kenney:impact-sounds/footstep_grass_* shift=0.85,0.157,-4.5,-26.6,22.1,462,0.03,0.006,0.002,0.502,16.1,1.1,0.0,
Assets/_Project/Audio/Foley/foley_step_earth_05.ogg,foley_step_earth,5,foley,library-cc0,kenney:impact-sounds/footstep_grass_* shift=0.85,0.14,-5.5,-26.5,21.0,527,0.04,0.006,0.003,0.496,16.9,1.1,0.0001,
Assets/_Project/Audio/Foley/foley_step_earth_06.ogg,foley_step_earth,6,foley,library-cc0,kenney:impact-sounds/footstep_grass_* shift=0.85,0.177,-4.0,-26.5,22.5,539,0.035,0.007,0.003,0.46,15.9,1.1,0.0,
Assets/_Project/Audio/Foley/foley_step_rushes_01.ogg,foley_step_rushes,1,foley,library-cc0,kenney:impact-sounds/footstep_grass_* shift=1.1,0.144,-3.9,-26.5,22.6,683,0.042,0.009,0.005,0.298,16.4,1.0,0.0,
Assets/_Project/Audio/Foley/foley_step_rushes_02.ogg,foley_step_rushes,2,foley,library-cc0,kenney:impact-sounds/footstep_grass_* shift=1.1,0.133,-5.3,-26.6,21.3,1014,0.103,0.022,0.007,0.385,14.9,1.0,0.0,
Assets/_Project/Audio/Foley/foley_step_rushes_03.ogg,foley_step_rushes,3,foley,library-cc0,kenney:impact-sounds/footstep_grass_* shift=1.1,0.137,-4.0,-26.5,22.5,1018,0.086,0.021,0.008,0.316,14.6,1.0,0.0,
Assets/_Project/Audio/Foley/foley_step_rushes_04.ogg,foley_step_rushes,4,foley,library-cc0,kenney:impact-sounds/footstep_grass_* shift=1.1,0.122,-4.1,-26.5,22.4,618,0.043,0.009,0.004,0.299,17.0,1.0,0.0,
Assets/_Project/Audio/Foley/foley_step_rushes_05.ogg,foley_step_rushes,5,foley,library-cc0,kenney:impact-sounds/footstep_grass_* shift=1.1,0.109,-5.1,-26.6,21.5,729,0.053,0.011,0.005,0.229,15.3,1.0,0.0,
Assets/_Project/Audio/Foley/foley_step_rushes_06.ogg,foley_step_rushes,6,foley,library-cc0,kenney:impact-sounds/footstep_grass_* shift=1.1,0.137,-3.8,-26.5,22.6,708,0.041,0.011,0.005,0.314,16.0,0.9,0.0,
Assets/_Project/Audio/Foley/foley_step_tile_01.ogg,foley_step_tile,1,foley,library-cc0,kenney:impact-sounds/footstep_concrete_* shift=1.2,0.088,-5.8,-26.6,20.7,136,0.0,0.0,0.0,0.174,18.0,1.0,0.0,
Assets/_Project/Audio/Foley/foley_step_tile_02.ogg,foley_step_tile,2,foley,library-cc0,kenney:impact-sounds/footstep_concrete_* shift=1.2,0.09,-4.8,-26.6,21.7,226,0.006,0.002,0.001,0.258,16.0,1.0,0.0,
Assets/_Project/Audio/Foley/foley_step_tile_03.ogg,foley_step_tile,3,foley,library-cc0,kenney:impact-sounds/footstep_concrete_* shift=1.2,0.094,-3.9,-26.5,22.6,234,0.005,0.002,0.001,0.249,15.3,0.9,0.0,
Assets/_Project/Audio/Foley/foley_step_tile_04.ogg,foley_step_tile,4,foley,library-cc0,kenney:impact-sounds/footstep_concrete_* shift=1.2,0.092,-5.2,-26.6,21.4,134,0.001,0.0,0.0,0.177,18.7,0.9,0.0,
Assets/_Project/Audio/Foley/foley_step_tile_05.ogg,foley_step_tile,5,foley,library-cc0,kenney:impact-sounds/footstep_concrete_* shift=1.2,0.095,-5.3,-26.5,21.1,170,0.0,0.0,0.0,0.136,18.3,1.0,0.0,
Assets/_Project/Audio/Foley/foley_step_tile_06.ogg,foley_step_tile,6,foley,library-cc0,kenney:impact-sounds/footstep_concrete_* shift=1.2,0.084,-5.8,-26.4,20.6,159,0.0,0.0,0.0,0.151,17.5,1.0,0.0,
Assets/_Project/Audio/Foley/foley_step_metal_01.ogg,foley_step_metal,1,foley,library-cc0,kenney:impact-sounds/impactMetal_light_* gain=-8,0.248,-6.7,-25.0,18.3,2680,0.776,0.0,0.0,0.0,19.3,6.9,0.0,
Assets/_Project/Audio/Foley/foley_step_metal_02.ogg,foley_step_metal,2,foley,library-cc0,kenney:impact-sounds/impactMetal_light_* gain=-8,0.233,-6.0,-25.2,19.2,2410,0.783,0.0,0.0,0.0,19.7,1.4,0.0,
Assets/_Project/Audio/Foley/foley_step_metal_03.ogg,foley_step_metal,3,foley,library-cc0,kenney:impact-sounds/impactMetal_light_* gain=-8,0.187,-6.5,-25.1,18.5,2985,0.757,0.0,0.0,0.0,19.8,5.8,0.0,
Assets/_Project/Audio/Foley/foley_step_metal_04.ogg,foley_step_metal,4,foley,library-cc0,kenney:impact-sounds/impactMetal_light_* gain=-8,0.346,-8.0,-25.1,17.1,2963,0.761,0.0,0.0,0.0,19.8,5.9,0.0,
Assets/_Project/Audio/Foley/foley_step_water_01.ogg,foley_step_water,1,foley,placeholder,synth:drips dur=0.25 rate=12 + synth:whoosh dur=0.2 f0=400 f1=1500 gain=-6,0.214,-12.3,-26.5,14.2,836,0.0,0.0,0.0,0.0,16.5,2.8,0.0,
Assets/_Project/Audio/Foley/foley_step_water_02.ogg,foley_step_water,2,foley,placeholder,synth:drips dur=0.25 rate=12 + synth:whoosh dur=0.2 f0=400 f1=1500 gain=-6,0.215,-12.8,-27.0,14.2,1157,0.002,0.0,0.0,0.0,17.8,2.4,0.0,
Assets/_Project/Audio/Foley/foley_step_water_03.ogg,foley_step_water,3,foley,placeholder,synth:drips dur=0.25 rate=12 + synth:whoosh dur=0.2 f0=400 f1=1500 gain=-6,0.201,-13.7,-26.7,13.0,759,0.0,0.0,0.0,0.0,18.5,83.2,0.0,
Assets/_Project/Audio/Foley/foley_step_water_04.ogg,foley_step_water,4,foley,placeholder,synth:drips dur=0.25 rate=12 + synth:whoosh dur=0.2 f0=400 f1=1500 gain=-6,0.229,-12.7,-27.0,14.3,1271,0.001,0.0,0.0,0.0,16.4,144.9,0.0,
Assets/_Project/Audio/Foley/foley_robe_move_01.ogg,foley_robe_move,1,foley,library-cc0,kenney:rpg-audio/cloth*,0.585,-6.2,-28.0,21.9,457,0.035,0.006,0.001,0.549,15.4,192.9,0.0,
Assets/_Project/Audio/Foley/foley_robe_move_02.ogg,foley_robe_move,2,foley,library-cc0,kenney:rpg-audio/cloth*,0.363,-9.2,-28.1,19.0,628,0.048,0.009,0.001,0.376,16.0,23.1,0.0,
Assets/_Project/Audio/Foley/foley_robe_move_03.ogg,foley_robe_move,3,foley,library-cc0,kenney:rpg-audio/cloth*,0.477,-9.3,-28.1,18.8,312,0.017,0.004,0.0,0.648,18.2,116.2,0.0,
Assets/_Project/Audio/Foley/foley_robe_move_04.ogg,foley_robe_move,4,foley,library-cc0,kenney:rpg-audio/cloth*,0.384,-7.9,-28.1,20.3,1113,0.079,0.038,0.014,0.243,16.9,60.8,0.0,
Assets/_Project/Audio/Foley/foley_robe_move_05.ogg,foley_robe_move,5,foley,library-cc0,kenney:rpg-audio/cloth*,0.698,-1.5,-29.1,27.6,6009,0.608,0.224,0.097,0.008,15.6,500.9,0.0,
Assets/_Project/Audio/Foley/foley_robe_move_06.ogg,foley_robe_move,6,foley,library-cc0,kenney:rpg-audio/cloth*,0.559,-5.1,-28.3,23.2,5934,0.369,0.287,0.139,0.045,15.0,50.7,0.0,
Assets/_Project/Audio/Foley/foley_player_jump_01.ogg,foley_player_jump,1,foley,library-cc0,kenney:rpg-audio/cloth* + synth:thump dur=0.1 freq=100 click=0.3 gain=-10,0.585,-7.7,-26.5,18.8,319,0.022,0.004,0.0,0.733,15.3,241.4,0.0,
Assets/_Project/Audio/Foley/foley_player_jump_02.ogg,foley_player_jump,2,foley,library-cc0,kenney:rpg-audio/cloth* + synth:thump dur=0.1 freq=100 click=0.3 gain=-10,0.363,-13.7,-26.5,12.8,262,0.013,0.002,0.0,0.809,16.0,1.7,0.0,
Assets/_Project/Audio/Foley/foley_player_land_01.ogg,foley_player_land,1,foley,library-cc0,kenney:impact-sounds/impactSoft_medium_*,0.118,-13.1,-26.5,13.3,98,0.0,0.0,0.0,0.957,22.3,3.9,0.0007,
Assets/_Project/Audio/Foley/foley_player_land_02.ogg,foley_player_land,2,foley,library-cc0,kenney:impact-sounds/impactSoft_medium_*,0.183,-12.4,-26.4,14.0,87,0.0,0.0,0.0,0.981,23.0,4.3,0.0017,
Assets/_Project/Audio/Foley/foley_player_land_03.ogg,foley_player_land,3,foley,library-cc0,kenney:impact-sounds/impactSoft_medium_*,0.135,-13.2,-26.4,13.3,83,0.0,0.0,0.0,0.964,21.8,4.3,0.0017,
Assets/_Project/Audio/Foley/foley_player_land_heavy_01.ogg,foley_player_land_heavy,1,foley,library-cc0,kenney:impact-sounds/impactSoft_heavy_*,0.505,-8.6,-25.0,16.3,97,0.0,0.0,0.0,0.997,23.2,5.0,0.001,
Assets/_Project/Audio/Foley/foley_player_land_heavy_02.ogg,foley_player_land_heavy,2,foley,library-cc0,kenney:impact-sounds/impactSoft_heavy_*,0.572,-8.5,-24.9,16.5,89,0.0,0.0,0.0,0.997,22.6,5.2,0.0027,
Assets/_Project/Audio/Foley/foley_player_dodge_01.ogg,foley_player_dodge,1,foley,library-cc0,synth:whoosh dur=0.25 f0=500 f1=2500 + kenney:rpg-audio/cloth* gain=-4,0.585,-7.7,-26.6,19.0,747,0.044,0.004,0.0,0.317,14.2,52.5,0.0,
Assets/_Project/Audio/Foley/foley_player_dodge_02.ogg,foley_player_dodge,2,foley,library-cc0,synth:whoosh dur=0.25 f0=500 f1=2500 + kenney:rpg-audio/cloth* gain=-4,0.363,-9.5,-26.7,17.1,959,0.053,0.003,0.0,0.115,14.8,48.2,0.0,
Assets/_Project/Audio/Foley/foley_player_dodge_03.ogg,foley_player_dodge,3,foley,library-cc0,synth:whoosh dur=0.25 f0=500 f1=2500 + kenney:rpg-audio/cloth* gain=-4,0.477,-9.5,-26.8,17.4,818,0.059,0.002,0.0,0.306,17.5,136.0,0.0,
Assets/_Project/Audio/SFX/Player/sfx_player_hurt_01.ogg,sfx_player_hurt,1,world,library-cc0,kenney:impact-sounds/impactPunch_medium_*,0.284,-5.2,-19.6,14.4,164,0.001,0.0,0.0,0.455,20.1,25.1,0.0,
Assets/_Project/Audio/SFX/Player/sfx_player_hurt_02.ogg,sfx_player_hurt,2,world,library-cc0,kenney:impact-sounds/impactPunch_medium_*,0.267,-5.5,-19.5,14.0,191,0.0,0.0,0.0,0.451,20.0,27.0,0.0001,
Assets/_Project/Audio/SFX/Player/sfx_player_hurt_03.ogg,sfx_player_hurt,3,world,library-cc0,kenney:impact-sounds/impactPunch_medium_*,0.355,-3.7,-19.6,15.9,197,0.0,0.0,0.0,0.577,20.4,25.6,0.0,
Assets/_Project/Audio/SFX/Player/sfx_player_hurt_04.ogg,sfx_player_hurt,4,world,library-cc0,kenney:impact-sounds/impactPunch_medium_*,0.299,-4.0,-19.5,15.5,191,0.0,0.0,0.0,0.397,20.6,24.4,0.0,
Assets/_Project/Audio/SFX/Player/sfx_player_hurt_heavy_01.ogg,sfx_player_hurt_heavy,1,world,library-cc0,kenney:impact-sounds/impactPunch_heavy_*,0.493,-2.2,-18.0,15.8,123,0.0,0.0,0.0,0.827,21.1,1.4,0.0,
Assets/_Project/Audio/SFX/Player/sfx_player_hurt_heavy_02.ogg,sfx_player_hurt_heavy,2,world,library-cc0,kenney:impact-sounds/impactPunch_heavy_*,0.414,-2.8,-18.1,15.3,140,0.0,0.0,0.0,0.765,20.0,1.2,0.0001,
Assets/_Project/Audio/SFX/Player/sfx_player_heartbeat_loop_01.ogg,sfx_player_heartbeat_loop,1,world,generated,synth:heartbeat bpm=70 beats=4,2.929,-3.6,-21.0,17.4,54,0.0,0.0,0.0,0.971,21.6,639.6,0.0006,
Assets/_Project/Audio/SFX/Player/sfx_player_downed_01.ogg,sfx_player_downed,1,world,library-cc0,kenney:impact-sounds/impactSoft_heavy_* + kenney:rpg-audio/dropLeather*,0.505,-2.2,-18.0,15.8,173,0.005,0.003,0.001,0.941,18.3,4.9,0.0001,
Assets/_Project/Audio/SFX/Player/sfx_player_death_01.ogg,sfx_player_death,1,world,library-cc0,kenney:impact-sounds/impactSoft_heavy_* + synth:bell_toll freq=110 dur=4 gain=-6,4.0,-1.2,-20.9,19.7,78,0.0,0.0,0.0,0.992,22.5,1.9,0.0003,
Assets/_Project/Audio/SFX/Player/sfx_player_carried_loop_01.ogg,sfx_player_carried_loop,1,world,library-cc0,kenney:rpg-audio/cloth* + synth:creak dur=2 rate=8 pitch=300 gain=-12,1.5,-1.5,-27.0,25.4,694,0.067,0.008,0.0,0.388,14.0,161.6,0.0,
Assets/_Project/Audio/SFX/Grab/sfx_grab_beam_start_01.ogg,sfx_grab_beam_start,1,physics,generated,synth:whine dur=0.2 f0=500 f1=1500 depth=0 + synth:shimmer dur=0.2 root=880 attack=0.1 gain=-8,0.2,-8.6,-22.0,13.4,1053,0.072,0.0,0.0,0.0,18.9,30.4,0.0,
Assets/_Project/Audio/SFX/Grab/sfx_grab_beam_loop_01.ogg,sfx_grab_beam_loop,1,physics,generated,synth:hum dur=3 freq=220 tremolo=6 harm=0.4,2.5,-15.3,-21.9,6.7,262,0.0,0.0,0.0,0.83,22.0,1040.1,0.0,
Assets/_Project/Audio/SFX/Grab/sfx_grab_beam_release_01.ogg,sfx_grab_beam_release,1,physics,generated,synth:whine dur=0.15 f0=1200 f1=400 depth=0,0.15,-13.7,-22.0,8.3,839,0.003,0.0,0.0,0.0,19.3,22.1,0.0,
Assets/_Project/Audio/SFX/Grab/sfx_grab_pickup_light_01.ogg,sfx_grab_pickup_light,1,physics,library-cc0,kenney:rpg-audio/handleSmallLeather* lp=8000 + kenney:rpg-audio/beltHandle* gain=-6 lp=7000,0.231,-1.1,-22.1,21.0,2218,0.161,0.167,0.001,0.347,12.5,109.6,0.0,
Assets/_Project/Audio/SFX/Grab/sfx_grab_pickup_light_02.ogg,sfx_grab_pickup_light,2,physics,library-cc0,kenney:rpg-audio/handleSmallLeather* lp=8000 + kenney:rpg-audio/beltHandle* gain=-6 lp=7000,0.394,-1.9,-25.4,23.4,3520,0.446,0.197,0.005,0.022,12.4,52.0,0.0,
Assets/_Project/Audio/SFX/Grab/sfx_grab_pickup_light_03.ogg,sfx_grab_pickup_light,3,physics,library-cc0,kenney:rpg-audio/handleSmallLeather* lp=8000 + kenney:rpg-audio/beltHandle* gain=-6 lp=7000,0.22,-1.4,-22.6,21.3,1534,0.096,0.126,0.001,0.386,12.9,104.4,0.0,
Assets/_Project/Audio/SFX/Grab/sfx_grab_pickup_heavy_01.ogg,sfx_grab_pickup_heavy,1,physics,library-cc0,kenney:impact-sounds/impactPlank_medium_* gain=-6 pitch=0.8,0.418,-1.2,-21.0,19.9,180,0.001,0.0,0.0,0.934,20.7,8.6,0.0,
Assets/_Project/Audio/SFX/Grab/sfx_grab_pickup_heavy_02.ogg,sfx_grab_pickup_heavy,2,physics,library-cc0,kenney:impact-sounds/impactPlank_medium_* gain=-6 pitch=0.8,0.409,-3.6,-20.4,16.8,142,0.0,0.0,0.0,0.958,21.0,23.5,0.0,
Assets/_Project/Audio/SFX/Grab/sfx_grab_pickup_heavy_03.ogg,sfx_grab_pickup_heavy,3,physics,library-cc0,kenney:impact-sounds/impactPlank_medium_* gain=-6 pitch=0.8,0.413,-3.1,-20.5,17.4,135,0.0,0.0,0.0,0.926,20.2,12.7,0.0001,
Assets/_Project/Audio/SFX/Grab/sfx_carry_strain_loop_01.ogg,sfx_carry_strain_loop,1,physics,placeholder,synth:creak dur=3 rate=12 pitch=250 rise=0.8,2.5,-1.2,-25.3,24.1,464,0.003,0.0,0.0,0.15,12.4,827.0,0.0,
Assets/_Project/Audio/SFX/Grab/sfx_throw_whoosh_light_01.ogg,sfx_throw_whoosh_light,1,physics,placeholder,synth:whoosh dur=0.25 f0=600 f1=3500,0.261,-8.1,-22.6,14.5,1619,0.245,0.003,0.0,0.0,12.2,66.6,0.0,
Assets/_Project/Audio/SFX/Grab/sfx_throw_whoosh_light_02.ogg,sfx_throw_whoosh_light,2,physics,placeholder,synth:whoosh dur=0.25 f0=600 f1=3500,0.248,-8.0,-22.3,14.3,1425,0.163,0.002,0.0,0.0,13.0,78.6,0.0,
Assets/_Project/Audio/SFX/Grab/sfx_throw_whoosh_light_03.ogg,sfx_throw_whoosh_light,3,physics,placeholder,synth:whoosh dur=0.25 f0=600 f1=3500,0.234,-7.8,-22.4,14.7,1473,0.177,0.003,0.0,0.0,14.1,70.0,0.0,
Assets/_Project/Audio/SFX/Grab/sfx_throw_whoosh_heavy_01.ogg,sfx_throw_whoosh_heavy,1,physics,placeholder,synth:whoosh dur=0.5 f0=150 f1=1500 q=1.0,0.503,-4.0,-20.6,16.6,497,0.003,0.0,0.0,0.156,16.4,190.4,0.0,
Assets/_Project/Audio/SFX/Grab/sfx_throw_whoosh_heavy_02.ogg,sfx_throw_whoosh_heavy,2,physics,placeholder,synth:whoosh dur=0.5 f0=150 f1=1500 q=1.0,0.526,-5.0,-20.6,15.6,482,0.003,0.0,0.0,0.191,16.2,152.7,0.0,
Assets/_Project/Audio/SFX/Grab/sfx_throw_whoosh_heavy_03.ogg,sfx_throw_whoosh_heavy,3,physics,placeholder,synth:whoosh dur=0.5 f0=150 f1=1500 q=1.0,0.533,-4.7,-20.6,15.9,520,0.004,0.0,0.0,0.105,15.0,165.7,0.0,
Assets/_Project/Audio/Physics/phys_impact_stone_light_01.ogg,phys_impact_stone_light,1,physics,library-cc0,kenney:impact-sounds/impactMining_*,0.675,-2.5,-20.5,18.0,107,0.004,0.001,0.0,0.984,20.1,13.3,0.0,
Assets/_Project/Audio/Physics/phys_impact_stone_light_02.ogg,phys_impact_stone_light,2,physics,library-cc0,kenney:impact-sounds/impactMining_*,0.625,-1.8,-20.5,18.6,140,0.006,0.002,0.0,0.974,20.4,10.0,0.0,
Assets/_Project/Audio/Physics/phys_impact_stone_light_03.ogg,phys_impact_stone_light,3,physics,library-cc0,kenney:impact-sounds/impactMining_*,0.522,-1.1,-20.9,19.8,112,0.012,0.001,0.0,0.976,20.0,7.9,0.0,
Assets/_Project/Audio/Physics/phys_impact_stone_light_04.ogg,phys_impact_stone_light,4,physics,library-cc0,kenney:impact-sounds/impactMining_*,0.668,-1.1,-21.7,20.6,137,0.01,0.002,0.0,0.979,20.6,7.6,0.0,
Assets/_Project/Audio/Physics/phys_impact_stone_heavy_01.ogg,phys_impact_stone_heavy,1,physics,library-cc0,kenney:impact-sounds/impactMining_* shift=0.7,0.964,-1.0,-19.1,18.1,77,0.002,0.001,0.0,0.982,19.7,18.6,0.0,
Assets/_Project/Audio/Physics/phys_impact_stone_heavy_02.ogg,phys_impact_stone_heavy,2,physics,library-cc0,kenney:impact-sounds/impactMining_* shift=0.7,0.893,-1.1,-19.6,18.5,96,0.003,0.001,0.0,0.977,20.1,14.7,0.0,
Assets/_Project/Audio/Physics/phys_impact_stone_heavy_03.ogg,phys_impact_stone_heavy,3,physics,library-cc0,kenney:impact-sounds/impactMining_* shift=0.7,0.745,-1.4,-21.2,19.8,81,0.009,0.0,0.0,0.951,19.9,11.1,0.0,
Assets/_Project/Audio/Physics/phys_impact_wood_light_01.ogg,phys_impact_wood_light,1,physics,library-cc0,kenney:impact-sounds/impactWood_light_*,0.123,-2.1,-20.5,18.4,374,0.0,0.0,0.0,0.009,19.8,2.9,0.0,
Assets/_Project/Audio/Physics/phys_impact_wood_light_02.ogg,phys_impact_wood_light,2,physics,library-cc0,kenney:impact-sounds/impactWood_light_*,0.266,-1.0,-24.6,23.6,311,0.0,0.0,0.0,0.142,19.3,1.0,0.0,
Assets/_Project/Audio/Physics/phys_impact_wood_light_03.ogg,phys_impact_wood_light,3,physics,library-cc0,kenney:impact-sounds/impactWood_light_*,0.127,-2.4,-20.5,18.1,351,0.0,0.0,0.0,0.054,19.3,3.0,0.0,
Assets/_Project/Audio/Physics/phys_impact_wood_light_04.ogg,phys_impact_wood_light,4,physics,library-cc0,kenney:impact-sounds/impactWood_light_*,0.266,-1.3,-24.7,23.4,282,0.0,0.0,0.0,0.349,19.8,1.0,0.0,
Assets/_Project/Audio/Physics/phys_impact_wood_heavy_01.ogg,phys_impact_wood_heavy,1,physics,library-cc0,kenney:impact-sounds/impactWood_heavy_*,0.313,-1.3,-20.0,18.7,113,0.0,0.0,0.0,0.967,21.7,3.4,0.0,
Assets/_Project/Audio/Physics/phys_impact_wood_heavy_02.ogg,phys_impact_wood_heavy,2,physics,library-cc0,kenney:impact-sounds/impactWood_heavy_*,0.313,-1.2,-20.1,18.9,122,0.0,0.0,0.0,0.971,24.3,3.3,0.0,
Assets/_Project/Audio/Physics/phys_impact_wood_heavy_03.ogg,phys_impact_wood_heavy,3,physics,library-cc0,kenney:impact-sounds/impactWood_heavy_*,0.313,-1.1,-19.1,18.0,91,0.0,0.0,0.0,0.951,22.8,4.0,0.0012,
Assets/_Project/Audio/Physics/phys_impact_metal_light_01.ogg,phys_impact_metal_light,1,physics,library-cc0,kenney:impact-sounds/impactMetal_light_*,0.248,-1.3,-19.5,18.3,2681,0.776,0.0,0.0,0.0,19.3,6.9,0.0,
Assets/_Project/Audio/Physics/phys_impact_metal_light_02.ogg,phys_impact_metal_light,2,physics,library-cc0,kenney:impact-sounds/impactMetal_light_*,0.233,-1.4,-20.7,19.3,2417,0.784,0.0,0.0,0.0,19.7,1.4,0.0,
Assets/_Project/Audio/Physics/phys_impact_metal_light_03.ogg,phys_impact_metal_light,3,physics,library-cc0,kenney:impact-sounds/impactMetal_light_*,0.187,-1.3,-19.7,18.4,2987,0.758,0.0,0.0,0.0,19.8,5.8,0.0,
Assets/_Project/Audio/Physics/phys_impact_metal_light_04.ogg,phys_impact_metal_light,4,physics,library-cc0,kenney:impact-sounds/impactMetal_light_*,0.346,-1.9,-19.1,17.2,2973,0.763,0.0,0.0,0.0,19.8,5.9,0.0,
Assets/_Project/Audio/Physics/phys_impact_metal_heavy_01.ogg,phys_impact_metal_heavy,1,physics,library-cc0,kenney:impact-sounds/impactMetal_heavy_*,0.168,-1.0,-20.9,19.8,1176,0.168,0.0,0.0,0.103,19.8,1.7,0.0,
Assets/_Project/Audio/Physics/phys_impact_metal_heavy_02.ogg,phys_impact_metal_heavy,2,physics,library-cc0,kenney:impact-sounds/impactMetal_heavy_*,0.359,-1.1,-23.8,22.7,1761,0.285,0.0,0.0,0.051,20.4,1.8,0.0001,
Assets/_Project/Audio/Physics/phys_impact_metal_heavy_03.ogg,phys_impact_metal_heavy,3,physics,library-cc0,kenney:impact-sounds/impactMetal_heavy_*,0.117,-1.4,-19.2,17.8,846,0.149,0.0,0.0,0.135,20.3,1.7,0.0,
Assets/_Project/Audio/Physics/phys_impact_bronze_light_01.ogg,phys_impact_bronze_light,1,physics,library-cc0,kenney:impact-sounds/impactBell_heavy_* shift=1.3,0.982,-1.3,-25.8,24.5,640,0.0,0.0,0.0,0.0,19.7,0.8,0.0,
Assets/_Project/Audio/Physics/phys_impact_bronze_light_02.ogg,phys_impact_bronze_light,2,physics,library-cc0,kenney:impact-sounds/impactBell_heavy_* shift=1.3,1.197,-1.3,-24.4,23.1,463,0.003,0.0,0.0,0.0,20.2,1.1,0.0,
Assets/_Project/Audio/Physics/phys_impact_bronze_light_03.ogg,phys_impact_bronze_light,3,physics,library-cc0,kenney:impact-sounds/impactBell_heavy_* shift=1.3,0.521,-1.3,-24.3,23.0,454,0.0,0.0,0.0,0.001,18.8,0.9,0.0,
Assets/_Project/Audio/Physics/phys_impact_bronze_heavy_01.ogg,phys_impact_bronze_heavy,1,physics,library-cc0,kenney:impact-sounds/impactBell_heavy_*,1.276,-1.4,-25.7,24.3,492,0.0,0.0,0.0,0.0,19.8,1.0,0.0,
Assets/_Project/Audio/Physics/phys_impact_bronze_heavy_02.ogg,phys_impact_bronze_heavy,2,physics,library-cc0,kenney:impact-sounds/impactBell_heavy_*,1.556,-1.4,-24.3,22.9,356,0.0,0.0,0.0,0.389,20.5,1.4,0.0,
Assets/_Project/Audio/Physics/phys_impact_bronze_heavy_03.ogg,phys_impact_bronze_heavy,3,physics,library-cc0,kenney:impact-sounds/impactBell_heavy_*,0.677,-1.1,-24.1,23.0,342,0.0,0.0,0.0,0.408,19.1,1.1,0.0,
Assets/_Project/Audio/Physics/phys_impact_gold_light_01.ogg,phys_impact_gold_light,1,physics,placeholder,synth:metal_ring dur=0.8 freq=1600 decay=5 clank=0.3,0.8,-1.3,-19.7,18.4,1937,0.288,0.013,0.0,0.0,22.1,1.4,0.0,
Assets/_Project/Audio/Physics/phys_impact_gold_light_02.ogg,phys_impact_gold_light,2,physics,placeholder,synth:metal_ring dur=0.8 freq=1600 decay=5 clank=0.3,0.8,-1.2,-20.0,18.8,2009,0.291,0.013,0.0,0.0,22.9,5.4,0.0,
Assets/_Project/Audio/Physics/phys_impact_gold_light_03.ogg,phys_impact_gold_light,3,physics,placeholder,synth:metal_ring dur=0.8 freq=1600 decay=5 clank=0.3,0.8,-1.2,-19.4,18.2,2090,0.291,0.013,0.0,0.0,21.8,1.3,0.0,
Assets/_Project/Audio/Physics/phys_impact_gold_heavy_01.ogg,phys_impact_gold_heavy,1,physics,placeholder,synth:metal_ring dur=1.2 freq=900 decay=3 clank=0.5,1.2,-1.0,-19.1,18.1,1057,0.04,0.0,0.0,0.0,23.0,5.3,0.0,
Assets/_Project/Audio/Physics/phys_impact_gold_heavy_02.ogg,phys_impact_gold_heavy,2,physics,placeholder,synth:metal_ring dur=1.2 freq=900 decay=3 clank=0.5,1.2,-1.2,-19.5,18.2,1110,0.04,0.0,0.0,0.0,22.6,14.2,0.0,
Assets/_Project/Audio/Physics/phys_impact_ceramic_light_01.ogg,phys_impact_ceramic_light,1,physics,library-cc0,kenney:impact-sounds/impactPlate_light_*,0.48,-1.2,-25.1,23.9,601,0.063,0.02,0.005,0.666,18.1,8.9,0.0,
Assets/_Project/Audio/Physics/phys_impact_ceramic_light_02.ogg,phys_impact_ceramic_light,2,physics,library-cc0,kenney:impact-sounds/impactPlate_light_*,0.585,-1.6,-26.6,25.0,935,0.108,0.03,0.008,0.515,18.4,6.5,0.0,
Assets/_Project/Audio/Physics/phys_impact_ceramic_light_03.ogg,phys_impact_ceramic_light,3,physics,library-cc0,kenney:impact-sounds/impactPlate_light_*,0.427,-1.5,-24.9,23.4,957,0.124,0.024,0.009,0.468,20.4,8.7,0.0,
Assets/_Project/Audio/Physics/phys_impact_ceramic_light_04.ogg,phys_impact_ceramic_light,4,physics,library-cc0,kenney:impact-sounds/impactPlate_light_*,0.47,-1.8,-24.3,22.5,827,0.097,0.02,0.01,0.458,18.6,8.1,0.0,
Assets/_Project/Audio/Physics/phys_impact_glass_light_01.ogg,phys_impact_glass_light,1,physics,library-cc0,kenney:impact-sounds/impactGlass_light_*,0.146,-3.3,-20.8,17.5,1517,0.007,0.0,0.0,0.0,19.4,1.2,0.0,
Assets/_Project/Audio/Physics/phys_impact_glass_light_02.ogg,phys_impact_glass_light,2,physics,library-cc0,kenney:impact-sounds/impactGlass_light_*,0.163,-3.7,-20.7,17.0,1753,0.548,0.0,0.0,0.0,18.6,5.6,0.0,
Assets/_Project/Audio/Physics/phys_impact_glass_light_03.ogg,phys_impact_glass_light,3,physics,library-cc0,kenney:impact-sounds/impactGlass_light_*,0.192,-3.3,-20.6,17.2,1557,0.287,0.0,0.0,0.002,20.3,6.4,0.0,
Assets/_Project/Audio/Physics/phys_impact_cloth_01.ogg,phys_impact_cloth,1,physics,library-cc0,kenney:rpg-audio/dropLeather* + kenney:rpg-audio/cloth* gain=-6,0.585,-5.1,-22.2,17.0,441,0.026,0.012,0.004,0.714,15.9,74.5,0.0,
Assets/_Project/Audio/Physics/phys_impact_cloth_02.ogg,phys_impact_cloth,2,physics,library-cc0,kenney:rpg-audio/dropLeather* + kenney:rpg-audio/cloth* gain=-6,0.363,-5.5,-22.1,16.6,495,0.031,0.015,0.005,0.69,16.4,71.2,0.0,
Assets/_Project/Audio/Physics/phys_impact_cloth_03.ogg,phys_impact_cloth,3,physics,library-cc0,kenney:rpg-audio/dropLeather* + kenney:rpg-audio/cloth* gain=-6,0.477,-5.7,-22.2,16.4,405,0.023,0.011,0.004,0.747,18.4,78.6,0.0,
Assets/_Project/Audio/Physics/phys_impact_book_01.ogg,phys_impact_book,1,physics,library-cc0,kenney:rpg-audio/bookPlace*,0.207,-2.3,-20.6,18.3,933,0.074,0.033,0.005,0.198,18.2,43.8,0.0,
Assets/_Project/Audio/Physics/phys_impact_book_02.ogg,phys_impact_book,2,physics,library-cc0,kenney:rpg-audio/bookPlace*,0.26,-2.5,-20.6,18.1,925,0.122,0.011,0.002,0.126,17.2,55.0,0.0,
Assets/_Project/Audio/Physics/phys_impact_book_03.ogg,phys_impact_book,3,physics,library-cc0,kenney:rpg-audio/bookPlace*,0.221,-2.4,-20.5,18.2,1112,0.065,0.066,0.004,0.096,17.8,29.2,0.0,
Assets/_Project/Audio/Physics/phys_impact_body_01.ogg,phys_impact_body,1,physics,library-cc0,kenney:impact-sounds/impactPunch_heavy_* + kenney:impact-sounds/impactSoft_heavy_*,0.505,-3.5,-19.0,15.5,116,0.0,0.0,0.0,0.878,21.3,23.8,0.0001,
Assets/_Project/Audio/Physics/phys_impact_body_02.ogg,phys_impact_body,2,physics,library-cc0,kenney:impact-sounds/impactPunch_heavy_* + kenney:impact-sounds/impactSoft_heavy_*,0.572,-4.6,-19.0,14.4,125,0.0,0.0,0.0,0.833,20.0,5.2,0.0023,
Assets/_Project/Audio/Physics/phys_impact_body_03.ogg,phys_impact_body,3,physics,library-cc0,kenney:impact-sounds/impactPunch_heavy_* + kenney:impact-sounds/impactSoft_heavy_*,0.572,-3.1,-19.0,15.8,103,0.0,0.0,0.0,0.944,19.6,16.7,0.0001,
Assets/_Project/Audio/Physics/phys_impact_body_04.ogg,phys_impact_body,4,physics,library-cc0,kenney:impact-sounds/impactPunch_heavy_* + kenney:impact-sounds/impactSoft_heavy_*,0.544,-3.8,-19.0,15.2,109,0.0,0.0,0.0,0.894,20.0,25.9,0.0001,
Assets/_Project/Audio/Physics/phys_impact_coins_01.ogg,phys_impact_coins,1,physics,library-cc0,kenney:rpg-audio/handleCoins* + synth:coins dur=0.4 count=5 gain=-8,0.703,-1.3,-26.5,25.1,6229,0.468,0.451,0.074,0.0,16.1,57.4,0.0,
Assets/_Project/Audio/Physics/phys_impact_coins_02.ogg,phys_impact_coins,2,physics,library-cc0,kenney:rpg-audio/handleCoins* + synth:coins dur=0.4 count=5 gain=-8,0.337,-1.1,-19.8,18.7,4023,0.698,0.252,0.039,0.0,16.9,35.1,0.0,
Assets/_Project/Audio/Physics/phys_impact_coins_03.ogg,phys_impact_coins,3,physics,library-cc0,kenney:rpg-audio/handleCoins* + synth:coins dur=0.4 count=5 gain=-8,0.67,-1.3,-27.4,26.1,6404,0.416,0.488,0.089,0.0,14.3,7.4,0.0,
Assets/_Project/Audio/Physics/phys_scrape_stone_loop_01.ogg,phys_scrape_stone_loop,1,physics,placeholder,synth:hiss dur=3 low=300 high=3000 flutter=13 + synth:rattle dur=3 density=30 freq=900,2.5,-2.8,-20.7,17.8,1356,0.161,0.022,0.002,0.008,18.1,2147.9,0.0,
Assets/_Project/Audio/Physics/phys_scrape_wood_loop_01.ogg,phys_scrape_wood_loop,1,physics,placeholder,synth:creak dur=3 rate=30 pitch=500 rise=1.0,2.5,-1.3,-24.5,23.3,921,0.031,0.001,0.0,0.005,9.5,901.1,0.0,
Assets/_Project/Audio/Physics/phys_scrape_metal_loop_01.ogg,phys_scrape_metal_loop,1,physics,placeholder,synth:hiss dur=3 low=2000 high=8000 flutter=17 + synth:rattle dur=3 density=40 freq=2500,2.5,-1.3,-19.3,18.0,3893,0.608,0.184,0.036,0.001,18.2,1622.5,0.0,
Assets/_Project/Audio/Physics/phys_roll_loop_01.ogg,phys_roll_loop,1,physics,placeholder,synth:rattle dur=2 density=20 freq=400 + synth:hiss dur=2 low=100 high=600 flutter=4,1.5,-2.4,-20.6,18.1,575,0.023,0.002,0.0,0.187,18.7,1141.1,0.0,
Assets/_Project/Audio/Physics/phys_break_ceramic_01.ogg,phys_break_ceramic,1,physics,library-cc0,kenney:impact-sounds/impactPlate_heavy_* + synth:shatter dur=0.8 pieces=25 low=1200 brightness=0.6,0.799,-1.0,-22.7,21.7,1992,0.419,0.018,0.019,0.271,18.3,1.4,0.0,
Assets/_Project/Audio/Physics/phys_break_ceramic_02.ogg,phys_break_ceramic,2,physics,library-cc0,kenney:impact-sounds/impactPlate_heavy_* + synth:shatter dur=0.8 pieces=25 low=1200 brightness=0.6,0.616,-1.1,-19.1,18.0,1096,0.221,0.007,0.007,0.454,19.1,7.8,0.0,
Assets/_Project/Audio/Physics/phys_break_ceramic_03.ogg,phys_break_ceramic,3,physics,library-cc0,kenney:impact-sounds/impactPlate_heavy_* + synth:shatter dur=0.8 pieces=25 low=1200 brightness=0.6,0.514,-1.5,-20.4,18.9,1808,0.349,0.01,0.01,0.281,18.5,5.2,0.0,
Assets/_Project/Audio/Physics/phys_break_glass_01.ogg,phys_break_glass,1,physics,library-cc0,kenney:impact-sounds/impactGlass_heavy_* + synth:shatter dur=1.0 pieces=40,0.634,-1.2,-22.7,21.5,4078,0.716,0.213,0.009,0.001,18.0,1.5,0.0,
Assets/_Project/Audio/Physics/phys_break_glass_02.ogg,phys_break_glass,2,physics,library-cc0,kenney:impact-sounds/impactGlass_heavy_* + synth:shatter dur=1.0 pieces=40,0.686,-1.5,-20.6,19.1,4554,0.438,0.482,0.014,0.001,18.9,1.6,0.0,
Assets/_Project/Audio/Physics/phys_break_glass_03.ogg,phys_break_glass,3,physics,library-cc0,kenney:impact-sounds/impactGlass_heavy_* + synth:shatter dur=1.0 pieces=40,0.706,-1.2,-20.6,19.4,3868,0.711,0.23,0.012,0.001,18.0,1.2,0.0,
Assets/_Project/Audio/Physics/phys_break_glass_large_01.ogg,phys_break_glass_large,1,physics,library-cc0,synth:shatter dur=2.5 pieces=160 + kenney:impact-sounds/impactGlass_heavy_*,2.452,-1.5,-21.0,19.6,4693,0.481,0.451,0.003,0.0,17.9,1.6,0.0,
Assets/_Project/Audio/Physics/phys_break_glass_large_02.ogg,phys_break_glass_large,2,physics,library-cc0,synth:shatter dur=2.5 pieces=160 + kenney:impact-sounds/impactGlass_heavy_*,1.909,-1.1,-21.2,20.1,4016,0.631,0.302,0.002,0.0,18.2,1.5,0.0,
Assets/_Project/Audio/Physics/phys_break_wood_01.ogg,phys_break_wood,1,physics,library-cc0,kenney:impact-sounds/impactWood_heavy_* + synth:crumble dur=0.9 density=40 size=0.3 gain=-8,0.892,-1.3,-20.8,19.5,84,0.001,0.0,0.0,0.748,21.9,3.4,0.0,
Assets/_Project/Audio/Physics/phys_break_wood_02.ogg,phys_break_wood,2,physics,library-cc0,kenney:impact-sounds/impactWood_heavy_* + synth:crumble dur=0.9 density=40 size=0.3 gain=-8,0.899,-1.2,-22.8,21.6,183,0.002,0.0,0.0,0.604,20.9,3.3,0.0,
Assets/_Project/Audio/Physics/phys_break_wood_03.ogg,phys_break_wood,3,physics,library-cc0,kenney:impact-sounds/impactWood_heavy_* + synth:crumble dur=0.9 density=40 size=0.3 gain=-8,0.884,-1.3,-22.4,21.1,179,0.003,0.0,0.0,0.77,20.8,4.0,0.0007,
Assets/_Project/Audio/Physics/phys_break_book_01.ogg,phys_break_book,1,physics,library-cc0,kenney:rpg-audio/bookFlip* + synth:hiss dur=0.4 low=1000 high=6000 decay=6,0.635,-1.4,-27.5,26.1,3821,0.397,0.338,0.013,0.002,10.2,510.2,0.0,
Assets/_Project/Audio/Physics/phys_break_liquid_01.ogg,phys_break_liquid,1,physics,placeholder,synth:whoosh dur=0.6 f0=300 f1=1200 q=0.8 + synth:drips dur=0.6 rate=20,0.607,-2.9,-20.9,18.0,1063,0.003,0.0,0.0,0.009,16.2,286.9,0.0,
Assets/_Project/Audio/Physics/phys_break_liquid_02.ogg,phys_break_liquid,2,physics,placeholder,synth:whoosh dur=0.6 f0=300 f1=1200 q=0.8 + synth:drips dur=0.6 rate=20,0.572,-5.8,-20.9,15.0,1145,0.001,0.0,0.0,0.008,16.2,81.5,0.0,
Assets/_Project/Audio/Physics/phys_coin_spill_01.ogg,phys_coin_spill,1,physics,library-cc0,synth:coins dur=1.2 count=30 + kenney:rpg-audio/handleCoins* at=0.1,0.823,-1.2,-19.6,18.4,4042,0.723,0.222,0.021,0.0,18.6,539.2,0.0,
Assets/_Project/Audio/Physics/phys_coin_spill_02.ogg,phys_coin_spill,2,physics,library-cc0,synth:coins dur=1.2 count=30 + kenney:rpg-audio/handleCoins* at=0.1,0.864,-1.4,-17.2,15.8,4102,0.704,0.248,0.026,0.0,19.3,708.5,0.0,
Assets/_Project/Audio/Physics/phys_coin_spill_03.ogg,phys_coin_spill,3,physics,library-cc0,synth:coins dur=1.2 count=30 + kenney:rpg-audio/handleCoins* at=0.1,0.858,-1.1,-17.9,16.9,3978,0.684,0.251,0.017,0.0,19.1,224.8,0.0,
Assets/_Project/Audio/SFX/Loot/sfx_loot_value_lost_01.ogg,sfx_loot_value_lost,1,cue,generated,synth:coin_drain steps=6 base=1500,0.67,-14.5,-28.0,13.6,1482,0.226,0.0,0.0,0.001,22.3,90.8,0.0,
Assets/_Project/Audio/SFX/Loot/sfx_loot_value_lost_02.ogg,sfx_loot_value_lost,2,cue,generated,synth:coin_drain steps=6 base=1500,0.67,-14.5,-28.0,13.6,1482,0.226,0.0,0.0,0.001,22.3,90.8,0.0,
Assets/_Project/Audio/SFX/Loot/sfx_loot_highlight_01.ogg,sfx_loot_highlight,1,cue,generated,synth:chime notes=2637 dur=0.5 gold=1 decay=8,0.52,-9.9,-28.0,18.1,4203,0.715,0.199,0.086,0.0,21.8,5.3,0.0,
Assets/_Project/Audio/SFX/Loot/sfx_loot_pickup_gold_01.ogg,sfx_loot_pickup_gold,1,physics,generated,synth:coins dur=0.5 count=4,0.251,-5.5,-22.3,16.8,4142,0.621,0.238,0.029,0.0,20.2,95.5,0.0,
Assets/_Project/Audio/SFX/Loot/sfx_loot_pickup_gold_02.ogg,sfx_loot_pickup_gold,2,physics,generated,synth:coins dur=0.5 count=4,0.383,-4.9,-22.1,17.2,3597,0.521,0.186,0.016,0.0,20.7,148.9,0.0,
Assets/_Project/Audio/SFX/Weapons/sfx_wpn_blade_swing_01.ogg,sfx_wpn_blade_swing,1,weapons,placeholder,synth:whoosh dur=0.3 f0=900 f1=4500 q=2.5,0.32,-3.4,-19.1,15.7,2141,0.539,0.005,0.0,0.0,12.5,87.1,0.0,
Assets/_Project/Audio/SFX/Weapons/sfx_wpn_blade_swing_02.ogg,sfx_wpn_blade_swing,2,weapons,placeholder,synth:whoosh dur=0.3 f0=900 f1=4500 q=2.5,0.31,-1.9,-18.9,17.0,1980,0.42,0.003,0.0,0.0,13.7,91.8,0.0,
Assets/_Project/Audio/SFX/Weapons/sfx_wpn_blade_swing_03.ogg,sfx_wpn_blade_swing,3,weapons,placeholder,synth:whoosh dur=0.3 f0=900 f1=4500 q=2.5,0.32,-3.3,-18.9,15.5,2039,0.414,0.004,0.0,0.0,12.8,89.1,0.0,
Assets/_Project/Audio/SFX/Weapons/sfx_wpn_blade_swing_04.ogg,sfx_wpn_blade_swing,4,weapons,placeholder,synth:whoosh dur=0.3 f0=900 f1=4500 q=2.5,0.312,-3.6,-19.0,15.3,2023,0.428,0.004,0.0,0.0,12.9,75.5,0.0,
Assets/_Project/Audio/SFX/Weapons/sfx_wpn_blade_hit_flesh_01.ogg,sfx_wpn_blade_hit_flesh,1,weapons,library-cc0,kenney:rpg-audio/knifeSlice* shift=1.0 + kenney:impact-sounds/impactPunch_medium_* gain=-6,0.371,-3.8,-18.8,15.0,3132,0.298,0.256,0.027,0.182,12.8,29.7,0.0,
Assets/_Project/Audio/SFX/Weapons/sfx_wpn_blade_hit_flesh_02.ogg,sfx_wpn_blade_hit_flesh,2,weapons,library-cc0,kenney:rpg-audio/knifeSlice* shift=1.0 + kenney:impact-sounds/impactPunch_medium_* gain=-6,0.44,-1.6,-19.1,17.5,4161,0.272,0.37,0.054,0.133,13.7,1.7,0.0,
Assets/_Project/Audio/SFX/Weapons/sfx_wpn_blade_hit_flesh_03.ogg,sfx_wpn_blade_hit_flesh,3,weapons,library-cc0,kenney:rpg-audio/knifeSlice* shift=1.0 + kenney:impact-sounds/impactPunch_medium_* gain=-6,0.355,-4.1,-18.8,14.7,3483,0.288,0.291,0.031,0.216,12.4,37.8,0.0,
Assets/_Project/Audio/SFX/Weapons/sfx_wpn_blade_hit_armour_01.ogg,sfx_wpn_blade_hit_armour,1,weapons,library-cc0,kenney:impact-sounds/impactMetal_medium_* shift=1.0,0.272,-1.4,-18.4,17.0,1245,0.145,0.0,0.0,0.002,20.9,1.9,0.0,
Assets/_Project/Audio/SFX/Weapons/sfx_wpn_blade_hit_armour_02.ogg,sfx_wpn_blade_hit_armour,2,weapons,library-cc0,kenney:impact-sounds/impactMetal_medium_* shift=1.0,0.143,-1.2,-18.3,17.1,1028,0.03,0.0,0.0,0.006,21.1,4.6,0.0,
Assets/_Project/Audio/SFX/Weapons/sfx_wpn_blade_hit_armour_03.ogg,sfx_wpn_blade_hit_armour,3,weapons,library-cc0,kenney:impact-sounds/impactMetal_medium_* shift=1.0,0.119,-1.3,-18.8,17.5,1012,0.049,0.0,0.0,0.017,21.4,0.8,0.0,
Assets/_Project/Audio/SFX/Weapons/sfx_wpn_blade_hit_wood_01.ogg,sfx_wpn_blade_hit_wood,1,weapons,library-cc0,kenney:rpg-audio/chop* shift=1.0,0.239,-1.2,-20.3,19.1,1673,0.376,0.009,0.001,0.002,14.9,3.6,0.0,
Assets/_Project/Audio/SFX/Weapons/sfx_wpn_blade_hit_wood_02.ogg,sfx_wpn_blade_hit_wood,2,weapons,library-cc0,kenney:rpg-audio/chop* shift=1.0,0.228,-1.8,-20.7,19.0,1865,0.455,0.012,0.001,0.002,15.5,3.5,0.0,
Assets/_Project/Audio/SFX/Weapons/sfx_wpn_blade_hit_stone_01.ogg,sfx_wpn_blade_hit_stone,1,weapons,library-cc0,kenney:impact-sounds/impactMining_* shift=1.20,0.562,-1.1,-19.1,18.1,127,0.004,0.001,0.0,0.986,20.3,11.1,0.0,
Assets/_Project/Audio/SFX/Weapons/sfx_wpn_blade_hit_stone_02.ogg,sfx_wpn_blade_hit_stone,2,weapons,library-cc0,kenney:impact-sounds/impactMining_* shift=1.20,0.521,-1.3,-19.8,18.6,171,0.007,0.001,0.001,0.97,20.1,8.2,0.0,
Assets/_Project/Audio/SFX/Weapons/sfx_wpn_blade_clash_01.ogg,sfx_wpn_blade_clash,1,weapons,placeholder,synth:metal_ring dur=0.9 freq=1300 clank=1.0,0.9,-1.4,-18.2,16.7,1625,0.094,0.014,0.0,0.0,22.9,13.1,0.0,
Assets/_Project/Audio/SFX/Weapons/sfx_wpn_blade_clash_02.ogg,sfx_wpn_blade_clash,2,weapons,placeholder,synth:metal_ring dur=0.9 freq=1300 clank=1.0,0.9,-1.1,-17.9,16.8,1728,0.276,0.014,0.0,0.0,22.1,3.0,0.0,
Assets/_Project/Audio/SFX/Weapons/sfx_wpn_blade_clash_03.ogg,sfx_wpn_blade_clash,3,weapons,placeholder,synth:metal_ring dur=0.9 freq=1300 clank=1.0,0.9,-1.2,-18.1,16.9,1728,0.276,0.014,0.0,0.0,22.1,7.6,0.0,
Assets/_Project/Audio/SFX/Weapons/sfx_wpn_blade_draw_01.ogg,sfx_wpn_blade_draw,1,weapons,library-cc0,kenney:rpg-audio/drawKnife* shift=1.0,0.391,-2.3,-20.5,18.2,6103,0.383,0.385,0.146,0.001,10.3,81.9,0.0,
Assets/_Project/Audio/SFX/Weapons/sfx_wpn_bronze_swing_01.ogg,sfx_wpn_bronze_swing,1,weapons,placeholder,synth:whoosh dur=0.3 f0=720 f1=3600 q=2.5,0.313,-1.8,-18.9,17.1,1614,0.187,0.001,0.0,0.0,13.6,79.5,0.0,
Assets/_Project/Audio/SFX/Weapons/sfx_wpn_bronze_swing_02.ogg,sfx_wpn_bronze_swing,2,weapons,placeholder,synth:whoosh dur=0.3 f0=720 f1=3600 q=2.5,0.29,-2.9,-18.8,15.9,1638,0.175,0.001,0.0,0.0,13.9,84.2,0.0,
Assets/_Project/Audio/SFX/Weapons/sfx_wpn_bronze_swing_03.ogg,sfx_wpn_bronze_swing,3,weapons,placeholder,synth:whoosh dur=0.3 f0=720 f1=3600 q=2.5,0.294,-2.5,-18.8,16.3,1627,0.198,0.001,0.0,0.0,14.2,86.0,0.0,
Assets/_Project/Audio/SFX/Weapons/sfx_wpn_bronze_swing_04.ogg,sfx_wpn_bronze_swing,4,weapons,placeholder,synth:whoosh dur=0.3 f0=720 f1=3600 q=2.5,0.322,-2.3,-18.7,16.4,1567,0.171,0.001,0.0,0.0,13.7,111.5,0.0,
Assets/_Project/Audio/SFX/Weapons/sfx_wpn_bronze_hit_flesh_01.ogg,sfx_wpn_bronze_hit_flesh,1,weapons,library-cc0,kenney:rpg-audio/knifeSlice* shift=0.8 + kenney:impact-sounds/impactPunch_medium_* gain=-6,0.464,-3.0,-18.8,15.8,2741,0.384,0.171,0.015,0.161,13.1,28.9,0.0,
Assets/_Project/Audio/SFX/Weapons/sfx_wpn_bronze_hit_flesh_02.ogg,sfx_wpn_bronze_hit_flesh,2,weapons,library-cc0,kenney:rpg-audio/knifeSlice* shift=0.8 + kenney:impact-sounds/impactPunch_medium_* gain=-6,0.55,-1.7,-19.4,17.7,3478,0.446,0.186,0.033,0.118,13.5,1.0,0.0,
Assets/_Project/Audio/SFX/Weapons/sfx_wpn_bronze_hit_flesh_03.ogg,sfx_wpn_bronze_hit_flesh,3,weapons,library-cc0,kenney:rpg-audio/knifeSlice* shift=0.8 + kenney:impact-sounds/impactPunch_medium_* gain=-6,0.442,-3.2,-18.7,15.5,3026,0.411,0.209,0.017,0.192,13.3,37.2,0.0,
Assets/_Project/Audio/SFX/Weapons/sfx_wpn_bronze_hit_armour_01.ogg,sfx_wpn_bronze_hit_armour,1,weapons,library-cc0,kenney:impact-sounds/impactMetal_medium_* shift=0.8,0.34,-1.2,-19.8,18.6,995,0.125,0.0,0.0,0.002,21.8,0.7,0.0,
Assets/_Project/Audio/SFX/Weapons/sfx_wpn_bronze_hit_armour_02.ogg,sfx_wpn_bronze_hit_armour,2,weapons,library-cc0,kenney:impact-sounds/impactMetal_medium_* shift=0.8,0.179,-1.0,-18.9,17.8,827,0.031,0.0,0.0,0.006,21.5,0.7,0.0,
Assets/_Project/Audio/SFX/Weapons/sfx_wpn_bronze_hit_armour_03.ogg,sfx_wpn_bronze_hit_armour,3,weapons,library-cc0,kenney:impact-sounds/impactMetal_medium_* shift=0.8,0.149,-1.6,-20.3,18.7,829,0.025,0.0,0.0,0.012,21.9,0.7,0.0,
Assets/_Project/Audio/SFX/Weapons/sfx_wpn_bronze_hit_wood_01.ogg,sfx_wpn_bronze_hit_wood,1,weapons,library-cc0,kenney:rpg-audio/chop* shift=0.8,0.299,-1.4,-20.3,18.8,1500,0.165,0.005,0.0,0.002,14.8,4.4,0.0,
Assets/_Project/Audio/SFX/Weapons/sfx_wpn_bronze_hit_wood_02.ogg,sfx_wpn_bronze_hit_wood,2,weapons,library-cc0,kenney:rpg-audio/chop* shift=0.8,0.284,-1.3,-20.4,19.1,1507,0.177,0.004,0.0,0.002,14.8,4.2,0.0,
Assets/_Project/Audio/SFX/Weapons/sfx_wpn_bronze_hit_stone_01.ogg,sfx_wpn_bronze_hit_stone,1,weapons,library-cc0,kenney:impact-sounds/impactMining_* shift=0.96,0.703,-1.3,-19.1,17.8,103,0.004,0.001,0.0,0.984,20.1,13.8,0.0,
Assets/_Project/Audio/SFX/Weapons/sfx_wpn_bronze_hit_stone_02.ogg,sfx_wpn_bronze_hit_stone,2,weapons,library-cc0,kenney:impact-sounds/impactMining_* shift=0.96,0.651,-1.2,-19.7,18.5,134,0.006,0.002,0.0,0.974,21.0,10.5,0.0,
Assets/_Project/Audio/SFX/Weapons/sfx_wpn_bronze_clash_01.ogg,sfx_wpn_bronze_clash,1,weapons,placeholder,synth:metal_ring dur=0.9 freq=1040 clank=1.0,0.9,-1.2,-18.3,17.1,1228,0.106,0.004,0.0,0.0,22.2,6.2,0.0,
Assets/_Project/Audio/SFX/Weapons/sfx_wpn_bronze_clash_02.ogg,sfx_wpn_bronze_clash,2,weapons,placeholder,synth:metal_ring dur=0.9 freq=1040 clank=1.0,0.9,-1.1,-18.0,16.8,1235,0.105,0.004,0.0,0.0,23.0,4.1,0.0,
Assets/_Project/Audio/SFX/Weapons/sfx_wpn_bronze_clash_03.ogg,sfx_wpn_bronze_clash,3,weapons,placeholder,synth:metal_ring dur=0.9 freq=1040 clank=1.0,0.9,-1.2,-18.4,17.2,1251,0.105,0.004,0.0,0.0,21.9,2.0,0.0,
Assets/_Project/Audio/SFX/Weapons/sfx_wpn_bronze_draw_01.ogg,sfx_wpn_bronze_draw,1,weapons,library-cc0,kenney:rpg-audio/drawKnife* shift=0.8,0.489,-1.3,-20.8,19.5,4927,0.461,0.313,0.085,0.002,10.8,118.4,0.0,
Assets/_Project/Audio/SFX/Weapons/sfx_wpn_bronze_bend_01.ogg,sfx_wpn_bronze_bend,1,weapons,generated,synth:creak dur=0.5 rate=60 pitch=900 rise=0.6 + synth:metal_ring dur=0.6 freq=500 clank=0.2,0.6,-3.8,-18.5,14.8,649,0.007,0.0,0.0,0.0,22.2,12.7,0.0,
Assets/_Project/Audio/SFX/Weapons/sfx_wpn_rapier_swing_01.ogg,sfx_wpn_rapier_swing,1,weapons,placeholder,synth:whoosh dur=0.18 f0=2500 f1=8000 q=4,0.181,-3.6,-20.4,16.9,4805,0.569,0.428,0.001,0.0,12.3,47.6,0.0,
Assets/_Project/Audio/SFX/Weapons/sfx_wpn_rapier_swing_02.ogg,sfx_wpn_rapier_swing,2,weapons,placeholder,synth:whoosh dur=0.18 f0=2500 f1=8000 q=4,0.171,-4.0,-20.4,16.4,4205,0.819,0.176,0.001,0.0,13.1,55.9,0.0,
Assets/_Project/Audio/SFX/Weapons/sfx_wpn_rapier_swing_03.ogg,sfx_wpn_rapier_swing,3,weapons,placeholder,synth:whoosh dur=0.18 f0=2500 f1=8000 q=4,0.178,-4.2,-20.3,16.1,4574,0.715,0.282,0.001,0.0,11.8,51.2,0.0,
Assets/_Project/Audio/SFX/Weapons/sfx_wpn_rapier_hit_01.ogg,sfx_wpn_rapier_hit,1,weapons,library-cc0,kenney:rpg-audio/knifeSlice* shift=1.3,0.286,-4.5,-20.4,15.9,6625,0.344,0.506,0.136,0.0,12.3,120.8,0.0,
Assets/_Project/Audio/SFX/Weapons/sfx_wpn_rapier_hit_02.ogg,sfx_wpn_rapier_hit,2,weapons,library-cc0,kenney:rpg-audio/knifeSlice* shift=1.3,0.339,-1.2,-20.4,19.3,7265,0.214,0.627,0.146,0.0,12.6,1.6,0.0,
Assets/_Project/Audio/SFX/Weapons/sfx_wpn_rapier_snap_01.ogg,sfx_wpn_rapier_snap,1,weapons,placeholder,synth:metal_ring dur=0.5 freq=2400 clank=1.5,0.5,-3.7,-18.5,14.8,2935,0.957,0.038,0.004,0.0,22.4,3.0,0.0,
Assets/_Project/Audio/SFX/Weapons/sfx_wpn_blunt_swing_01.ogg,sfx_wpn_blunt_swing,1,weapons,placeholder,synth:whoosh dur=0.5 f0=150 f1=1200 q=1.2,0.467,-2.6,-18.6,16.0,418,0.001,0.0,0.0,0.221,16.9,143.3,0.0,
Assets/_Project/Audio/SFX/Weapons/sfx_wpn_blunt_swing_02.ogg,sfx_wpn_blunt_swing,2,weapons,placeholder,synth:whoosh dur=0.5 f0=150 f1=1200 q=1.2,0.519,-3.4,-18.7,15.2,415,0.001,0.0,0.0,0.237,16.6,132.8,0.0,
Assets/_Project/Audio/SFX/Weapons/sfx_wpn_blunt_swing_03.ogg,sfx_wpn_blunt_swing,3,weapons,placeholder,synth:whoosh dur=0.5 f0=150 f1=1200 q=1.2,0.484,-3.8,-18.6,14.8,450,0.001,0.0,0.0,0.163,17.3,168.8,0.0,
Assets/_Project/Audio/SFX/Weapons/sfx_wpn_blunt_hit_armour_01.ogg,sfx_wpn_blunt_hit_armour,1,weapons,library-cc0,kenney:impact-sounds/impactMetal_heavy_* + synth:metal_ring dur=1.5 freq=450 clank=0.8 gain=-4,1.5,-1.0,-20.3,19.2,539,0.005,0.0,0.0,0.001,23.0,2.3,0.0,
Assets/_Project/Audio/SFX/Weapons/sfx_wpn_blunt_hit_armour_02.ogg,sfx_wpn_blunt_hit_armour,2,weapons,library-cc0,kenney:impact-sounds/impactMetal_heavy_* + synth:metal_ring dur=1.5 freq=450 clank=0.8 gain=-4,1.5,-1.0,-20.4,19.4,570,0.007,0.0,0.0,0.001,23.1,2.3,0.0,
Assets/_Project/Audio/SFX/Weapons/sfx_wpn_blunt_hit_armour_03.ogg,sfx_wpn_blunt_hit_armour,3,weapons,library-cc0,kenney:impact-sounds/impactMetal_heavy_* + synth:metal_ring dur=1.5 freq=450 clank=0.8 gain=-4,1.5,-1.1,-19.7,18.6,539,0.005,0.0,0.0,0.001,22.8,2.3,0.0,
Assets/_Project/Audio/SFX/Weapons/sfx_wpn_blunt_hit_flesh_01.ogg,sfx_wpn_blunt_hit_flesh,1,weapons,library-cc0,kenney:impact-sounds/impactPunch_heavy_* shift=0.8,0.617,-1.1,-17.0,15.9,90,0.0,0.0,0.0,0.925,22.2,1.6,0.0,
Assets/_Project/Audio/SFX/Weapons/sfx_wpn_blunt_hit_flesh_02.ogg,sfx_wpn_blunt_hit_flesh,2,weapons,library-cc0,kenney:impact-sounds/impactPunch_heavy_* shift=0.8,0.517,-1.8,-17.0,15.2,113,0.0,0.0,0.0,0.858,21.1,1.4,0.0,
Assets/_Project/Audio/SFX/Weapons/sfx_wpn_blunt_hit_door_01.ogg,sfx_wpn_blunt_hit_door,1,weapons,library-cc0,kenney:impact-sounds/impactWood_heavy_* shift=0.8,0.391,-1.3,-19.9,18.7,92,0.0,0.0,0.0,0.969,21.8,4.2,0.0011,
Assets/_Project/Audio/SFX/Weapons/sfx_wpn_blunt_hit_door_02.ogg,sfx_wpn_blunt_hit_door,2,weapons,library-cc0,kenney:impact-sounds/impactWood_heavy_* shift=0.8,0.391,-1.2,-20.0,18.8,98,0.0,0.0,0.0,0.974,21.8,4.2,0.0006,
Assets/_Project/Audio/SFX/Weapons/sfx_wpn_shield_bash_01.ogg,sfx_wpn_shield_bash,1,weapons,library-cc0,kenney:impact-sounds/impactPlank_medium_* shift=0.8,0.523,-1.1,-21.1,20.0,147,0.001,0.0,0.0,0.947,18.2,10.8,0.0,
Assets/_Project/Audio/SFX/Weapons/sfx_wpn_shield_bash_02.ogg,sfx_wpn_shield_bash,2,weapons,library-cc0,kenney:impact-sounds/impactPlank_medium_* shift=0.8,0.511,-1.4,-17.9,16.5,114,0.0,0.0,0.0,0.962,18.8,29.3,0.0,
Assets/_Project/Audio/SFX/Weapons/sfx_wpn_shield_block_01.ogg,sfx_wpn_shield_block,1,weapons,library-cc0,kenney:impact-sounds/impactWood_medium_*,0.333,-1.1,-22.8,21.7,211,0.0,0.0,0.0,0.613,21.1,1.4,0.0,
Assets/_Project/Audio/SFX/Weapons/sfx_wpn_shield_block_02.ogg,sfx_wpn_shield_block,2,weapons,library-cc0,kenney:impact-sounds/impactWood_medium_*,0.333,-1.2,-22.7,21.6,201,0.0,0.0,0.0,0.643,21.1,1.4,0.0,
Assets/_Project/Audio/SFX/Weapons/sfx_wpn_shield_block_03.ogg,sfx_wpn_shield_block,3,weapons,library-cc0,kenney:impact-sounds/impactWood_medium_*,0.333,-1.2,-22.9,21.7,252,0.0,0.0,0.0,0.526,20.4,1.3,0.0,
Assets/_Project/Audio/SFX/Weapons/sfx_wpn_shield_arrow_thunk_01.ogg,sfx_wpn_shield_arrow_thunk,1,weapons,library-cc0,kenney:impact-sounds/impactWood_light_* shift=0.7,0.176,-1.4,-19.2,17.8,261,0.0,0.0,0.0,0.589,20.7,1.2,0.0,
Assets/_Project/Audio/SFX/Weapons/sfx_wpn_shield_arrow_thunk_02.ogg,sfx_wpn_shield_arrow_thunk,2,weapons,library-cc0,kenney:impact-sounds/impactWood_light_* shift=0.7,0.379,-1.2,-24.6,23.4,228,0.0,0.0,0.0,0.767,19.9,1.2,0.0,
Assets/_Project/Audio/SFX/Weapons/sfx_wpn_shield_arrow_thunk_03.ogg,sfx_wpn_shield_arrow_thunk,3,weapons,library-cc0,kenney:impact-sounds/impactWood_light_* shift=0.7,0.182,-1.2,-19.0,17.9,245,0.0,0.0,0.0,0.728,21.5,1.2,0.0,
Assets/_Project/Audio/SFX/Weapons/sfx_wpn_shield_pavise_plant_01.ogg,sfx_wpn_shield_pavise_plant,1,weapons,library-cc0,kenney:impact-sounds/impactWood_heavy_* shift=0.6 + synth:thump dur=0.3 freq=60,0.522,-1.1,-18.8,17.7,75,0.0,0.0,0.0,0.997,21.3,3.2,0.0002,
Assets/_Project/Audio/SFX/Weapons/sfx_wpn_xbow_span_loop_01.ogg,sfx_wpn_xbow_span_loop,1,weapons,placeholder,synth:creak dur=2.5 rate=14 pitch=700 rise=1.0 + synth:rattle dur=2.5 density=10 freq=1800,2.0,-1.6,-22.9,21.3,2908,0.472,0.083,0.019,0.001,19.3,1006.7,0.0,
Assets/_Project/Audio/SFX/Weapons/sfx_wpn_xbow_loose_01.ogg,sfx_wpn_xbow_loose,1,weapons,placeholder,synth:thump dur=0.25 freq=180 click=1.0 decay=25 + synth:metal_ring dur=0.4 freq=300 clank=0.2 gain=-8,0.4,-5.4,-19.9,14.5,300,0.0,0.0,0.0,0.489,22.0,4.9,0.0,
Assets/_Project/Audio/SFX/Weapons/sfx_wpn_xbow_loose_02.ogg,sfx_wpn_xbow_loose,2,weapons,placeholder,synth:thump dur=0.25 freq=180 click=1.0 decay=25 + synth:metal_ring dur=0.4 freq=300 clank=0.2 gain=-8,0.4,-4.9,-19.9,15.1,303,0.0,0.0,0.0,0.484,22.0,2.7,0.0,
Assets/_Project/Audio/SFX/Weapons/sfx_wpn_xbow_bolt_fly_01.ogg,sfx_wpn_xbow_bolt_fly,1,weapons,placeholder,synth:whoosh dur=0.3 f0=3000 f1=1500 q=3,0.282,-5.7,-20.5,14.8,2118,0.513,0.002,0.0,0.0,13.1,106.8,0.0,
Assets/_Project/Audio/SFX/Weapons/sfx_wpn_xbow_bolt_hit_wood_01.ogg,sfx_wpn_xbow_bolt_hit_wood,1,weapons,library-cc0,kenney:impact-sounds/impactWood_light_*,0.123,-1.2,-19.7,18.4,371,0.0,0.0,0.0,0.01,19.8,2.9,0.0,
Assets/_Project/Audio/SFX/Weapons/sfx_wpn_xbow_bolt_hit_wood_02.ogg,sfx_wpn_xbow_bolt_hit_wood,2,weapons,library-cc0,kenney:impact-sounds/impactWood_light_*,0.266,-1.0,-24.6,23.6,311,0.0,0.0,0.0,0.142,19.3,1.0,0.0,
Assets/_Project/Audio/SFX/Weapons/sfx_wpn_xbow_bolt_hit_stone_01.ogg,sfx_wpn_xbow_bolt_hit_stone,1,weapons,library-cc0,kenney:impact-sounds/impactMining_* shift=1.3,0.519,-1.1,-19.1,18.0,139,0.004,0.001,0.001,0.986,20.5,10.3,0.0,
Assets/_Project/Audio/SFX/Weapons/sfx_wpn_xbow_bolt_hit_stone_02.ogg,sfx_wpn_xbow_bolt_hit_stone,2,weapons,library-cc0,kenney:impact-sounds/impactMining_* shift=1.3,0.481,-1.1,-19.9,18.8,187,0.007,0.002,0.001,0.962,20.3,7.5,0.0,
Assets/_Project/Audio/SFX/Weapons/sfx_wpn_xbow_bolt_hit_flesh_01.ogg,sfx_wpn_xbow_bolt_hit_flesh,1,weapons,library-cc0,kenney:impact-sounds/impactPunch_medium_*,0.284,-4.1,-18.5,14.4,164,0.001,0.0,0.0,0.456,20.1,25.1,0.0,
Assets/_Project/Audio/SFX/Weapons/sfx_wpn_xbow_bolt_hit_flesh_02.ogg,sfx_wpn_xbow_bolt_hit_flesh,2,weapons,library-cc0,kenney:impact-sounds/impactPunch_medium_*,0.267,-4.5,-18.5,14.0,192,0.0,0.0,0.0,0.451,19.9,27.0,0.0001,
Assets/_Project/Audio/SFX/Weapons/sfx_wpn_sling_whirl_loop_01.ogg,sfx_wpn_sling_whirl_loop,1,weapons,placeholder,synth:whoosh dur=0.35 f0=300 f1=900 q=1.5 attack=0.5,0.275,-6.7,-20.2,13.5,540,0.001,0.0,0.0,0.025,16.8,178.6,0.0,
Assets/_Project/Audio/SFX/Weapons/sfx_wpn_sling_release_01.ogg,sfx_wpn_sling_release,1,weapons,placeholder,synth:whoosh dur=0.2 f0=1500 f1=4000 + synth:tick dur=0.03 freq=600,0.2,-2.7,-20.2,17.5,2582,0.636,0.039,0.001,0.0,11.8,1.4,0.0,
Assets/_Project/Audio/SFX/Weapons/sfx_wpn_sling_release_02.ogg,sfx_wpn_sling_release,2,weapons,placeholder,synth:whoosh dur=0.2 f0=1500 f1=4000 + synth:tick dur=0.03 freq=600,0.203,-4.5,-20.4,15.9,2327,0.534,0.02,0.0,0.0,12.2,1.6,0.0,
Assets/_Project/Audio/SFX/Weapons/sfx_wpn_sling_stone_hit_01.ogg,sfx_wpn_sling_stone_hit,1,weapons,library-cc0,kenney:impact-sounds/impactMining_*,0.675,-1.1,-19.1,18.0,107,0.004,0.001,0.0,0.985,20.3,13.3,0.0,
Assets/_Project/Audio/SFX/Weapons/sfx_wpn_sling_stone_hit_02.ogg,sfx_wpn_sling_stone_hit,2,weapons,library-cc0,kenney:impact-sounds/impactMining_*,0.625,-1.3,-19.9,18.6,140,0.006,0.002,0.0,0.974,20.3,9.9,0.0,
Assets/_Project/Audio/SFX/Weapons/sfx_wpn_match_hiss_loop_01.ogg,sfx_wpn_match_hiss_loop,1,weapons,placeholder,synth:hiss dur=3 low=2500 high=9000 flutter=7 + synth:crackle dur=3 density=10 body=0,2.5,-1.5,-23.1,21.6,5117,0.506,0.418,0.034,0.0,9.1,472.2,0.0,
Assets/_Project/Audio/SFX/Weapons/sfx_wpn_match_fire_01.ogg,sfx_wpn_match_fire,1,weapons,placeholder,synth:gunshot dur=1.6 size=1.3,1.53,-1.2,-13.4,12.3,61,0.001,0.0,0.0,0.926,20.5,3.2,0.0,
Assets/_Project/Audio/SFX/Weapons/sfx_wpn_match_fire_02.ogg,sfx_wpn_match_fire,2,weapons,placeholder,synth:gunshot dur=1.6 size=1.3,1.57,-3.3,-13.0,9.7,49,0.001,0.0,0.0,0.818,21.6,124.6,0.0,
Assets/_Project/Audio/SFX/Weapons/sfx_wpn_match_fire_03.ogg,sfx_wpn_match_fire,3,weapons,placeholder,synth:gunshot dur=1.6 size=1.3,1.557,-2.8,-13.0,10.1,49,0.001,0.0,0.0,0.799,21.1,95.7,0.0,
Assets/_Project/Audio/SFX/Weapons/sfx_wpn_match_tail_small_01.ogg,sfx_wpn_match_tail_small,1,weapons,placeholder,synth:crumble dur=1.5 density=5 size=0.4 gain=-10,1.497,-5.2,-20.0,14.8,44,0.001,0.0,0.0,0.698,21.7,485.1,0.0,
Assets/_Project/Audio/SFX/Weapons/sfx_wpn_match_tail_large_01.ogg,sfx_wpn_match_tail_large,1,weapons,placeholder,synth:explosion dur=3.5 size=0.6 gain=-14,3.401,-7.8,-20.0,12.2,43,0.001,0.0,0.0,0.78,21.1,2.2,0.0,
Assets/_Project/Audio/SFX/Weapons/sfx_wpn_match_reload_01.ogg,sfx_wpn_match_reload,1,weapons,library-cc0,kenney:rpg-audio/metalClick* + kenney:rpg-audio/metalLatch* + synth:hiss dur=0.5 low=800 high=4000 decay=5 gain=-10,0.5,-1.5,-26.7,25.2,6463,0.168,0.533,0.174,0.032,12.6,3.4,0.0,
Assets/_Project/Audio/SFX/Weapons/sfx_wpn_match_flash_in_pan_01.ogg,sfx_wpn_match_flash_in_pan,1,weapons,placeholder,synth:whumph dur=0.4 size=1.5 + synth:hiss dur=0.5 low=2000 high=8000 decay=6,0.5,-4.0,-17.0,13.0,241,0.02,0.011,0.001,0.923,15.5,81.2,0.0,
Assets/_Project/Audio/SFX/Weapons/sfx_wpn_wheellock_spin_01.ogg,sfx_wpn_wheellock_spin,1,weapons,placeholder,synth:rattle dur=0.3 density=120 freq=4000 spread=0.2,0.3,-5.0,-18.8,13.8,5715,0.697,0.23,0.072,0.0,17.1,38.6,0.0,
Assets/_Project/Audio/SFX/Weapons/sfx_wpn_flint_click_01.ogg,sfx_wpn_flint_click,1,weapons,library-cc0,kenney:rpg-audio/metalClick*,0.373,-2.0,-27.6,25.6,4869,0.295,0.435,0.047,0.0,13.2,183.8,0.0,"level: -27.6 dB RMS, weapons sits at -26..-8"
Assets/_Project/Audio/SFX/Weapons/sfx_wpn_pistol_fire_01.ogg,sfx_wpn_pistol_fire,1,weapons,placeholder,synth:gunshot dur=1.2 size=0.9,1.168,-2.9,-14.9,12.1,60,0.001,0.0,0.0,0.889,20.9,10.3,0.0,
Assets/_Project/Audio/SFX/Weapons/sfx_wpn_pistol_fire_02.ogg,sfx_wpn_pistol_fire,2,weapons,placeholder,synth:gunshot dur=1.2 size=0.9,1.172,-2.9,-15.0,12.1,62,0.001,0.0,0.0,0.915,20.5,2.6,0.0,
Assets/_Project/Audio/SFX/Weapons/sfx_wpn_pistol_fire_03.ogg,sfx_wpn_pistol_fire,3,weapons,placeholder,synth:gunshot dur=1.2 size=0.9,1.191,-4.8,-15.0,10.1,44,0.001,0.0,0.0,0.729,21.1,175.5,0.0,
Assets/_Project/Audio/SFX/Weapons/sfx_wpn_pistol_reload_01.ogg,sfx_wpn_pistol_reload,1,weapons,library-cc0,kenney:rpg-audio/metalLatch* + kenney:rpg-audio/metalClick*,0.373,-1.4,-24.7,23.2,6600,0.164,0.54,0.181,0.032,13.3,3.0,0.0,
Assets/_Project/Audio/SFX/Weapons/sfx_wpn_ball_ricochet_01.ogg,sfx_wpn_ball_ricochet,1,weapons,placeholder,synth:whine dur=0.4 f0=3000 f1=1200 wobble=0 depth=0 + synth:tick dur=0.04 freq=3000,0.4,-10.4,-18.5,8.1,2271,0.653,0.008,0.0,0.0,19.6,84.0,0.0,
Assets/_Project/Audio/SFX/Weapons/sfx_wpn_ball_ricochet_02.ogg,sfx_wpn_ball_ricochet,2,weapons,placeholder,synth:whine dur=0.4 f0=3000 f1=1200 wobble=0 depth=0 + synth:tick dur=0.04 freq=3000,0.4,-10.4,-18.5,8.1,2271,0.654,0.008,0.0,0.0,19.6,84.0,0.0,
Assets/_Project/Audio/SFX/Weapons/sfx_wpn_ball_ricochet_03.ogg,sfx_wpn_ball_ricochet,3,weapons,placeholder,synth:whine dur=0.4 f0=3000 f1=1200 wobble=0 depth=0 + synth:tick dur=0.04 freq=3000,0.4,-10.4,-18.5,8.1,2271,0.653,0.008,0.0,0.0,19.6,84.0,0.0,
Assets/_Project/Audio/SFX/Weapons/sfx_wpn_ball_hit_flesh_01.ogg,sfx_wpn_ball_hit_flesh,1,weapons,library-cc0,kenney:impact-sounds/impactPunch_medium_* shift=1.2,0.237,-4.1,-18.5,14.4,207,0.001,0.0,0.0,0.466,19.7,21.1,0.0,
Assets/_Project/Audio/SFX/Weapons/sfx_wpn_ball_hit_flesh_02.ogg,sfx_wpn_ball_hit_flesh,2,weapons,library-cc0,kenney:impact-sounds/impactPunch_medium_* shift=1.2,0.223,-4.3,-18.4,14.1,216,0.0,0.0,0.0,0.421,19.3,22.7,0.0,
Assets/_Project/Audio/SFX/Weapons/sfx_wpn_ball_hit_stone_01.ogg,sfx_wpn_ball_hit_stone,1,weapons,library-cc0,kenney:impact-sounds/impactMining_* shift=1.4,0.482,-1.2,-19.2,17.9,150,0.004,0.001,0.001,0.983,19.7,9.6,0.0,
Assets/_Project/Audio/SFX/Weapons/sfx_wpn_ball_hit_stone_02.ogg,sfx_wpn_ball_hit_stone,2,weapons,library-cc0,kenney:impact-sounds/impactMining_* shift=1.4,0.447,-1.0,-19.6,18.5,202,0.011,0.001,0.002,0.956,21.1,7.0,0.0,
Assets/_Project/Audio/SFX/Weapons/sfx_wpn_fuse_light_01.ogg,sfx_wpn_fuse_light,1,weapons,placeholder,synth:whumph dur=0.3 size=2 + synth:hiss dur=0.3 low=3000 high=9000,0.3,-5.2,-18.5,13.4,882,0.067,0.07,0.005,0.8,9.7,49.1,0.0,
Assets/_Project/Audio/SFX/Weapons/sfx_wpn_fuse_loop_01.ogg,sfx_wpn_fuse_loop,1,weapons,placeholder,synth:hiss dur=2 low=3000 high=10000 flutter=12 + synth:crackle dur=2 density=40 body=0,1.5,-1.9,-24.7,22.8,5463,0.44,0.455,0.053,0.0,9.1,1166.8,0.0,
Assets/_Project/Audio/SFX/Weapons/sfx_wpn_explosion_small_01.ogg,sfx_wpn_explosion_small,1,weapons,placeholder,synth:explosion dur=2.5 size=0.8,2.291,-1.1,-14.0,12.9,62,0.002,0.0,0.0,0.974,20.1,10.7,0.0,
Assets/_Project/Audio/SFX/Weapons/sfx_wpn_explosion_small_02.ogg,sfx_wpn_explosion_small,2,weapons,placeholder,synth:explosion dur=2.5 size=0.8,2.337,-1.3,-14.1,12.8,61,0.001,0.0,0.0,0.977,21.0,9.9,0.0001,
Assets/_Project/Audio/SFX/Weapons/sfx_wpn_explosion_large_01.ogg,sfx_wpn_explosion_large,1,weapons,placeholder,synth:explosion dur=4 size=1.6,3.977,-1.5,-13.0,11.4,49,0.001,0.0,0.0,0.875,20.6,181.7,0.0,
Assets/_Project/Audio/SFX/Weapons/sfx_wpn_explosion_large_02.ogg,sfx_wpn_explosion_large,2,weapons,placeholder,synth:explosion dur=4 size=1.6,3.959,-1.1,-13.6,12.6,58,0.002,0.0,0.0,0.981,18.7,3.7,0.0,
Assets/_Project/Audio/SFX/Weapons/sfx_wpn_debris_01.ogg,sfx_wpn_debris,1,weapons,placeholder,synth:crumble dur=2 density=40 size=0.6,1.987,-2.2,-16.9,14.8,75,0.001,0.0,0.0,0.665,21.4,316.5,0.0,
Assets/_Project/Audio/SFX/Weapons/sfx_wpn_debris_02.ogg,sfx_wpn_debris,2,weapons,placeholder,synth:crumble dur=2 density=40 size=0.6,1.965,-1.2,-18.1,16.9,220,0.003,0.0,0.0,0.487,21.4,1068.1,0.0,
Assets/_Project/Audio/SFX/Weapons/sfx_wpn_caltrops_scatter_01.ogg,sfx_wpn_caltrops_scatter,1,weapons,library-cc0,kenney:impact-sounds/impactMetal_light_* shift=1.4 gain=-4 + synth:rattle dur=0.5 density=40 freq=1500,0.5,-2.6,-18.7,16.1,2325,0.324,0.039,0.013,0.002,18.9,345.2,0.0,
Assets/_Project/Audio/SFX/Weapons/sfx_wpn_caltrops_scatter_02.ogg,sfx_wpn_caltrops_scatter,2,weapons,library-cc0,kenney:impact-sounds/impactMetal_light_* shift=1.4 gain=-4 + synth:rattle dur=0.5 density=40 freq=1500,0.489,-1.3,-20.5,19.2,2120,0.361,0.044,0.017,0.003,19.1,174.8,0.0,
Assets/_Project/Audio/SFX/Weapons/sfx_wpn_caltrops_step_on_01.ogg,sfx_wpn_caltrops_step_on,1,weapons,library-cc0,synth:tick dur=0.05 freq=1400 noise=0.8 + kenney:impact-sounds/impactPunch_medium_* gain=-8,0.284,-1.3,-18.4,17.1,186,0.001,0.0,0.0,0.457,20.0,32.0,0.0,
Assets/_Project/Audio/SFX/Weapons/sfx_wpn_caltrops_step_on_02.ogg,sfx_wpn_caltrops_step_on,2,weapons,library-cc0,synth:tick dur=0.05 freq=1400 noise=0.8 + kenney:impact-sounds/impactPunch_medium_* gain=-8,0.267,-2.8,-18.6,15.8,214,0.001,0.0,0.0,0.442,19.9,33.1,0.0,
Assets/_Project/Audio/SFX/Weapons/sfx_wpn_equip_01.ogg,sfx_wpn_equip,1,weapons,library-cc0,kenney:rpg-audio/beltHandle* lp=7000,0.228,-1.2,-24.1,23.0,6738,0.372,0.619,0.004,0.0,15.5,100.2,0.0,
Assets/_Project/Audio/SFX/Weapons/sfx_wpn_equip_02.ogg,sfx_wpn_equip,2,weapons,library-cc0,kenney:rpg-audio/beltHandle* lp=7000,0.394,-1.9,-29.5,27.6,5333,0.655,0.327,0.008,0.0,15.5,194.1,0.0,"level: -29.5 dB RMS, weapons sits at -26..-8"
Assets/_Project/Audio/SFX/Weapons/sfx_wpn_break_01.ogg,sfx_wpn_break,1,weapons,library-cc0,synth:metal_ring dur=0.6 freq=1100 clank=1.2 + kenney:impact-sounds/impactWood_medium_*,0.6,-1.8,-18.5,16.7,1446,0.108,0.004,0.0,0.007,22.2,1.4,0.0,
Assets/_Project/Audio/SFX/Weapons/sfx_wpn_break_02.ogg,sfx_wpn_break,2,weapons,library-cc0,synth:metal_ring dur=0.6 freq=1100 clank=1.2 + kenney:impact-sounds/impactWood_medium_*,0.6,-1.8,-18.4,16.6,1349,0.105,0.004,0.0,0.007,22.5,1.6,0.0,
Assets/_Project/Audio/Foley/foley_gear_linen_move_01.ogg,foley_gear_linen_move,1,foley,library-cc0,kenney:rpg-audio/cloth*,0.585,-4.6,-26.5,21.9,460,0.036,0.006,0.001,0.552,15.3,193.1,0.0,
Assets/_Project/Audio/Foley/foley_gear_linen_move_02.ogg,foley_gear_linen_move,2,foley,library-cc0,kenney:rpg-audio/cloth*,0.363,-8.0,-26.6,18.6,619,0.048,0.008,0.001,0.38,16.0,23.1,0.0,
Assets/_Project/Audio/Foley/foley_gear_linen_move_03.ogg,foley_gear_linen_move,3,foley,library-cc0,kenney:rpg-audio/cloth*,0.477,-7.8,-26.7,18.9,319,0.018,0.003,0.0,0.648,18.1,116.2,0.0,
Assets/_Project/Audio/Foley/foley_gear_linen_move_04.ogg,foley_gear_linen_move,4,foley,library-cc0,kenney:rpg-audio/cloth*,0.384,-6.1,-26.6,20.5,1120,0.081,0.038,0.014,0.241,17.0,60.7,0.0,
Assets/_Project/Audio/Foley/foley_gear_leather_move_01.ogg,foley_gear_leather_move,1,foley,library-cc0,kenney:rpg-audio/clothBelt* + kenney:rpg-audio/handleSmallLeather* gain=-6,0.698,-1.5,-28.8,27.4,5927,0.591,0.228,0.096,0.015,15.4,501.0,0.0,
Assets/_Project/Audio/Foley/foley_gear_leather_move_02.ogg,foley_gear_leather_move,2,foley,library-cc0,kenney:rpg-audio/clothBelt* + kenney:rpg-audio/handleSmallLeather* gain=-6,0.559,-4.1,-26.8,22.7,5883,0.368,0.287,0.135,0.046,14.5,50.7,0.0,
Assets/_Project/Audio/Foley/foley_gear_leather_move_03.ogg,foley_gear_leather_move,3,foley,library-cc0,kenney:rpg-audio/clothBelt* + kenney:rpg-audio/handleSmallLeather* gain=-6,0.665,-1.0,-28.1,27.1,6241,0.194,0.606,0.102,0.018,15.2,477.0,0.0,
Assets/_Project/Audio/Foley/foley_gear_leather_move_04.ogg,foley_gear_leather_move,4,foley,library-cc0,kenney:rpg-audio/clothBelt* + kenney:rpg-audio/handleSmallLeather* gain=-6,0.532,-3.7,-27.0,23.3,6056,0.196,0.451,0.135,0.042,14.4,54.1,0.0,
Assets/_Project/Audio/Foley/foley_gear_mail_move_01.ogg,foley_gear_mail_move,1,foley,library-cc0,synth:rattle dur=0.4 density=60 freq=2200 + kenney:rpg-audio/cloth* gain=-6,0.54,-9.5,-26.7,17.2,3181,0.488,0.11,0.026,0.003,17.4,163.4,0.0,
Assets/_Project/Audio/Foley/foley_gear_mail_move_02.ogg,foley_gear_mail_move,2,foley,library-cc0,synth:rattle dur=0.4 density=60 freq=2200 + kenney:rpg-audio/cloth* gain=-6,0.385,-12.6,-26.9,14.2,3343,0.504,0.132,0.031,0.001,17.8,290.4,0.0,
Assets/_Project/Audio/Foley/foley_gear_mail_move_03.ogg,foley_gear_mail_move,3,foley,library-cc0,synth:rattle dur=0.4 density=60 freq=2200 + kenney:rpg-audio/cloth* gain=-6,0.447,-11.9,-26.7,14.8,3415,0.524,0.161,0.026,0.002,18.5,96.0,0.0,
Assets/_Project/Audio/Foley/foley_gear_mail_move_04.ogg,foley_gear_mail_move,4,foley,library-cc0,synth:rattle dur=0.4 density=60 freq=2200 + kenney:rpg-audio/cloth* gain=-6,0.399,-8.9,-26.7,17.8,3035,0.488,0.102,0.022,0.001,18.3,95.6,0.0,
Assets/_Project/Audio/Foley/foley_gear_plate_move_01.ogg,foley_gear_plate_move,1,foley,library-cc0,kenney:impact-sounds/impactPlate_light_* gain=-6 + synth:rattle dur=0.3 density=25 freq=1800,0.386,-7.0,-26.7,19.7,2829,0.38,0.121,0.023,0.004,18.4,160.7,0.0,
Assets/_Project/Audio/Foley/foley_gear_plate_move_02.ogg,foley_gear_plate_move,2,foley,library-cc0,kenney:impact-sounds/impactPlate_light_* gain=-6 + synth:rattle dur=0.3 density=25 freq=1800,0.54,-5.2,-26.7,21.5,2913,0.462,0.122,0.02,0.004,19.1,76.8,0.0,
Assets/_Project/Audio/Foley/foley_gear_plate_move_03.ogg,foley_gear_plate_move,3,foley,library-cc0,kenney:impact-sounds/impactPlate_light_* gain=-6 + synth:rattle dur=0.3 density=25 freq=1800,0.427,-6.6,-26.6,20.0,2323,0.37,0.037,0.013,0.004,19.9,73.4,0.0,
Assets/_Project/Audio/Foley/foley_gear_plate_move_04.ogg,foley_gear_plate_move,4,foley,library-cc0,kenney:impact-sounds/impactPlate_light_* gain=-6 + synth:rattle dur=0.3 density=25 freq=1800,0.465,-6.7,-26.8,20.1,3320,0.709,0.112,0.03,0.005,20.0,185.9,0.0,
Assets/_Project/Audio/Foley/foley_gear_bronze_plate_move_01.ogg,foley_gear_bronze_plate_move,1,foley,library-cc0,kenney:impact-sounds/impactBell_heavy_* shift=1.6 gain=-12 + synth:rattle dur=0.3 density=15 freq=900,0.715,-5.4,-26.6,21.2,1494,0.188,0.018,0.008,0.01,19.6,21.6,0.0,
Assets/_Project/Audio/Foley/foley_gear_bronze_plate_move_02.ogg,foley_gear_bronze_plate_move,2,foley,library-cc0,kenney:impact-sounds/impactBell_heavy_* shift=1.6 gain=-12 + synth:rattle dur=0.3 density=15 freq=900,0.8,-4.4,-26.6,22.2,1222,0.13,0.019,0.0,0.005,20.2,99.0,0.0,
Assets/_Project/Audio/Foley/foley_gear_bronze_plate_move_03.ogg,foley_gear_bronze_plate_move,3,foley,library-cc0,kenney:impact-sounds/impactBell_heavy_* shift=1.6 gain=-12 + synth:rattle dur=0.3 density=15 freq=900,0.321,-7.8,-26.7,18.9,1597,0.205,0.02,0.009,0.006,20.2,43.2,0.0,
Assets/_Project/Audio/Foley/foley_gear_bronze_plate_move_04.ogg,foley_gear_bronze_plate_move,4,foley,library-cc0,kenney:impact-sounds/impactBell_heavy_* shift=1.6 gain=-12 + synth:rattle dur=0.3 density=15 freq=900,0.316,-8.7,-26.5,17.8,1006,0.079,0.01,0.002,0.007,20.3,9.7,0.0,
Assets/_Project/Audio/Foley/foley_step_hound_01.ogg,foley_step_hound,1,foley,placeholder,synth:tick dur=0.05 freq=2500 noise=0.8 + synth:tick dur=0.05 freq=2300 noise=0.8,0.05,-11.0,-26.3,15.3,2403,0.973,0.002,0.0,0.0,19.2,2.0,0.0,
Assets/_Project/Audio/Foley/foley_step_hound_02.ogg,foley_step_hound,2,foley,placeholder,synth:tick dur=0.05 freq=2500 noise=0.8 + synth:tick dur=0.05 freq=2300 noise=0.8,0.05,-9.6,-26.3,16.7,2358,0.955,0.003,0.0,0.0,18.7,2.2,0.0,
Assets/_Project/Audio/Foley/foley_step_hound_03.ogg,foley_step_hound,3,foley,placeholder,synth:tick dur=0.05 freq=2500 noise=0.8 + synth:tick dur=0.05 freq=2300 noise=0.8,0.05,-9.1,-26.9,17.8,2367,0.928,0.002,0.0,0.0,18.4,1.8,0.0,
Assets/_Project/Audio/Foley/foley_step_hound_04.ogg,foley_step_hound,4,foley,placeholder,synth:tick dur=0.05 freq=2500 noise=0.8 + synth:tick dur=0.05 freq=2300 noise=0.8,0.05,-10.6,-26.9,16.4,2415,0.893,0.003,0.0,0.0,19.9,2.4,0.0,
Assets/_Project/Audio/Foley/foley_step_hound_05.ogg,foley_step_hound,5,foley,placeholder,synth:tick dur=0.05 freq=2500 noise=0.8 + synth:tick dur=0.05 freq=2300 noise=0.8,0.05,-10.1,-27.0,16.9,2363,0.948,0.003,0.0,0.0,19.0,4.0,0.0,
Assets/_Project/Audio/Foley/foley_step_hound_06.ogg,foley_step_hound,6,foley,placeholder,synth:tick dur=0.05 freq=2500 noise=0.8 + synth:tick dur=0.05 freq=2300 noise=0.8,0.05,-13.3,-27.0,13.7,2372,0.971,0.002,0.0,0.0,18.6,5.3,0.0,
Assets/_Project/Audio/SFX/Enemies/sfx_enemy_dendra_boar_tusk_rattle_01.ogg,sfx_enemy_dendra_boar_tusk_rattle,1,creatures,placeholder,synth:rattle dur=0.4 density=30 freq=1200 spread=0.3,0.382,-5.9,-22.7,16.8,1968,0.253,0.033,0.008,0.003,17.7,71.2,0.0,
Assets/_Project/Audio/SFX/Enemies/sfx_enemy_dendra_boar_tusk_rattle_02.ogg,sfx_enemy_dendra_boar_tusk_rattle,2,creatures,placeholder,synth:rattle dur=0.4 density=30 freq=1200 spread=0.3,0.396,-6.8,-22.7,15.9,2006,0.23,0.033,0.008,0.002,18.6,47.6,0.0,
Assets/_Project/Audio/SFX/Enemies/sfx_enemy_keeper_firepot_throw_01.ogg,sfx_enemy_keeper_firepot_throw,1,creatures,placeholder,synth:whoosh dur=0.4 f0=300 f1=1500 + synth:crackle dur=0.4 density=40 body=0,0.421,-1.9,-25.6,23.8,1891,0.205,0.092,0.006,0.009,13.6,189.9,0.0,
Assets/_Project/Audio/SFX/Enemies/sfx_enemy_keeper_firepot_throw_02.ogg,sfx_enemy_keeper_firepot_throw,2,creatures,placeholder,synth:whoosh dur=0.4 f0=300 f1=1500 + synth:crackle dur=0.4 density=40 body=0,0.431,-1.7,-23.9,22.2,1296,0.1,0.048,0.003,0.012,14.7,166.6,0.0,
Assets/_Project/Audio/SFX/Enemies/sfx_enemy_keeper_firepot_shatter_01.ogg,sfx_enemy_keeper_firepot_shatter,1,creatures,placeholder,synth:whumph dur=0.9 size=1.2 + kenney:impact-sounds/impactPlate_heavy_*,0.893,-6.4,-19.0,12.6,95,0.001,0.0,0.0,0.955,17.6,204.6,0.0,
Assets/_Project/Audio/SFX/Enemies/sfx_enemy_keeper_firepot_shatter_02.ogg,sfx_enemy_keeper_firepot_shatter,2,creatures,placeholder,synth:whumph dur=0.9 size=1.2 + kenney:impact-sounds/impactPlate_heavy_*,0.893,-7.0,-19.0,12.0,92,0.001,0.0,0.0,0.931,17.1,154.8,0.0,
Assets/_Project/Audio/SFX/Enemies/amb_enemy_lantern_creak_loop_01.ogg,amb_enemy_lantern_creak_loop,1,ambience,placeholder,synth:creak dur=2.5 rate=6 pitch=900 rise=1.1,2.0,-1.1,-33.4,32.3,1673,0.265,0.008,0.0,0.0,7.3,837.1,0.0,
Assets/_Project/Audio/SFX/Enemies/sfx_enemy_musket_rest_plant_01.ogg,sfx_enemy_musket_rest_plant,1,creatures,library-cc0,kenney:impact-sounds/impactPlank_medium_*,0.418,-2.6,-22.4,19.8,177,0.001,0.0,0.0,0.936,20.8,8.6,0.0,
Assets/_Project/Audio/SFX/Enemies/sfx_enemy_petard_plant_01.ogg,sfx_enemy_petard_plant,1,creatures,library-cc0,kenney:impact-sounds/impactMetal_heavy_* shift=0.8,0.21,-1.3,-21.1,19.8,999,0.186,0.0,0.0,0.107,19.8,2.3,0.0,
Assets/_Project/Audio/VO/hound/vo_hound_pant_loop_01.ogg,vo_hound_pant_loop,1,creatures,placeholder,synth:hound dur=2.0 kind=pant,1.5,-6.7,-24.4,17.6,1805,0.322,0.015,0.0,0.001,12.2,357.6,0.0,
Assets/_Project/Audio/VO/hound/vo_hound_growl_01.ogg,vo_hound_growl,1,creatures,placeholder,synth:hound dur=1.0 kind=growl,1.0,-7.0,-22.5,15.5,414,0.004,0.0,0.0,0.263,19.2,921.5,0.0,
Assets/_Project/Audio/VO/hound/vo_hound_growl_02.ogg,vo_hound_growl,2,creatures,placeholder,synth:hound dur=1.0 kind=growl,1.0,-8.4,-22.5,14.2,365,0.003,0.0,0.0,0.361,19.5,921.1,0.0,
Assets/_Project/Audio/VO/hound/vo_hound_growl_03.ogg,vo_hound_growl,3,creatures,placeholder,synth:hound dur=1.0 kind=growl,1.0,-9.5,-22.5,13.0,304,0.002,0.0,0.0,0.475,19.9,683.1,0.0,
Assets/_Project/Audio/VO/hound/vo_hound_bark_01.ogg,vo_hound_bark,1,creatures,placeholder,synth:hound dur=0.35 kind=bark,0.35,-9.6,-18.9,9.3,641,0.009,0.0,0.0,0.093,22.0,105.0,0.0,
Assets/_Project/Audio/VO/hound/vo_hound_bark_02.ogg,vo_hound_bark,2,creatures,placeholder,synth:hound dur=0.35 kind=bark,0.35,-11.1,-18.9,7.8,381,0.003,0.0,0.0,0.028,22.4,282.6,0.0,
Assets/_Project/Audio/VO/hound/vo_hound_bark_03.ogg,vo_hound_bark,3,creatures,placeholder,synth:hound dur=0.35 kind=bark,0.35,-9.7,-19.0,9.3,639,0.009,0.0,0.0,0.093,21.9,105.0,0.0,
Assets/_Project/Audio/VO/hound/vo_hound_bark_04.ogg,vo_hound_bark,4,creatures,placeholder,synth:hound dur=0.35 kind=bark,0.35,-10.3,-18.9,8.7,350,0.003,0.0,0.0,0.028,22.3,63.1,0.0005,
Assets/_Project/Audio/VO/hound/vo_hound_bite_01.ogg,vo_hound_bite,1,creatures,placeholder,synth:hound dur=0.3 kind=growl,0.3,-11.0,-22.5,11.5,256,0.002,0.0,0.0,0.59,21.3,42.7,0.0,
Assets/_Project/Audio/VO/hound/vo_hound_bite_02.ogg,vo_hound_bite,2,creatures,placeholder,synth:hound dur=0.3 kind=growl,0.3,-9.6,-22.5,13.0,642,0.008,0.0,0.0,0.001,18.9,194.8,0.0,
Assets/_Project/Audio/VO/hound/vo_hound_bite_03.ogg,vo_hound_bite,3,creatures,placeholder,synth:hound dur=0.3 kind=growl,0.3,-8.6,-22.6,14.0,786,0.011,0.0,0.0,0.0,18.7,194.6,0.0,
Assets/_Project/Audio/VO/hound/vo_hound_yelp_01.ogg,vo_hound_yelp,1,creatures,placeholder,synth:hound dur=0.3 kind=yelp,0.3,-14.5,-20.9,6.4,636,0.005,0.0,0.0,0.0,22.5,58.7,0.0,
Assets/_Project/Audio/VO/hound/vo_hound_yelp_02.ogg,vo_hound_yelp,2,creatures,placeholder,synth:hound dur=0.3 kind=yelp,0.3,-13.0,-20.9,7.9,678,0.003,0.0,0.0,0.0,22.5,133.8,0.0,
Assets/_Project/Audio/VO/hound/vo_hound_yelp_03.ogg,vo_hound_yelp,3,creatures,placeholder,synth:hound dur=0.3 kind=yelp,0.3,-13.1,-21.0,7.9,807,0.091,0.0,0.0,0.004,22.3,111.9,0.0,
Assets/_Project/Audio/VO/hound/vo_hound_howl_01.ogg,vo_hound_howl,1,creatures,placeholder,synth:hound dur=3.0 kind=howl,3.0,-10.7,-18.9,8.3,468,0.0,0.0,0.0,0.0,22.6,427.0,0.0,
Assets/_Project/Audio/VO/hound/vo_hound_whimper_grabbed_01.ogg,vo_hound_whimper_grabbed,1,creatures,placeholder,synth:hound dur=0.8 kind=yelp,0.8,-12.3,-22.4,10.1,715,0.015,0.0,0.0,0.0,22.2,491.8,0.0,
Assets/_Project/Audio/VO/hound/vo_hound_whimper_grabbed_02.ogg,vo_hound_whimper_grabbed,2,creatures,placeholder,synth:hound dur=0.8 kind=yelp,0.8,-13.0,-22.4,9.4,610,0.006,0.0,0.0,0.0,22.8,599.0,0.0,
Assets/_Project/Audio/VO/bronze/vo_bronze_levy_murmur_01.ogg,vo_bronze_levy_murmur,1,creatures,placeholder,synth:babble dur=2.0 pitch=130 mood=calm,2.0,-11.2,-24.0,12.8,512,0.005,0.0,0.0,0.019,21.3,858.6,0.0,
Assets/_Project/Audio/VO/bronze/vo_bronze_levy_murmur_02.ogg,vo_bronze_levy_murmur,2,creatures,placeholder,synth:babble dur=2.0 pitch=130 mood=calm,2.0,-12.5,-23.9,11.5,382,0.003,0.0,0.0,0.087,21.7,1115.1,0.0,
Assets/_Project/Audio/VO/bronze/vo_bronze_levy_murmur_03.ogg,vo_bronze_levy_murmur,3,creatures,placeholder,synth:babble dur=2.0 pitch=130 mood=calm,2.0,-13.9,-24.0,10.0,345,0.003,0.0,0.0,0.079,21.8,610.8,0.0,
Assets/_Project/Audio/VO/bronze/vo_bronze_levy_murmur_04.ogg,vo_bronze_levy_murmur,4,creatures,placeholder,synth:babble dur=2.0 pitch=130 mood=calm,2.0,-13.1,-24.0,10.8,359,0.003,0.0,0.0,0.094,21.7,858.8,0.0,
Assets/_Project/Audio/VO/bronze/vo_bronze_levy_alert_01.ogg,vo_bronze_levy_alert,1,creatures,placeholder,synth:babble dur=1.0 pitch=130 mood=alert,1.0,-10.0,-21.0,11.0,393,0.004,0.0,0.0,0.097,21.6,898.0,0.0,
Assets/_Project/Audio/VO/bronze/vo_bronze_levy_alert_02.ogg,vo_bronze_levy_alert,2,creatures,placeholder,synth:babble dur=1.0 pitch=130 mood=alert,1.0,-11.2,-21.0,9.7,338,0.003,0.0,0.0,0.171,22.2,298.3,0.0,
Assets/_Project/Audio/VO/bronze/vo_bronze_levy_alert_03.ogg,vo_bronze_levy_alert,3,creatures,placeholder,synth:babble dur=1.0 pitch=130 mood=alert,1.0,-10.2,-21.0,10.8,363,0.003,0.0,0.0,0.178,21.6,284.2,0.0,
Assets/_Project/Audio/VO/bronze/vo_bronze_levy_chase_01.ogg,vo_bronze_levy_chase,1,creatures,placeholder,synth:babble dur=1.2 pitch=130 mood=shout,1.2,-8.8,-19.0,10.2,400,0.003,0.0,0.0,0.121,21.8,1097.4,0.0,
Assets/_Project/Audio/VO/bronze/vo_bronze_levy_chase_02.ogg,vo_bronze_levy_chase,2,creatures,placeholder,synth:babble dur=1.2 pitch=130 mood=shout,1.2,-9.0,-19.0,10.0,612,0.006,0.0,0.0,0.001,21.2,771.3,0.0,
Assets/_Project/Audio/VO/bronze/vo_bronze_levy_chase_03.ogg,vo_bronze_levy_chase,3,creatures,placeholder,synth:babble dur=1.2 pitch=130 mood=shout,1.2,-6.9,-19.0,12.1,504,0.005,0.0,0.0,0.061,22.0,1097.4,0.0,
Assets/_Project/Audio/VO/bronze/vo_bronze_levy_search_01.ogg,vo_bronze_levy_search,1,creatures,placeholder,synth:babble dur=1.4 pitch=130 mood=calm,1.4,-9.9,-22.5,12.5,469,0.004,0.0,0.0,0.027,21.5,408.6,0.0,
Assets/_Project/Audio/VO/bronze/vo_bronze_levy_search_02.ogg,vo_bronze_levy_search,2,creatures,placeholder,synth:babble dur=1.4 pitch=130 mood=calm,1.4,-12.0,-22.5,10.5,632,0.007,0.0,0.0,0.001,21.5,403.1,0.0,
Assets/_Project/Audio/VO/bronze/vo_bronze_levy_lost_01.ogg,vo_bronze_levy_lost,1,creatures,placeholder,synth:babble dur=0.9 pitch=130 mood=calm,0.9,-13.8,-22.5,8.7,282,0.002,0.0,0.0,0.122,22.6,743.3,0.0,
Assets/_Project/Audio/VO/bronze/vo_bronze_levy_lost_02.ogg,vo_bronze_levy_lost,2,creatures,placeholder,synth:babble dur=0.9 pitch=130 mood=calm,0.9,-13.8,-22.5,8.6,282,0.002,0.0,0.0,0.123,22.6,743.3,0.0,
Assets/_Project/Audio/VO/bronze/vo_bronze_levy_attack_01.ogg,vo_bronze_levy_attack,1,creatures,placeholder,synth:babble dur=0.4 pitch=130 mood=grunt,0.4,-10.4,-21.0,10.6,654,0.007,0.0,0.0,0.0,21.1,192.1,0.0,
Assets/_Project/Audio/VO/bronze/vo_bronze_levy_attack_02.ogg,vo_bronze_levy_attack,2,creatures,placeholder,synth:babble dur=0.4 pitch=130 mood=grunt,0.4,-11.7,-21.0,9.3,327,0.002,0.0,0.0,0.106,22.0,60.6,0.0,
Assets/_Project/Audio/VO/bronze/vo_bronze_levy_attack_03.ogg,vo_bronze_levy_attack,3,creatures,placeholder,synth:babble dur=0.4 pitch=130 mood=grunt,0.4,-9.9,-21.0,11.0,427,0.004,0.0,0.0,0.037,21.3,60.4,0.0,
Assets/_Project/Audio/VO/bronze/vo_bronze_levy_hurt_01.ogg,vo_bronze_levy_hurt,1,creatures,placeholder,synth:babble dur=0.5 pitch=130 mood=pain,0.5,-12.3,-21.0,8.7,599,0.005,0.0,0.0,0.001,21.9,218.4,0.0,
Assets/_Project/Audio/VO/bronze/vo_bronze_levy_hurt_02.ogg,vo_bronze_levy_hurt,2,creatures,placeholder,synth:babble dur=0.5 pitch=130 mood=pain,0.5,-12.9,-21.0,8.1,323,0.003,0.0,0.0,0.405,22.2,243.5,0.0,
Assets/_Project/Audio/VO/bronze/vo_bronze_levy_hurt_03.ogg,vo_bronze_levy_hurt,3,creatures,placeholder,synth:babble dur=0.5 pitch=130 mood=pain,0.5,-12.9,-21.0,8.1,567,0.005,0.0,0.0,0.002,22.2,203.8,0.0,
Assets/_Project/Audio/VO/bronze/vo_bronze_levy_death_01.ogg,vo_bronze_levy_death,1,creatures,placeholder,synth:babble dur=1.0 pitch=130 mood=pain,1.0,-9.7,-21.0,11.3,403,0.004,0.0,0.0,0.331,21.8,158.1,0.0,
Assets/_Project/Audio/VO/bronze/vo_bronze_levy_death_02.ogg,vo_bronze_levy_death,2,creatures,placeholder,synth:babble dur=1.0 pitch=130 mood=pain,1.0,-12.0,-21.0,9.0,564,0.005,0.0,0.0,0.001,22.2,480.4,0.0,
Assets/_Project/Audio/VO/bronze/vo_bronze_levy_asleep_01.ogg,vo_bronze_levy_asleep,1,creatures,placeholder,synth:snore dur=3.0 pitch=65,2.5,-3.0,-22.5,19.5,187,0.004,0.001,0.001,0.458,15.9,537.9,0.0,
Assets/_Project/Audio/VO/bronze/vo_bronze_levy_asleep_02.ogg,vo_bronze_levy_asleep,2,creatures,placeholder,synth:snore dur=3.0 pitch=65,2.5,-4.9,-22.5,17.6,140,0.003,0.001,0.0,0.487,16.6,690.1,0.0,
Assets/_Project/Audio/VO/bronze/vo_bronze_levy_grabbed_01.ogg,vo_bronze_levy_grabbed,1,creatures,placeholder,synth:babble dur=1.0 pitch=130 mood=alert,1.0,-9.9,-21.0,11.1,393,0.003,0.0,0.0,0.171,21.7,688.8,0.0,
Assets/_Project/Audio/VO/bronze/vo_bronze_levy_grabbed_02.ogg,vo_bronze_levy_grabbed,2,creatures,placeholder,synth:babble dur=1.0 pitch=130 mood=alert,1.0,-11.4,-21.0,9.5,314,0.002,0.0,0.0,0.265,22.3,484.0,0.0,
Assets/_Project/Audio/VO/bronze/vo_bronze_levy_grabbed_03.ogg,vo_bronze_levy_grabbed,3,creatures,placeholder,synth:babble dur=1.0 pitch=130 mood=alert,1.0,-9.9,-21.0,11.1,389,0.004,0.0,0.0,0.212,21.6,483.3,0.0,
Assets/_Project/Audio/VO/bronze/vo_bronze_levy_thrown_01.ogg,vo_bronze_levy_thrown,1,creatures,placeholder,synth:babble dur=0.7 pitch=130 mood=shout,0.7,-12.8,-21.0,8.1,277,0.002,0.0,0.0,0.388,22.7,438.1,0.0,
Assets/_Project/Audio/VO/bronze/vo_bronze_levy_thrown_02.ogg,vo_bronze_levy_thrown,2,creatures,placeholder,synth:babble dur=0.7 pitch=130 mood=shout,0.7,-11.7,-21.0,9.2,310,0.002,0.0,0.0,0.312,22.5,260.0,0.0,
Assets/_Project/Audio/VO/bronze/vo_bronze_slinger_murmur_01.ogg,vo_bronze_slinger_murmur,1,creatures,placeholder,synth:babble dur=2.0 pitch=150 mood=calm,2.0,-11.9,-24.0,12.1,443,0.004,0.0,0.0,0.158,21.1,1105.9,0.0,
Assets/_Project/Audio/VO/bronze/vo_bronze_slinger_murmur_02.ogg,vo_bronze_slinger_murmur,2,creatures,placeholder,synth:babble dur=2.0 pitch=150 mood=calm,2.0,-12.9,-24.0,11.1,365,0.003,0.0,0.0,0.284,21.8,871.2,0.0,
Assets/_Project/Audio/VO/bronze/vo_bronze_slinger_murmur_03.ogg,vo_bronze_slinger_murmur,3,creatures,placeholder,synth:babble dur=2.0 pitch=150 mood=calm,2.0,-12.9,-24.0,11.1,399,0.003,0.0,0.0,0.146,21.7,1130.0,0.0,
Assets/_Project/Audio/VO/bronze/vo_bronze_slinger_murmur_04.ogg,vo_bronze_slinger_murmur,4,creatures,placeholder,synth:babble dur=2.0 pitch=150 mood=calm,2.0,-12.6,-24.0,11.3,391,0.004,0.0,0.0,0.203,21.1,1356.0,0.0,
Assets/_Project/Audio/VO/bronze/vo_bronze_slinger_alert_01.ogg,vo_bronze_slinger_alert,1,creatures,placeholder,synth:babble dur=1.0 pitch=150 mood=alert,1.0,-8.7,-21.0,12.2,403,0.004,0.0,0.0,0.529,21.5,481.4,0.0,
Assets/_Project/Audio/VO/bronze/vo_bronze_slinger_alert_02.ogg,vo_bronze_slinger_alert,2,creatures,placeholder,synth:babble dur=1.0 pitch=150 mood=alert,1.0,-10.1,-20.9,10.8,335,0.003,0.0,0.0,0.505,22.2,482.3,0.0,
Assets/_Project/Audio/VO/bronze/vo_bronze_slinger_alert_03.ogg,vo_bronze_slinger_alert,3,creatures,placeholder,synth:babble dur=1.0 pitch=150 mood=alert,1.0,-11.1,-21.0,9.8,372,0.003,0.0,0.0,0.252,22.3,886.4,0.0,
Assets/_Project/Audio/VO/bronze/vo_bronze_slinger_chase_01.ogg,vo_bronze_slinger_chase,1,creatures,placeholder,synth:babble dur=1.2 pitch=150 mood=shout,1.2,-8.0,-18.9,11.0,357,0.003,0.0,0.0,0.463,22.3,428.6,0.0,
Assets/_Project/Audio/VO/bronze/vo_bronze_slinger_chase_02.ogg,vo_bronze_slinger_chase,2,creatures,placeholder,synth:babble dur=1.2 pitch=150 mood=shout,1.2,-6.6,-19.0,12.3,462,0.004,0.0,0.0,0.373,21.7,244.8,0.0,
Assets/_Project/Audio/VO/bronze/vo_bronze_slinger_chase_03.ogg,vo_bronze_slinger_chase,3,creatures,placeholder,synth:babble dur=1.2 pitch=150 mood=shout,1.2,-8.4,-18.9,10.5,332,0.002,0.0,0.0,0.515,22.5,600.0,0.0,
Assets/_Project/Audio/VO/bronze/vo_bronze_slinger_search_01.ogg,vo_bronze_slinger_search,1,creatures,placeholder,synth:babble dur=1.4 pitch=150 mood=calm,1.4,-12.0,-22.5,10.4,418,0.004,0.0,0.0,0.09,21.3,684.8,0.0,
Assets/_Project/Audio/VO/bronze/vo_bronze_slinger_search_02.ogg,vo_bronze_slinger_search,2,creatures,placeholder,synth:babble dur=1.4 pitch=150 mood=calm,1.4,-12.4,-22.5,10.0,341,0.003,0.0,0.0,0.202,22.3,1245.3,0.0,
Assets/_Project/Audio/VO/bronze/vo_bronze_slinger_lost_01.ogg,vo_bronze_slinger_lost,1,creatures,placeholder,synth:babble dur=0.9 pitch=150 mood=calm,0.9,-11.6,-22.5,10.8,376,0.003,0.0,0.0,0.191,22.1,731.1,0.0,
Assets/_Project/Audio/VO/bronze/vo_bronze_slinger_lost_02.ogg,vo_bronze_slinger_lost,2,creatures,placeholder,synth:babble dur=0.9 pitch=150 mood=calm,0.9,-14.0,-22.5,8.5,286,0.002,0.0,0.0,0.291,22.8,451.0,0.0,
Assets/_Project/Audio/VO/bronze/vo_bronze_slinger_attack_01.ogg,vo_bronze_slinger_attack,1,creatures,placeholder,synth:babble dur=0.4 pitch=150 mood=grunt,0.4,-11.0,-21.0,10.0,610,0.006,0.0,0.0,0.001,21.1,320.2,0.0,
Assets/_Project/Audio/VO/bronze/vo_bronze_slinger_attack_02.ogg,vo_bronze_slinger_attack,2,creatures,placeholder,synth:babble dur=0.4 pitch=150 mood=grunt,0.4,-9.9,-21.0,11.0,403,0.004,0.0,0.0,0.266,21.4,324.0,0.0,
Assets/_Project/Audio/VO/bronze/vo_bronze_slinger_attack_03.ogg,vo_bronze_slinger_attack,3,creatures,placeholder,synth:babble dur=0.4 pitch=150 mood=grunt,0.4,-10.7,-21.0,10.3,769,0.009,0.0,0.0,0.0,21.1,190.4,0.0,
Assets/_Project/Audio/VO/bronze/vo_bronze_slinger_hurt_01.ogg,vo_bronze_slinger_hurt,1,creatures,placeholder,synth:babble dur=0.5 pitch=150 mood=pain,0.5,-12.5,-20.9,8.5,633,0.007,0.0,0.0,0.003,21.2,259.6,0.0,
Assets/_Project/Audio/VO/bronze/vo_bronze_slinger_hurt_02.ogg,vo_bronze_slinger_hurt,2,creatures,placeholder,synth:babble dur=0.5 pitch=150 mood=pain,0.5,-12.4,-20.9,8.5,272,0.002,0.0,0.0,0.804,22.4,258.7,0.0,
Assets/_Project/Audio/VO/bronze/vo_bronze_slinger_hurt_03.ogg,vo_bronze_slinger_hurt,3,creatures,placeholder,synth:babble dur=0.5 pitch=150 mood=pain,0.5,-12.4,-20.9,8.6,272,0.002,0.0,0.0,0.805,22.4,236.7,0.0,
Assets/_Project/Audio/VO/bronze/vo_bronze_slinger_death_01.ogg,vo_bronze_slinger_death,1,creatures,placeholder,synth:babble dur=1.0 pitch=150 mood=pain,1.0,-12.2,-20.9,8.8,279,0.002,0.0,0.0,0.762,22.3,485.6,0.0,
Assets/_Project/Audio/VO/bronze/vo_bronze_slinger_death_02.ogg,vo_bronze_slinger_death,2,creatures,placeholder,synth:babble dur=1.0 pitch=150 mood=pain,1.0,-11.3,-20.9,9.6,310,0.002,0.0,0.0,0.631,22.4,819.1,0.0,
Assets/_Project/Audio/VO/bronze/vo_bronze_slinger_asleep_01.ogg,vo_bronze_slinger_asleep,1,creatures,placeholder,synth:snore dur=3.0 pitch=75,2.5,-3.2,-22.5,19.2,115,0.003,0.001,0.001,0.497,16.7,563.9,0.0,
Assets/_Project/Audio/VO/bronze/vo_bronze_slinger_asleep_02.ogg,vo_bronze_slinger_asleep,2,creatures,placeholder,synth:snore dur=3.0 pitch=75,2.5,-3.4,-22.5,19.1,138,0.003,0.001,0.0,0.477,16.9,626.4,0.0,
Assets/_Project/Audio/VO/bronze/vo_bronze_slinger_grabbed_01.ogg,vo_bronze_slinger_grabbed,1,creatures,placeholder,synth:babble dur=1.0 pitch=150 mood=alert,1.0,-11.5,-20.9,9.4,304,0.002,0.0,0.0,0.439,22.3,689.0,0.0,
Assets/_Project/Audio/VO/bronze/vo_bronze_slinger_grabbed_02.ogg,vo_bronze_slinger_grabbed,2,creatures,placeholder,synth:babble dur=1.0 pitch=150 mood=alert,1.0,-10.5,-21.0,10.5,406,0.003,0.0,0.0,0.189,22.5,103.1,0.0,
Assets/_Project/Audio/VO/bronze/vo_bronze_slinger_grabbed_03.ogg,vo_bronze_slinger_grabbed,3,creatures,placeholder,synth:babble dur=1.0 pitch=150 mood=alert,1.0,-9.8,-20.9,11.1,355,0.003,0.0,0.0,0.497,21.9,481.4,0.0,
Assets/_Project/Audio/VO/bronze/vo_bronze_slinger_thrown_01.ogg,vo_bronze_slinger_thrown,1,creatures,placeholder,synth:babble dur=0.7 pitch=150 mood=shout,0.7,-10.8,-21.0,10.1,365,0.003,0.0,0.0,0.337,21.9,76.0,0.0,
Assets/_Project/Audio/VO/bronze/vo_bronze_slinger_thrown_02.ogg,vo_bronze_slinger_thrown,2,creatures,placeholder,synth:babble dur=0.7 pitch=150 mood=shout,0.7,-12.3,-21.0,8.7,289,0.003,0.0,0.0,0.574,22.2,599.9,0.0,
Assets/_Project/Audio/VO/bronze/vo_bronze_champion_murmur_01.ogg,vo_bronze_champion_murmur,1,creatures,placeholder,synth:babble dur=2.0 pitch=95 mood=calm,2.0,-11.4,-24.0,12.6,333,0.003,0.0,0.0,0.37,20.8,875.0,0.0,
Assets/_Project/Audio/VO/bronze/vo_bronze_champion_murmur_02.ogg,vo_bronze_champion_murmur,2,creatures,placeholder,synth:babble dur=2.0 pitch=95 mood=calm,2.0,-11.3,-24.0,12.7,338,0.003,0.0,0.0,0.389,20.4,1116.9,0.0,
Assets/_Project/Audio/VO/bronze/vo_bronze_champion_murmur_03.ogg,vo_bronze_champion_murmur,3,creatures,placeholder,synth:babble dur=2.0 pitch=95 mood=calm,2.0,-11.6,-24.0,12.4,318,0.002,0.0,0.0,0.481,20.6,1107.0,0.0,
Assets/_Project/Audio/VO/bronze/vo_bronze_champion_murmur_04.ogg,vo_bronze_champion_murmur,4,creatures,placeholder,synth:babble dur=2.0 pitch=95 mood=calm,2.0,-10.5,-24.0,13.5,378,0.003,0.0,0.0,0.314,20.2,609.4,0.0,
Assets/_Project/Audio/VO/bronze/vo_bronze_champion_alert_01.ogg,vo_bronze_champion_alert,1,creatures,placeholder,synth:babble dur=1.0 pitch=95 mood=alert,1.0,-9.8,-21.0,11.1,328,0.002,0.0,0.0,0.468,20.6,488.8,0.0,
Assets/_Project/Audio/VO/bronze/vo_bronze_champion_alert_02.ogg,vo_bronze_champion_alert,2,creatures,placeholder,synth:babble dur=1.0 pitch=95 mood=alert,1.0,-7.9,-21.0,13.1,455,0.004,0.0,0.0,0.14,20.4,81.9,0.0,
Assets/_Project/Audio/VO/bronze/vo_bronze_champion_alert_03.ogg,vo_bronze_champion_alert,3,creatures,placeholder,synth:babble dur=1.0 pitch=95 mood=alert,1.0,-8.8,-21.0,12.2,381,0.003,0.0,0.0,0.415,20.4,684.1,0.0,
Assets/_Project/Audio/VO/bronze/vo_bronze_champion_chase_01.ogg,vo_bronze_champion_chase,1,creatures,placeholder,synth:babble dur=1.2 pitch=95 mood=shout,1.2,-6.9,-19.0,12.1,403,0.003,0.0,0.0,0.206,21.0,412.7,0.0,
Assets/_Project/Audio/VO/bronze/vo_bronze_champion_chase_02.ogg,vo_bronze_champion_chase,2,creatures,placeholder,synth:babble dur=1.2 pitch=95 mood=shout,1.2,-6.6,-19.0,12.4,395,0.003,0.0,0.0,0.349,20.7,930.4,0.0,
Assets/_Project/Audio/VO/bronze/vo_bronze_champion_chase_03.ogg,vo_bronze_champion_chase,3,creatures,placeholder,synth:babble dur=1.2 pitch=95 mood=shout,1.2,-8.1,-19.0,10.9,327,0.002,0.0,0.0,0.425,20.8,72.1,0.0,
Assets/_Project/Audio/VO/bronze/vo_bronze_champion_search_01.ogg,vo_bronze_champion_search,1,creatures,placeholder,synth:babble dur=1.4 pitch=95 mood=calm,1.4,-10.2,-22.5,12.3,332,0.003,0.0,0.0,0.337,20.8,115.5,0.0,
Assets/_Project/Audio/VO/bronze/vo_bronze_champion_search_02.ogg,vo_bronze_champion_search,2,creatures,placeholder,synth:babble dur=1.4 pitch=95 mood=calm,1.4,-10.9,-22.5,11.6,589,0.006,0.0,0.0,0.001,20.2,1258.6,0.0,
Assets/_Project/Audio/VO/bronze/vo_bronze_champion_lost_01.ogg,vo_bronze_champion_lost,1,creatures,placeholder,synth:babble dur=0.9 pitch=95 mood=calm,0.9,-11.0,-22.5,11.5,307,0.002,0.0,0.0,0.42,20.9,145.8,0.0,
Assets/_Project/Audio/VO/bronze/vo_bronze_champion_lost_02.ogg,vo_bronze_champion_lost,2,creatures,placeholder,synth:babble dur=0.9 pitch=95 mood=calm,0.9,-9.6,-22.5,12.9,422,0.004,0.0,0.0,0.174,20.7,155.7,0.0,
Assets/_Project/Audio/VO/bronze/vo_bronze_champion_attack_01.ogg,vo_bronze_champion_attack,1,creatures,placeholder,synth:babble dur=0.4 pitch=95 mood=grunt,0.4,-8.2,-21.0,12.8,355,0.003,0.0,0.0,0.482,19.8,61.9,0.0,
Assets/_Project/Audio/VO/bronze/vo_bronze_champion_attack_02.ogg,vo_bronze_champion_attack,2,creatures,placeholder,synth:babble dur=0.4 pitch=95 mood=grunt,0.4,-11.3,-21.0,9.6,264,0.002,0.0,0.0,0.589,20.6,52.2,0.0,
Assets/_Project/Audio/VO/bronze/vo_bronze_champion_attack_03.ogg,vo_bronze_champion_attack,3,creatures,placeholder,synth:babble dur=0.4 pitch=95 mood=grunt,0.4,-9.6,-21.0,11.4,305,0.002,0.0,0.0,0.544,20.5,193.7,0.0,
Assets/_Project/Audio/VO/bronze/vo_bronze_champion_hurt_01.ogg,vo_bronze_champion_hurt,1,creatures,placeholder,synth:babble dur=0.5 pitch=95 mood=pain,0.5,-12.6,-21.0,8.3,266,0.002,0.0,0.0,0.261,22.6,225.2,0.0,
Assets/_Project/Audio/VO/bronze/vo_bronze_champion_hurt_02.ogg,vo_bronze_champion_hurt,2,creatures,placeholder,synth:babble dur=0.5 pitch=95 mood=pain,0.5,-13.1,-21.0,7.9,309,0.002,0.0,0.0,0.149,21.9,217.2,0.0,
Assets/_Project/Audio/VO/bronze/vo_bronze_champion_hurt_03.ogg,vo_bronze_champion_hurt,3,creatures,placeholder,synth:babble dur=0.5 pitch=95 mood=pain,0.5,-11.0,-21.0,10.0,601,0.006,0.0,0.0,0.001,20.7,238.5,0.0,
Assets/_Project/Audio/VO/bronze/vo_bronze_champion_death_01.ogg,vo_bronze_champion_death,1,creatures,placeholder,synth:babble dur=1.0 pitch=95 mood=pain,1.0,-10.8,-21.0,10.2,337,0.002,0.0,0.0,0.187,21.8,175.8,0.0,
Assets/_Project/Audio/VO/bronze/vo_bronze_champion_death_02.ogg,vo_bronze_champion_death,2,creatures,placeholder,synth:babble dur=1.0 pitch=95 mood=pain,1.0,-10.5,-21.0,10.5,341,0.002,0.0,0.0,0.199,21.3,158.9,0.0,
Assets/_Project/Audio/VO/bronze/vo_bronze_champion_asleep_01.ogg,vo_bronze_champion_asleep,1,creatures,placeholder,synth:snore dur=3.0 pitch=48,2.5,-2.5,-22.5,20.0,147,0.003,0.001,0.0,0.491,16.2,633.5,0.0,
Assets/_Project/Audio/VO/bronze/vo_bronze_champion_asleep_02.ogg,vo_bronze_champion_asleep,2,creatures,placeholder,synth:snore dur=3.0 pitch=48,2.5,-4.0,-22.5,18.4,150,0.003,0.001,0.0,0.523,15.9,667.3,0.0,
Assets/_Project/Audio/VO/bronze/vo_bronze_champion_grabbed_01.ogg,vo_bronze_champion_grabbed,1,creatures,placeholder,synth:babble dur=1.0 pitch=95 mood=alert,1.0,-9.9,-21.0,11.1,309,0.002,0.0,0.0,0.517,20.7,888.3,0.0,
Assets/_Project/Audio/VO/bronze/vo_bronze_champion_grabbed_02.ogg,vo_bronze_champion_grabbed,2,creatures,placeholder,synth:babble dur=1.0 pitch=95 mood=alert,1.0,-8.4,-21.0,12.6,366,0.003,0.0,0.0,0.377,20.5,92.0,0.0,
Assets/_Project/Audio/VO/bronze/vo_bronze_champion_grabbed_03.ogg,vo_bronze_champion_grabbed,3,creatures,placeholder,synth:babble dur=1.0 pitch=95 mood=alert,1.0,-9.0,-21.0,12.0,353,0.003,0.0,0.0,0.476,20.6,283.4,0.0,
Assets/_Project/Audio/VO/bronze/vo_bronze_champion_thrown_01.ogg,vo_bronze_champion_thrown,1,creatures,placeholder,synth:babble dur=0.7 pitch=95 mood=shout,0.7,-8.9,-21.0,12.0,420,0.003,0.0,0.0,0.162,20.9,255.6,0.0,
Assets/_Project/Audio/VO/bronze/vo_bronze_champion_thrown_02.ogg,vo_bronze_champion_thrown,2,creatures,placeholder,synth:babble dur=0.7 pitch=95 mood=shout,0.7,-8.0,-21.0,13.0,467,0.004,0.0,0.0,0.276,19.8,598.5,0.0,
Assets/_Project/Audio/VO/bronze/vo_bronze_keeper_murmur_01.ogg,vo_bronze_keeper_murmur,1,creatures,placeholder,synth:babble dur=2.0 pitch=115 mood=calm,2.0,-13.1,-24.0,10.8,311,0.002,0.0,0.0,0.425,21.3,1871.4,0.0,
Assets/_Project/Audio/VO/bronze/vo_bronze_keeper_murmur_02.ogg,vo_bronze_keeper_murmur,2,creatures,placeholder,synth:babble dur=2.0 pitch=115 mood=calm,2.0,-11.9,-24.0,12.0,379,0.003,0.0,0.0,0.262,20.8,1112.1,0.0,
Assets/_Project/Audio/VO/bronze/vo_bronze_keeper_murmur_03.ogg,vo_bronze_keeper_murmur,3,creatures,placeholder,synth:babble dur=2.0 pitch=115 mood=calm,2.0,-12.6,-24.0,11.4,330,0.003,0.0,0.0,0.419,21.3,357.4,0.0,
Assets/_Project/Audio/VO/bronze/vo_bronze_keeper_murmur_04.ogg,vo_bronze_keeper_murmur,4,creatures,placeholder,synth:babble dur=2.0 pitch=115 mood=calm,2.0,-13.2,-24.0,10.7,312,0.002,0.0,0.0,0.441,21.1,1856.6,0.0,
Assets/_Project/Audio/VO/bronze/vo_bronze_keeper_alert_01.ogg,vo_bronze_keeper_alert,1,creatures,placeholder,synth:babble dur=1.0 pitch=115 mood=alert,1.0,-10.4,-21.0,10.6,630,0.007,0.0,0.0,0.001,21.0,495.7,0.0,
Assets/_Project/Audio/VO/bronze/vo_bronze_keeper_alert_02.ogg,vo_bronze_keeper_alert,2,creatures,placeholder,synth:babble dur=1.0 pitch=115 mood=alert,1.0,-9.2,-21.0,11.8,447,0.004,0.0,0.0,0.023,21.2,289.2,0.0,
Assets/_Project/Audio/VO/bronze/vo_bronze_keeper_alert_03.ogg,vo_bronze_keeper_alert,3,creatures,placeholder,synth:babble dur=1.0 pitch=115 mood=alert,1.0,-8.8,-21.0,12.2,459,0.004,0.0,0.0,0.024,20.9,288.8,0.0,
Assets/_Project/Audio/VO/bronze/vo_bronze_keeper_chase_01.ogg,vo_bronze_keeper_chase,1,creatures,placeholder,synth:babble dur=1.2 pitch=115 mood=shout,1.2,-8.1,-19.0,10.8,365,0.003,0.0,0.0,0.262,21.4,76.5,0.0,
Assets/_Project/Audio/VO/bronze/vo_bronze_keeper_chase_02.ogg,vo_bronze_keeper_chase,2,creatures,placeholder,synth:babble dur=1.2 pitch=115 mood=shout,1.2,-7.0,-19.0,11.9,497,0.004,0.0,0.0,0.033,21.0,407.2,0.0,
Assets/_Project/Audio/VO/bronze/vo_bronze_keeper_chase_03.ogg,vo_bronze_keeper_chase,3,creatures,placeholder,synth:babble dur=1.2 pitch=115 mood=shout,1.2,-8.0,-19.0,11.0,441,0.004,0.0,0.0,0.049,21.1,758.1,0.0,
Assets/_Project/Audio/VO/bronze/vo_bronze_keeper_search_01.ogg,vo_bronze_keeper_search,1,creatures,placeholder,synth:babble dur=1.4 pitch=115 mood=calm,1.4,-10.9,-22.5,11.6,370,0.003,0.0,0.0,0.291,21.0,954.1,0.0,
Assets/_Project/Audio/VO/bronze/vo_bronze_keeper_search_02.ogg,vo_bronze_keeper_search,2,creatures,placeholder,synth:babble dur=1.4 pitch=115 mood=calm,1.4,-10.4,-22.5,12.1,347,0.003,0.0,0.0,0.37,21.1,953.4,0.0,
Assets/_Project/Audio/VO/bronze/vo_bronze_keeper_lost_01.ogg,vo_bronze_keeper_lost,1,creatures,placeholder,synth:babble dur=0.9 pitch=115 mood=calm,0.9,-10.0,-22.5,12.5,362,0.003,0.0,0.0,0.444,21.4,146.3,0.0,
Assets/_Project/Audio/VO/bronze/vo_bronze_keeper_lost_02.ogg,vo_bronze_keeper_lost,2,creatures,placeholder,synth:babble dur=0.9 pitch=115 mood=calm,0.9,-10.3,-22.5,12.2,393,0.003,0.0,0.0,0.314,20.9,749.2,0.0,
Assets/_Project/Audio/VO/bronze/vo_bronze_keeper_attack_01.ogg,vo_bronze_keeper_attack,1,creatures,placeholder,synth:babble dur=0.4 pitch=115 mood=grunt,0.4,-9.5,-21.0,11.4,376,0.003,0.0,0.0,0.114,20.3,190.6,0.0,
Assets/_Project/Audio/VO/bronze/vo_bronze_keeper_attack_02.ogg,vo_bronze_keeper_attack,2,creatures,placeholder,synth:babble dur=0.4 pitch=115 mood=grunt,0.4,-11.0,-21.0,10.0,320,0.002,0.0,0.0,0.361,21.3,322.7,0.0,
Assets/_Project/Audio/VO/bronze/vo_bronze_keeper_attack_03.ogg,vo_bronze_keeper_attack,3,creatures,placeholder,synth:babble dur=0.4 pitch=115 mood=grunt,0.4,-11.1,-21.0,9.9,337,0.002,0.0,0.0,0.2,21.4,330.1,0.0,
Assets/_Project/Audio/VO/bronze/vo_bronze_keeper_hurt_01.ogg,vo_bronze_keeper_hurt,1,creatures,placeholder,synth:babble dur=0.5 pitch=115 mood=pain,0.5,-10.5,-21.0,10.5,771,0.009,0.0,0.0,0.0,20.8,225.2,0.0,
Assets/_Project/Audio/VO/bronze/vo_bronze_keeper_hurt_02.ogg,vo_bronze_keeper_hurt,2,creatures,placeholder,synth:babble dur=0.5 pitch=115 mood=pain,0.5,-11.9,-21.0,9.0,538,0.005,0.0,0.0,0.001,21.8,265.5,0.0,
Assets/_Project/Audio/VO/bronze/vo_bronze_keeper_hurt_03.ogg,vo_bronze_keeper_hurt,3,creatures,placeholder,synth:babble dur=0.5 pitch=115 mood=pain,0.5,-12.0,-21.0,9.0,537,0.004,0.0,0.0,0.001,21.8,242.6,0.0,
Assets/_Project/Audio/VO/bronze/vo_bronze_keeper_death_01.ogg,vo_bronze_keeper_death,1,creatures,placeholder,synth:babble dur=1.0 pitch=115 mood=pain,1.0,-12.1,-21.0,8.9,361,0.003,0.0,0.0,0.08,22.2,148.1,0.0,
Assets/_Project/Audio/VO/bronze/vo_bronze_keeper_death_02.ogg,vo_bronze_keeper_death,2,creatures,placeholder,synth:babble dur=1.0 pitch=115 mood=pain,1.0,-10.4,-21.0,10.6,437,0.004,0.0,0.0,0.137,21.7,491.6,0.0,
Assets/_Project/Audio/VO/bronze/vo_bronze_keeper_asleep_01.ogg,vo_bronze_keeper_asleep,1,creatures,placeholder,synth:snore dur=3.0 pitch=58,2.5,-2.2,-22.5,20.3,182,0.004,0.001,0.0,0.5,16.3,619.6,0.0,
Assets/_Project/Audio/VO/bronze/vo_bronze_keeper_asleep_02.ogg,vo_bronze_keeper_asleep,2,creatures,placeholder,synth:snore dur=3.0 pitch=58,2.5,-3.8,-22.5,18.7,130,0.003,0.001,0.0,0.52,16.3,669.1,0.0,
Assets/_Project/Audio/VO/bronze/vo_bronze_keeper_grabbed_01.ogg,vo_bronze_keeper_grabbed,1,creatures,placeholder,synth:babble dur=1.0 pitch=115 mood=alert,1.0,-10.0,-21.0,10.9,373,0.003,0.0,0.0,0.072,21.8,690.4,0.0,
Assets/_Project/Audio/VO/bronze/vo_bronze_keeper_grabbed_02.ogg,vo_bronze_keeper_grabbed,2,creatures,placeholder,synth:babble dur=1.0 pitch=115 mood=alert,1.0,-9.5,-21.0,11.4,396,0.003,0.0,0.0,0.141,21.3,879.7,0.0,
Assets/_Project/Audio/VO/bronze/vo_bronze_keeper_grabbed_03.ogg,vo_bronze_keeper_grabbed,3,creatures,placeholder,synth:babble dur=1.0 pitch=115 mood=alert,1.0,-9.6,-21.0,11.3,358,0.003,0.0,0.0,0.134,21.3,676.0,0.0,
Assets/_Project/Audio/VO/bronze/vo_bronze_keeper_thrown_01.ogg,vo_bronze_keeper_thrown,1,creatures,placeholder,synth:babble dur=0.7 pitch=115 mood=shout,0.7,-11.1,-21.0,9.9,377,0.003,0.0,0.0,0.076,21.6,606.2,0.0,
Assets/_Project/Audio/VO/bronze/vo_bronze_keeper_thrown_02.ogg,vo_bronze_keeper_thrown,2,creatures,placeholder,synth:babble dur=0.7 pitch=115 mood=shout,0.7,-11.9,-21.0,9.1,322,0.002,0.0,0.0,0.15,22.3,432.2,0.0,
Assets/_Project/Audio/VO/high/vo_high_warden_murmur_01.ogg,vo_high_warden_murmur,1,creatures,placeholder,synth:babble dur=2.0 pitch=120 mood=calm,2.0,-12.0,-24.0,12.0,377,0.003,0.0,0.0,0.259,21.1,108.2,0.0,
Assets/_Project/Audio/VO/high/vo_high_warden_murmur_02.ogg,vo_high_warden_murmur,2,creatures,placeholder,synth:babble dur=2.0 pitch=120 mood=calm,2.0,-11.5,-24.0,12.5,408,0.003,0.0,0.0,0.186,21.3,359.9,0.0,
Assets/_Project/Audio/VO/high/vo_high_warden_murmur_03.ogg,vo_high_warden_murmur,3,creatures,placeholder,synth:babble dur=2.0 pitch=120 mood=calm,2.0,-13.6,-24.0,10.4,326,0.002,0.0,0.0,0.247,21.4,1370.5,0.0,
Assets/_Project/Audio/VO/high/vo_high_warden_murmur_04.ogg,vo_high_warden_murmur,4,creatures,placeholder,synth:babble dur=2.0 pitch=120 mood=calm,2.0,-12.1,-24.0,11.8,353,0.003,0.0,0.0,0.24,21.8,116.9,0.0,
Assets/_Project/Audio/VO/high/vo_high_warden_alert_01.ogg,vo_high_warden_alert,1,creatures,placeholder,synth:babble dur=1.0 pitch=120 mood=alert,1.0,-11.1,-21.0,9.9,361,0.003,0.0,0.0,0.086,21.6,901.1,0.0,
Assets/_Project/Audio/VO/high/vo_high_warden_alert_02.ogg,vo_high_warden_alert,2,creatures,placeholder,synth:babble dur=1.0 pitch=120 mood=alert,1.0,-11.9,-21.0,9.1,289,0.002,0.0,0.0,0.201,22.6,691.9,0.0,
Assets/_Project/Audio/VO/high/vo_high_warden_alert_03.ogg,vo_high_warden_alert,3,creatures,placeholder,synth:babble dur=1.0 pitch=120 mood=alert,1.0,-9.8,-21.0,11.1,380,0.003,0.0,0.0,0.111,21.7,894.5,0.0,
Assets/_Project/Audio/VO/high/vo_high_warden_chase_01.ogg,vo_high_warden_chase,1,creatures,placeholder,synth:babble dur=1.2 pitch=120 mood=shout,1.2,-8.0,-19.0,10.9,450,0.004,0.0,0.0,0.066,21.4,412.1,0.0,
Assets/_Project/Audio/VO/high/vo_high_warden_chase_02.ogg,vo_high_warden_chase,2,creatures,placeholder,synth:babble dur=1.2 pitch=120 mood=shout,1.2,-8.4,-19.0,10.6,379,0.003,0.0,0.0,0.154,21.3,1110.0,0.0,
Assets/_Project/Audio/VO/high/vo_high_warden_chase_03.ogg,vo_high_warden_chase,3,creatures,placeholder,synth:babble dur=1.2 pitch=120 mood=shout,1.2,-8.4,-19.0,10.5,384,0.003,0.0,0.0,0.116,21.6,759.6,0.0,
Assets/_Project/Audio/VO/high/vo_high_warden_search_01.ogg,vo_high_warden_search,1,creatures,placeholder,synth:babble dur=1.4 pitch=120 mood=calm,1.4,-10.9,-22.5,11.6,370,0.003,0.0,0.0,0.222,21.3,1231.1,0.0,
Assets/_Project/Audio/VO/high/vo_high_warden_search_02.ogg,vo_high_warden_search,2,creatures,placeholder,synth:babble dur=1.4 pitch=120 mood=calm,1.4,-12.1,-22.5,10.3,340,0.003,0.0,0.0,0.162,21.9,952.8,0.0,
Assets/_Project/Audio/VO/high/vo_high_warden_lost_01.ogg,vo_high_warden_lost,1,creatures,placeholder,synth:babble dur=0.9 pitch=120 mood=calm,0.9,-11.3,-22.5,11.2,388,0.003,0.0,0.0,0.095,22.0,421.2,0.0,
Assets/_Project/Audio/VO/high/vo_high_warden_lost_02.ogg,vo_high_warden_lost,2,creatures,placeholder,synth:babble dur=0.9 pitch=120 mood=calm,0.9,-12.3,-22.5,10.2,328,0.002,0.0,0.0,0.285,21.4,733.5,0.0,
Assets/_Project/Audio/VO/high/vo_high_warden_attack_01.ogg,vo_high_warden_attack,1,creatures,placeholder,synth:babble dur=0.4 pitch=120 mood=grunt,0.4,-12.4,-21.0,8.5,265,0.002,0.0,0.0,0.214,22.4,332.4,0.0,
Assets/_Project/Audio/VO/high/vo_high_warden_attack_02.ogg,vo_high_warden_attack,2,creatures,placeholder,synth:babble dur=0.4 pitch=120 mood=grunt,0.4,-11.5,-21.0,9.5,320,0.002,0.0,0.0,0.128,21.9,192.2,0.0,
Assets/_Project/Audio/VO/high/vo_high_warden_attack_03.ogg,vo_high_warden_attack,3,creatures,placeholder,synth:babble dur=0.4 pitch=120 mood=grunt,0.4,-9.6,-21.0,11.4,365,0.003,0.0,0.0,0.144,21.8,50.0,0.0,
Assets/_Project/Audio/VO/high/vo_high_warden_hurt_01.ogg,vo_high_warden_hurt,1,creatures,placeholder,synth:babble dur=0.5 pitch=120 mood=pain,0.5,-11.6,-21.0,9.4,588,0.005,0.0,0.0,0.001,21.3,211.9,0.0,
Assets/_Project/Audio/VO/high/vo_high_warden_hurt_02.ogg,vo_high_warden_hurt,2,creatures,placeholder,synth:babble dur=0.5 pitch=120 mood=pain,0.5,-12.0,-21.0,9.0,547,0.005,0.0,0.0,0.001,22.1,244.8,0.0,
Assets/_Project/Audio/VO/high/vo_high_warden_hurt_03.ogg,vo_high_warden_hurt,3,creatures,placeholder,synth:babble dur=0.5 pitch=120 mood=pain,0.5,-12.6,-21.0,8.4,244,0.002,0.0,0.0,0.592,22.7,238.8,0.0,
Assets/_Project/Audio/VO/high/vo_high_warden_death_01.ogg,vo_high_warden_death,1,creatures,placeholder,synth:babble dur=1.0 pitch=120 mood=pain,1.0,-11.8,-21.0,9.2,372,0.003,0.0,0.0,0.177,22.0,832.8,0.0,
Assets/_Project/Audio/VO/high/vo_high_warden_death_02.ogg,vo_high_warden_death,2,creatures,placeholder,synth:babble dur=1.0 pitch=120 mood=pain,1.0,-12.1,-21.0,8.9,362,0.003,0.0,0.0,0.163,22.3,142.5,0.0,
Assets/_Project/Audio/VO/high/vo_high_warden_asleep_01.ogg,vo_high_warden_asleep,1,creatures,placeholder,synth:snore dur=3.0 pitch=60,2.5,-3.6,-22.5,18.9,208,0.004,0.001,0.0,0.484,16.1,539.3,0.0,
Assets/_Project/Audio/VO/high/vo_high_warden_asleep_02.ogg,vo_high_warden_asleep,2,creatures,placeholder,synth:snore dur=3.0 pitch=60,2.5,-1.4,-22.5,21.1,161,0.004,0.001,0.0,0.504,16.2,564.6,0.0,
Assets/_Project/Audio/VO/high/vo_high_warden_grabbed_01.ogg,vo_high_warden_grabbed,1,creatures,placeholder,synth:babble dur=1.0 pitch=120 mood=alert,1.0,-9.7,-21.0,11.3,385,0.003,0.0,0.0,0.104,20.9,689.8,0.0,
Assets/_Project/Audio/VO/high/vo_high_warden_grabbed_02.ogg,vo_high_warden_grabbed,2,creatures,placeholder,synth:babble dur=1.0 pitch=120 mood=alert,1.0,-11.8,-21.0,9.2,312,0.002,0.0,0.0,0.151,22.2,683.3,0.0,
Assets/_Project/Audio/VO/high/vo_high_warden_grabbed_03.ogg,vo_high_warden_grabbed,3,creatures,placeholder,synth:babble dur=1.0 pitch=120 mood=alert,1.0,-8.4,-21.0,12.5,443,0.004,0.0,0.0,0.102,21.2,690.6,0.0,
Assets/_Project/Audio/VO/high/vo_high_warden_thrown_01.ogg,vo_high_warden_thrown,1,creatures,placeholder,synth:babble dur=0.7 pitch=120 mood=shout,0.7,-10.7,-21.0,10.3,388,0.003,0.0,0.0,0.057,20.9,71.4,0.0,
Assets/_Project/Audio/VO/high/vo_high_warden_thrown_02.ogg,vo_high_warden_thrown,2,creatures,placeholder,synth:babble dur=0.7 pitch=120 mood=shout,0.7,-9.6,-21.0,11.4,427,0.004,0.0,0.0,0.08,20.9,608.6,0.0,
Assets/_Project/Audio/VO/high/vo_high_crossbowman_murmur_01.ogg,vo_high_crossbowman_murmur,1,creatures,placeholder,synth:babble dur=2.0 pitch=140 mood=calm,2.0,-12.2,-24.0,11.7,457,0.004,0.0,0.0,0.038,21.3,362.7,0.0,
Assets/_Project/Audio/VO/high/vo_high_crossbowman_murmur_02.ogg,vo_high_crossbowman_murmur,2,creatures,placeholder,synth:babble dur=2.0 pitch=140 mood=calm,2.0,-12.7,-24.0,11.3,733,0.008,0.0,0.0,0.0,21.3,1865.4,0.0,
Assets/_Project/Audio/VO/high/vo_high_crossbowman_murmur_03.ogg,vo_high_crossbowman_murmur,3,creatures,placeholder,synth:babble dur=2.0 pitch=140 mood=calm,2.0,-11.6,-24.0,12.4,448,0.004,0.0,0.0,0.094,21.4,612.7,0.0,
Assets/_Project/Audio/VO/high/vo_high_crossbowman_murmur_04.ogg,vo_high_crossbowman_murmur,4,creatures,placeholder,synth:babble dur=2.0 pitch=140 mood=calm,2.0,-12.0,-24.0,12.0,462,0.004,0.0,0.0,0.038,21.3,114.2,0.0,
Assets/_Project/Audio/VO/high/vo_high_crossbowman_alert_01.ogg,vo_high_crossbowman_alert,1,creatures,placeholder,synth:babble dur=1.0 pitch=140 mood=alert,1.0,-10.8,-20.9,10.1,320,0.003,0.0,0.0,0.421,22.2,485.3,0.0,
Assets/_Project/Audio/VO/high/vo_high_crossbowman_alert_02.ogg,vo_high_crossbowman_alert,2,creatures,placeholder,synth:babble dur=1.0 pitch=140 mood=alert,1.0,-11.1,-21.0,9.8,354,0.003,0.0,0.0,0.246,22.2,687.8,0.0,
Assets/_Project/Audio/VO/high/vo_high_crossbowman_alert_03.ogg,vo_high_crossbowman_alert,3,creatures,placeholder,synth:babble dur=1.0 pitch=140 mood=alert,1.0,-9.3,-21.0,11.7,513,0.005,0.0,0.0,0.04,21.7,880.7,0.0,
Assets/_Project/Audio/VO/high/vo_high_crossbowman_chase_01.ogg,vo_high_crossbowman_chase,1,creatures,placeholder,synth:babble dur=1.2 pitch=140 mood=shout,1.2,-8.8,-19.0,10.1,405,0.003,0.0,0.0,0.18,22.2,83.2,0.0,
Assets/_Project/Audio/VO/high/vo_high_crossbowman_chase_02.ogg,vo_high_crossbowman_chase,2,creatures,placeholder,synth:babble dur=1.2 pitch=140 mood=shout,1.2,-9.5,-19.0,9.5,307,0.002,0.0,0.0,0.433,22.4,596.6,0.0,
Assets/_Project/Audio/VO/high/vo_high_crossbowman_chase_03.ogg,vo_high_crossbowman_chase,3,creatures,placeholder,synth:babble dur=1.2 pitch=140 mood=shout,1.2,-9.0,-19.0,9.9,359,0.003,0.0,0.0,0.289,22.1,767.2,0.0,
Assets/_Project/Audio/VO/high/vo_high_crossbowman_search_01.ogg,vo_high_crossbowman_search,1,creatures,placeholder,synth:babble dur=1.4 pitch=140 mood=calm,1.4,-11.1,-22.5,11.3,390,0.003,0.0,0.0,0.126,21.8,693.8,0.0,
Assets/_Project/Audio/VO/high/vo_high_crossbowman_search_02.ogg,vo_high_crossbowman_search,2,creatures,placeholder,synth:babble dur=1.4 pitch=140 mood=calm,1.4,-11.4,-22.5,11.0,377,0.003,0.0,0.0,0.121,21.5,679.1,0.0,
Assets/_Project/Audio/VO/high/vo_high_crossbowman_lost_01.ogg,vo_high_crossbowman_lost,1,creatures,placeholder,synth:babble dur=0.9 pitch=140 mood=calm,0.9,-10.7,-22.5,11.8,393,0.003,0.0,0.0,0.144,21.4,721.5,0.0,
Assets/_Project/Audio/VO/high/vo_high_crossbowman_lost_02.ogg,vo_high_crossbowman_lost,2,creatures,placeholder,synth:babble dur=0.9 pitch=140 mood=calm,0.9,-11.2,-22.5,11.2,433,0.004,0.0,0.0,0.043,21.4,155.1,0.0,
Assets/_Project/Audio/VO/high/vo_high_crossbowman_attack_01.ogg,vo_high_crossbowman_attack,1,creatures,placeholder,synth:babble dur=0.4 pitch=140 mood=grunt,0.4,-10.4,-21.0,10.5,377,0.003,0.0,0.0,0.16,22.0,56.5,0.0,
Assets/_Project/Audio/VO/high/vo_high_crossbowman_attack_02.ogg,vo_high_crossbowman_attack,2,creatures,placeholder,synth:babble dur=0.4 pitch=140 mood=grunt,0.4,-12.8,-21.0,8.1,269,0.002,0.0,0.0,0.306,22.7,69.6,0.0,
Assets/_Project/Audio/VO/high/vo_high_crossbowman_attack_03.ogg,vo_high_crossbowman_attack,3,creatures,placeholder,synth:babble dur=0.4 pitch=140 mood=grunt,0.4,-10.5,-21.0,10.5,429,0.004,0.0,0.0,0.052,21.7,63.0,0.0,
Assets/_Project/Audio/VO/high/vo_high_crossbowman_hurt_01.ogg,vo_high_crossbowman_hurt,1,creatures,placeholder,synth:babble dur=0.5 pitch=140 mood=pain,0.5,-13.5,-21.0,7.5,567,0.006,0.0,0.0,0.004,21.5,151.5,0.0,
Assets/_Project/Audio/VO/high/vo_high_crossbowman_hurt_02.ogg,vo_high_crossbowman_hurt,2,creatures,placeholder,synth:babble dur=0.5 pitch=140 mood=pain,0.5,-11.1,-21.0,9.8,793,0.01,0.0,0.0,0.0,21.1,256.8,0.0,
Assets/_Project/Audio/VO/high/vo_high_crossbowman_hurt_03.ogg,vo_high_crossbowman_hurt,3,creatures,placeholder,synth:babble dur=0.5 pitch=140 mood=pain,0.5,-11.2,-21.0,9.8,793,0.011,0.0,0.0,0.0,21.1,242.7,0.0,
Assets/_Project/Audio/VO/high/vo_high_crossbowman_death_01.ogg,vo_high_crossbowman_death,1,creatures,placeholder,synth:babble dur=1.0 pitch=140 mood=pain,1.0,-9.9,-20.9,11.1,391,0.004,0.0,0.0,0.547,22.2,465.0,0.0,
Assets/_Project/Audio/VO/high/vo_high_crossbowman_death_02.ogg,vo_high_crossbowman_death,2,creatures,placeholder,synth:babble dur=1.0 pitch=140 mood=pain,1.0,-10.7,-21.0,10.3,453,0.005,0.0,0.0,0.179,21.2,823.8,0.0,
Assets/_Project/Audio/VO/high/vo_high_crossbowman_asleep_01.ogg,vo_high_crossbowman_asleep,1,creatures,placeholder,synth:snore dur=3.0 pitch=70,2.5,-4.1,-22.5,18.4,158,0.003,0.001,0.0,0.518,16.9,600.3,0.0,
Assets/_Project/Audio/VO/high/vo_high_crossbowman_asleep_02.ogg,vo_high_crossbowman_asleep,2,creatures,placeholder,synth:snore dur=3.0 pitch=70,2.5,-3.0,-22.5,19.5,171,0.004,0.001,0.001,0.5,16.3,643.8,0.0,
Assets/_Project/Audio/VO/high/vo_high_crossbowman_grabbed_01.ogg,vo_high_crossbowman_grabbed,1,creatures,placeholder,synth:babble dur=1.0 pitch=140 mood=alert,1.0,-9.8,-21.0,11.1,494,0.004,0.0,0.0,0.036,21.7,886.9,0.0,
Assets/_Project/Audio/VO/high/vo_high_crossbowman_grabbed_02.ogg,vo_high_crossbowman_grabbed,2,creatures,placeholder,synth:babble dur=1.0 pitch=140 mood=alert,1.0,-9.3,-21.0,11.6,433,0.004,0.0,0.0,0.259,21.5,301.1,0.0,
Assets/_Project/Audio/VO/high/vo_high_crossbowman_grabbed_03.ogg,vo_high_crossbowman_grabbed,3,creatures,placeholder,synth:babble dur=1.0 pitch=140 mood=alert,1.0,-11.1,-20.9,9.8,313,0.003,0.0,0.0,0.409,22.3,684.0,0.0,
Assets/_Project/Audio/VO/high/vo_high_crossbowman_thrown_01.ogg,vo_high_crossbowman_thrown,1,creatures,placeholder,synth:babble dur=0.7 pitch=140 mood=shout,0.7,-10.6,-21.0,10.3,323,0.003,0.0,0.0,0.56,21.3,257.4,0.0,
Assets/_Project/Audio/VO/high/vo_high_crossbowman_thrown_02.ogg,vo_high_crossbowman_thrown,2,creatures,placeholder,synth:babble dur=0.7 pitch=140 mood=shout,0.7,-10.4,-21.0,10.5,470,0.004,0.0,0.0,0.208,22.0,429.7,0.0,
Assets/_Project/Audio/VO/high/vo_high_knight_murmur_01.ogg,vo_high_knight_murmur,1,creatures,placeholder,synth:babble dur=2.0 pitch=100 mood=calm,2.0,-9.8,-24.0,14.2,406,0.004,0.0,0.0,0.325,20.7,332.7,0.0,
Assets/_Project/Audio/VO/high/vo_high_knight_murmur_02.ogg,vo_high_knight_murmur,2,creatures,placeholder,synth:babble dur=2.0 pitch=100 mood=calm,2.0,-11.7,-24.0,12.3,333,0.003,0.0,0.0,0.473,20.3,1850.2,0.0,
Assets/_Project/Audio/VO/high/vo_high_knight_murmur_03.ogg,vo_high_knight_murmur,3,creatures,placeholder,synth:babble dur=2.0 pitch=100 mood=calm,2.0,-10.2,-24.0,13.8,403,0.003,0.0,0.0,0.351,20.2,849.5,0.0,
Assets/_Project/Audio/VO/high/vo_high_knight_murmur_04.ogg,vo_high_knight_murmur,4,creatures,placeholder,synth:babble dur=2.0 pitch=100 mood=calm,2.0,-10.3,-24.0,13.8,384,0.003,0.0,0.0,0.388,20.0,609.8,0.0,
Assets/_Project/Audio/VO/high/vo_high_knight_alert_01.ogg,vo_high_knight_alert,1,creatures,placeholder,synth:babble dur=1.0 pitch=100 mood=alert,1.0,-10.0,-21.0,10.9,309,0.002,0.0,0.0,0.505,21.3,87.6,0.0,
Assets/_Project/Audio/VO/high/vo_high_knight_alert_02.ogg,vo_high_knight_alert,2,creatures,placeholder,synth:babble dur=1.0 pitch=100 mood=alert,1.0,-8.7,-21.0,12.3,341,0.003,0.0,0.0,0.503,21.4,884.7,0.0,
Assets/_Project/Audio/VO/high/vo_high_knight_alert_03.ogg,vo_high_knight_alert,3,creatures,placeholder,synth:babble dur=1.0 pitch=100 mood=alert,1.0,-10.2,-21.0,10.8,325,0.002,0.0,0.0,0.381,20.3,702.7,0.0,
Assets/_Project/Audio/VO/high/vo_high_knight_chase_01.ogg,vo_high_knight_chase,1,creatures,placeholder,synth:babble dur=1.2 pitch=100 mood=shout,1.2,-6.6,-19.0,12.3,425,0.004,0.0,0.0,0.183,20.1,589.7,0.0,
Assets/_Project/Audio/VO/high/vo_high_knight_chase_02.ogg,vo_high_knight_chase,2,creatures,placeholder,synth:babble dur=1.2 pitch=100 mood=shout,1.2,-7.1,-19.0,11.9,407,0.003,0.0,0.0,0.079,20.6,588.2,0.0,
Assets/_Project/Audio/VO/high/vo_high_knight_chase_03.ogg,vo_high_knight_chase,3,creatures,placeholder,synth:babble dur=1.2 pitch=100 mood=shout,1.2,-8.2,-19.0,10.7,309,0.002,0.0,0.0,0.345,21.9,1096.0,0.0,
Assets/_Project/Audio/VO/high/vo_high_knight_search_01.ogg,vo_high_knight_search,1,creatures,placeholder,synth:babble dur=1.4 pitch=100 mood=calm,1.4,-9.6,-22.5,12.9,392,0.004,0.0,0.0,0.331,19.9,415.3,0.0,
Assets/_Project/Audio/VO/high/vo_high_knight_search_02.ogg,vo_high_knight_search,2,creatures,placeholder,synth:babble dur=1.4 pitch=100 mood=calm,1.4,-8.0,-22.5,14.5,417,0.004,0.0,0.0,0.383,20.4,1240.6,0.0,
Assets/_Project/Audio/VO/high/vo_high_knight_lost_01.ogg,vo_high_knight_lost,1,creatures,placeholder,synth:babble dur=0.9 pitch=100 mood=calm,0.9,-11.6,-22.5,10.9,281,0.002,0.0,0.0,0.625,21.8,745.8,0.0,
Assets/_Project/Audio/VO/high/vo_high_knight_lost_02.ogg,vo_high_knight_lost,2,creatures,placeholder,synth:babble dur=0.9 pitch=100 mood=calm,0.9,-11.7,-22.5,10.8,551,0.006,0.0,0.0,0.002,21.1,729.0,0.0,
Assets/_Project/Audio/VO/high/vo_high_knight_attack_01.ogg,vo_high_knight_attack,1,creatures,placeholder,synth:babble dur=0.4 pitch=100 mood=grunt,0.4,-9.5,-21.0,11.6,657,0.007,0.0,0.0,0.001,19.5,59.0,0.0,
Assets/_Project/Audio/VO/high/vo_high_knight_attack_02.ogg,vo_high_knight_attack,2,creatures,placeholder,synth:babble dur=0.4 pitch=100 mood=grunt,0.4,-10.1,-21.0,10.9,334,0.002,0.0,0.0,0.475,19.8,193.0,0.0,
Assets/_Project/Audio/VO/high/vo_high_knight_attack_03.ogg,vo_high_knight_attack,3,creatures,placeholder,synth:babble dur=0.4 pitch=100 mood=grunt,0.4,-8.6,-21.0,12.4,393,0.004,0.0,0.0,0.398,20.1,191.4,0.0,
Assets/_Project/Audio/VO/high/vo_high_knight_hurt_01.ogg,vo_high_knight_hurt,1,creatures,placeholder,synth:babble dur=0.5 pitch=100 mood=pain,0.5,-11.7,-21.0,9.3,548,0.005,0.0,0.0,0.001,20.7,261.7,0.0,
Assets/_Project/Audio/VO/high/vo_high_knight_hurt_02.ogg,vo_high_knight_hurt,2,creatures,placeholder,synth:babble dur=0.5 pitch=100 mood=pain,0.5,-10.7,-20.9,10.2,608,0.006,0.0,0.0,0.001,21.2,234.8,0.0,
Assets/_Project/Audio/VO/high/vo_high_knight_hurt_03.ogg,vo_high_knight_hurt,3,creatures,placeholder,synth:babble dur=0.5 pitch=100 mood=pain,0.5,-11.8,-21.0,9.1,547,0.005,0.0,0.0,0.001,20.7,241.9,0.0,
Assets/_Project/Audio/VO/high/vo_high_knight_death_01.ogg,vo_high_knight_death,1,creatures,placeholder,synth:babble dur=1.0 pitch=100 mood=pain,1.0,-10.8,-21.0,10.2,571,0.005,0.0,0.0,0.001,21.2,492.5,0.0,
Assets/_Project/Audio/VO/high/vo_high_knight_death_02.ogg,vo_high_knight_death,2,creatures,placeholder,synth:babble dur=1.0 pitch=100 mood=pain,1.0,-11.1,-21.0,9.8,303,0.002,0.0,0.0,0.366,21.9,152.3,0.0,
Assets/_Project/Audio/VO/high/vo_high_knight_asleep_01.ogg,vo_high_knight_asleep,1,creatures,placeholder,synth:snore dur=3.0 pitch=50,2.5,-1.7,-22.5,20.9,196,0.004,0.001,0.0,0.51,16.2,460.1,0.0,
Assets/_Project/Audio/VO/high/vo_high_knight_asleep_02.ogg,vo_high_knight_asleep,2,creatures,placeholder,synth:snore dur=3.0 pitch=50,2.5,-2.5,-22.5,20.0,121,0.002,0.0,0.0,0.521,16.4,643.4,0.0,
Assets/_Project/Audio/VO/high/vo_high_knight_grabbed_01.ogg,vo_high_knight_grabbed,1,creatures,placeholder,synth:babble dur=1.0 pitch=100 mood=alert,1.0,-9.8,-21.0,11.2,325,0.002,0.0,0.0,0.467,21.0,96.9,0.0,
Assets/_Project/Audio/VO/high/vo_high_knight_grabbed_02.ogg,vo_high_knight_grabbed,2,creatures,placeholder,synth:babble dur=1.0 pitch=100 mood=alert,1.0,-8.9,-21.0,12.1,356,0.003,0.0,0.0,0.384,20.3,884.3,0.0,
Assets/_Project/Audio/VO/high/vo_high_knight_grabbed_03.ogg,vo_high_knight_grabbed,3,creatures,placeholder,synth:babble dur=1.0 pitch=100 mood=alert,1.0,-9.3,-21.0,11.7,359,0.003,0.0,0.0,0.326,21.0,497.8,0.0,
Assets/_Project/Audio/VO/high/vo_high_knight_thrown_01.ogg,vo_high_knight_thrown,1,creatures,placeholder,synth:babble dur=0.7 pitch=100 mood=shout,0.7,-10.1,-21.0,10.9,349,0.003,0.0,0.0,0.268,20.7,425.2,0.0,
Assets/_Project/Audio/VO/high/vo_high_knight_thrown_02.ogg,vo_high_knight_thrown,2,creatures,placeholder,synth:babble dur=0.7 pitch=100 mood=shout,0.7,-10.0,-21.0,10.9,337,0.003,0.0,0.0,0.325,21.6,84.8,0.0,
Assets/_Project/Audio/VO/late/vo_late_halberdier_murmur_01.ogg,vo_late_halberdier_murmur,1,creatures,placeholder,synth:babble dur=2.0 pitch=125 mood=calm,2.0,-14.2,-24.0,9.8,296,0.002,0.0,0.0,0.181,22.2,1860.5,0.0,
Assets/_Project/Audio/VO/late/vo_late_halberdier_murmur_02.ogg,vo_late_halberdier_murmur,2,creatures,placeholder,synth:babble dur=2.0 pitch=125 mood=calm,2.0,-13.0,-24.0,11.0,343,0.003,0.0,0.0,0.131,21.8,617.3,0.0,
Assets/_Project/Audio/VO/late/vo_late_halberdier_murmur_03.ogg,vo_late_halberdier_murmur,3,creatures,placeholder,synth:babble dur=2.0 pitch=125 mood=calm,2.0,-13.0,-24.0,10.9,340,0.003,0.0,0.0,0.14,22.0,1843.0,0.0,
Assets/_Project/Audio/VO/late/vo_late_halberdier_murmur_04.ogg,vo_late_halberdier_murmur,4,creatures,placeholder,synth:babble dur=2.0 pitch=125 mood=calm,2.0,-13.7,-24.0,10.2,329,0.002,0.0,0.0,0.131,21.9,360.1,0.0,
Assets/_Project/Audio/VO/late/vo_late_halberdier_alert_01.ogg,vo_late_halberdier_alert,1,creatures,placeholder,synth:babble dur=1.0 pitch=125 mood=alert,1.0,-11.1,-21.0,9.9,331,0.003,0.0,0.0,0.166,21.8,496.9,0.0,
Assets/_Project/Audio/VO/late/vo_late_halberdier_alert_02.ogg,vo_late_halberdier_alert,2,creatures,placeholder,synth:babble dur=1.0 pitch=125 mood=alert,1.0,-10.5,-21.0,10.5,624,0.007,0.0,0.0,0.001,21.1,503.9,0.0,
Assets/_Project/Audio/VO/late/vo_late_halberdier_alert_03.ogg,vo_late_halberdier_alert,3,creatures,placeholder,synth:babble dur=1.0 pitch=125 mood=alert,1.0,-10.8,-21.0,10.1,354,0.003,0.0,0.0,0.093,21.9,893.9,0.0,
Assets/_Project/Audio/VO/late/vo_late_halberdier_chase_01.ogg,vo_late_halberdier_chase,1,creatures,placeholder,synth:babble dur=1.2 pitch=125 mood=shout,1.2,-8.8,-19.0,10.2,379,0.003,0.0,0.0,0.116,22.2,932.4,0.0,
Assets/_Project/Audio/VO/late/vo_late_halberdier_chase_02.ogg,vo_late_halberdier_chase,2,creatures,placeholder,synth:babble dur=1.2 pitch=125 mood=shout,1.2,-9.8,-19.0,9.1,339,0.003,0.0,0.0,0.134,22.2,932.4,0.0,
Assets/_Project/Audio/VO/late/vo_late_halberdier_chase_03.ogg,vo_late_halberdier_chase,3,creatures,placeholder,synth:babble dur=1.2 pitch=125 mood=shout,1.2,-7.3,-19.0,11.6,454,0.004,0.0,0.0,0.096,21.3,85.4,0.0,
Assets/_Project/Audio/VO/late/vo_late_halberdier_search_01.ogg,vo_late_halberdier_search,1,creatures,placeholder,synth:babble dur=1.4 pitch=125 mood=calm,1.4,-9.8,-22.5,12.6,474,0.004,0.0,0.0,0.031,20.8,690.9,0.0,
Assets/_Project/Audio/VO/late/vo_late_halberdier_search_02.ogg,vo_late_halberdier_search,2,creatures,placeholder,synth:babble dur=1.4 pitch=125 mood=calm,1.4,-9.3,-22.5,13.2,445,0.004,0.0,0.0,0.146,21.2,135.6,0.0,
Assets/_Project/Audio/VO/late/vo_late_halberdier_lost_01.ogg,vo_late_halberdier_lost,1,creatures,placeholder,synth:babble dur=0.9 pitch=125 mood=calm,0.9,-10.4,-22.5,12.0,378,0.003,0.0,0.0,0.154,21.3,142.5,0.0,
Assets/_Project/Audio/VO/late/vo_late_halberdier_lost_02.ogg,vo_late_halberdier_lost,2,creatures,placeholder,synth:babble dur=0.9 pitch=125 mood=calm,0.9,-12.6,-22.5,9.9,318,0.002,0.0,0.0,0.121,22.2,734.5,0.0,
Assets/_Project/Audio/VO/late/vo_late_halberdier_attack_01.ogg,vo_late_halberdier_attack,1,creatures,placeholder,synth:babble dur=0.4 pitch=125 mood=grunt,0.4,-11.6,-21.0,9.4,324,0.002,0.0,0.0,0.11,21.9,191.8,0.0,
Assets/_Project/Audio/VO/late/vo_late_halberdier_attack_02.ogg,vo_late_halberdier_attack,2,creatures,placeholder,synth:babble dur=0.4 pitch=125 mood=grunt,0.4,-10.2,-21.0,10.8,423,0.004,0.0,0.0,0.038,21.2,191.1,0.0,
Assets/_Project/Audio/VO/late/vo_late_halberdier_attack_03.ogg,vo_late_halberdier_attack,3,creatures,placeholder,synth:babble dur=0.4 pitch=125 mood=grunt,0.4,-10.2,-21.0,10.7,408,0.003,0.0,0.0,0.036,21.8,191.0,0.0,
Assets/_Project/Audio/VO/late/vo_late_halberdier_hurt_01.ogg,vo_late_halberdier_hurt,1,creatures,placeholder,synth:babble dur=0.5 pitch=125 mood=pain,0.5,-11.9,-21.0,9.0,592,0.005,0.0,0.0,0.001,21.3,241.8,0.0,
Assets/_Project/Audio/VO/late/vo_late_halberdier_hurt_02.ogg,vo_late_halberdier_hurt,2,creatures,placeholder,synth:babble dur=0.5 pitch=125 mood=pain,0.5,-12.0,-21.0,9.0,592,0.006,0.0,0.0,0.001,21.3,278.8,0.0,
Assets/_Project/Audio/VO/late/vo_late_halberdier_hurt_03.ogg,vo_late_halberdier_hurt,3,creatures,placeholder,synth:babble dur=0.5 pitch=125 mood=pain,0.5,-13.1,-21.0,7.8,333,0.003,0.0,0.0,0.295,22.4,247.4,0.0,
Assets/_Project/Audio/VO/late/vo_late_halberdier_death_01.ogg,vo_late_halberdier_death,1,creatures,placeholder,synth:babble dur=1.0 pitch=125 mood=pain,1.0,-11.1,-21.0,9.8,626,0.006,0.0,0.0,0.001,21.7,831.2,0.0,
Assets/_Project/Audio/VO/late/vo_late_halberdier_death_02.ogg,vo_late_halberdier_death,2,creatures,placeholder,synth:babble dur=1.0 pitch=125 mood=pain,1.0,-11.5,-21.0,9.4,332,0.003,0.0,0.0,0.339,22.2,157.3,0.0,
Assets/_Project/Audio/VO/late/vo_late_halberdier_asleep_01.ogg,vo_late_halberdier_asleep,1,creatures,placeholder,synth:snore dur=3.0 pitch=62,2.5,-2.9,-22.5,19.5,117,0.003,0.001,0.0,0.495,16.3,578.5,0.0,
Assets/_Project/Audio/VO/late/vo_late_halberdier_asleep_02.ogg,vo_late_halberdier_asleep,2,creatures,placeholder,synth:snore dur=3.0 pitch=62,2.5,-3.7,-22.5,18.8,194,0.004,0.001,0.0,0.564,16.1,684.2,0.0,
Assets/_Project/Audio/VO/late/vo_late_halberdier_grabbed_01.ogg,vo_late_halberdier_grabbed,1,creatures,placeholder,synth:babble dur=1.0 pitch=125 mood=alert,1.0,-8.8,-21.0,12.2,474,0.005,0.0,0.0,0.042,21.0,900.4,0.0,
Assets/_Project/Audio/VO/late/vo_late_halberdier_grabbed_02.ogg,vo_late_halberdier_grabbed,2,creatures,placeholder,synth:babble dur=1.0 pitch=125 mood=alert,1.0,-10.5,-21.0,10.5,414,0.004,0.0,0.0,0.065,21.4,696.1,0.0,
Assets/_Project/Audio/VO/late/vo_late_halberdier_grabbed_03.ogg,vo_late_halberdier_grabbed,3,creatures,placeholder,synth:babble dur=1.0 pitch=125 mood=alert,1.0,-10.1,-21.0,10.9,387,0.003,0.0,0.0,0.133,21.9,683.4,0.0,
Assets/_Project/Audio/VO/late/vo_late_halberdier_thrown_01.ogg,vo_late_halberdier_thrown,1,creatures,placeholder,synth:babble dur=0.7 pitch=125 mood=shout,0.7,-10.8,-21.0,10.2,356,0.003,0.0,0.0,0.245,21.7,424.7,0.0,
Assets/_Project/Audio/VO/late/vo_late_halberdier_thrown_02.ogg,vo_late_halberdier_thrown,2,creatures,placeholder,synth:babble dur=0.7 pitch=125 mood=shout,0.7,-10.1,-21.0,10.9,457,0.004,0.0,0.0,0.028,21.5,602.9,0.0,
Assets/_Project/Audio/VO/late/vo_late_handgunner_murmur_01.ogg,vo_late_handgunner_murmur,1,creatures,placeholder,synth:babble dur=2.0 pitch=145 mood=calm,2.0,-12.6,-24.0,11.3,390,0.003,0.0,0.0,0.153,21.6,369.9,0.0,
Assets/_Project/Audio/VO/late/vo_late_handgunner_murmur_02.ogg,vo_late_handgunner_murmur,2,creatures,placeholder,synth:babble dur=2.0 pitch=145 mood=calm,2.0,-12.8,-24.0,11.2,403,0.004,0.0,0.0,0.101,21.5,365.9,0.0,
Assets/_Project/Audio/VO/late/vo_late_handgunner_murmur_03.ogg,vo_late_handgunner_murmur,3,creatures,placeholder,synth:babble dur=2.0 pitch=145 mood=calm,2.0,-12.9,-24.0,11.1,379,0.003,0.0,0.0,0.14,21.3,619.1,0.0,
Assets/_Project/Audio/VO/late/vo_late_handgunner_murmur_04.ogg,vo_late_handgunner_murmur,4,creatures,placeholder,synth:babble dur=2.0 pitch=145 mood=calm,2.0,-12.1,-24.0,11.9,488,0.004,0.0,0.0,0.022,21.2,1883.6,0.0,
Assets/_Project/Audio/VO/late/vo_late_handgunner_alert_01.ogg,vo_late_handgunner_alert,1,creatures,placeholder,synth:babble dur=1.0 pitch=145 mood=alert,1.0,-10.1,-21.0,10.9,415,0.004,0.0,0.0,0.217,21.9,892.0,0.0,
Assets/_Project/Audio/VO/late/vo_late_handgunner_alert_02.ogg,vo_late_handgunner_alert,2,creatures,placeholder,synth:babble dur=1.0 pitch=145 mood=alert,1.0,-11.2,-21.0,9.8,311,0.002,0.0,0.0,0.422,22.1,493.9,0.0,
Assets/_Project/Audio/VO/late/vo_late_handgunner_alert_03.ogg,vo_late_handgunner_alert,3,creatures,placeholder,synth:babble dur=1.0 pitch=145 mood=alert,1.0,-9.1,-21.0,11.8,400,0.004,0.0,0.0,0.416,21.8,480.8,0.0,
Assets/_Project/Audio/VO/late/vo_late_handgunner_chase_01.ogg,vo_late_handgunner_chase,1,creatures,placeholder,synth:babble dur=1.2 pitch=145 mood=shout,1.2,-9.5,-19.0,9.4,343,0.003,0.0,0.0,0.315,22.1,254.5,0.0,
Assets/_Project/Audio/VO/late/vo_late_handgunner_chase_02.ogg,vo_late_handgunner_chase,2,creatures,placeholder,synth:babble dur=1.2 pitch=145 mood=shout,1.2,-8.6,-19.0,10.4,350,0.003,0.0,0.0,0.512,21.7,253.2,0.0,
Assets/_Project/Audio/VO/late/vo_late_handgunner_chase_03.ogg,vo_late_handgunner_chase,3,creatures,placeholder,synth:babble dur=1.2 pitch=145 mood=shout,1.2,-8.4,-19.0,10.6,473,0.005,0.0,0.0,0.219,21.7,939.9,0.0,
Assets/_Project/Audio/VO/late/vo_late_handgunner_search_01.ogg,vo_late_handgunner_search,1,creatures,placeholder,synth:babble dur=1.4 pitch=145 mood=calm,1.4,-11.6,-22.5,10.9,378,0.003,0.0,0.0,0.134,21.4,400.6,0.0,
Assets/_Project/Audio/VO/late/vo_late_handgunner_search_02.ogg,vo_late_handgunner_search,2,creatures,placeholder,synth:babble dur=1.4 pitch=145 mood=calm,1.4,-11.4,-22.5,11.0,387,0.003,0.0,0.0,0.113,21.7,137.3,0.0,
Assets/_Project/Audio/VO/late/vo_late_handgunner_lost_01.ogg,vo_late_handgunner_lost,1,creatures,placeholder,synth:babble dur=0.9 pitch=145 mood=calm,0.9,-12.3,-22.5,10.2,622,0.007,0.0,0.0,0.001,20.6,429.0,0.0,
Assets/_Project/Audio/VO/late/vo_late_handgunner_lost_02.ogg,vo_late_handgunner_lost,2,creatures,placeholder,synth:babble dur=0.9 pitch=145 mood=calm,0.9,-13.0,-22.5,9.5,367,0.003,0.0,0.0,0.084,22.1,136.2,0.0,
Assets/_Project/Audio/VO/late/vo_late_handgunner_attack_01.ogg,vo_late_handgunner_attack,1,creatures,placeholder,synth:babble dur=0.4 pitch=145 mood=grunt,0.4,-10.0,-21.0,10.9,369,0.004,0.0,0.0,0.343,20.4,194.8,0.0,
Assets/_Project/Audio/VO/late/vo_late_handgunner_attack_02.ogg,vo_late_handgunner_attack,2,creatures,placeholder,synth:babble dur=0.4 pitch=145 mood=grunt,0.4,-10.9,-21.0,10.1,420,0.003,0.0,0.0,0.092,21.8,196.1,0.0,
Assets/_Project/Audio/VO/late/vo_late_handgunner_attack_03.ogg,vo_late_handgunner_attack,3,creatures,placeholder,synth:babble dur=0.4 pitch=145 mood=grunt,0.4,-10.0,-21.0,11.0,402,0.004,0.0,0.0,0.208,21.1,323.1,0.0,
Assets/_Project/Audio/VO/late/vo_late_handgunner_hurt_01.ogg,vo_late_handgunner_hurt,1,creatures,placeholder,synth:babble dur=0.5 pitch=145 mood=pain,0.5,-12.5,-21.0,8.5,632,0.007,0.0,0.0,0.003,21.6,222.1,0.0,
Assets/_Project/Audio/VO/late/vo_late_handgunner_hurt_02.ogg,vo_late_handgunner_hurt,2,creatures,placeholder,synth:babble dur=0.5 pitch=145 mood=pain,0.5,-12.2,-21.0,8.7,282,0.002,0.0,0.0,0.746,22.5,248.4,0.0,
Assets/_Project/Audio/VO/late/vo_late_handgunner_hurt_03.ogg,vo_late_handgunner_hurt,3,creatures,placeholder,synth:babble dur=0.5 pitch=145 mood=pain,0.5,-12.8,-21.0,8.2,552,0.006,0.0,0.0,0.004,21.9,240.9,0.0,
Assets/_Project/Audio/VO/late/vo_late_handgunner_death_01.ogg,vo_late_handgunner_death,1,creatures,placeholder,synth:babble dur=1.0 pitch=145 mood=pain,1.0,-11.6,-20.9,9.3,281,0.002,0.0,0.0,0.774,22.4,798.4,0.0,
Assets/_Project/Audio/VO/late/vo_late_handgunner_death_02.ogg,vo_late_handgunner_death,2,creatures,placeholder,synth:babble dur=1.0 pitch=145 mood=pain,1.0,-12.5,-20.9,8.4,254,0.001,0.0,0.0,0.851,22.9,494.7,0.0,
Assets/_Project/Audio/VO/late/vo_late_handgunner_asleep_01.ogg,vo_late_handgunner_asleep,1,creatures,placeholder,synth:snore dur=3.0 pitch=72,2.5,-1.9,-22.5,20.6,188,0.005,0.001,0.001,0.511,16.3,651.9,0.0,
Assets/_Project/Audio/VO/late/vo_late_handgunner_asleep_02.ogg,vo_late_handgunner_asleep,2,creatures,placeholder,synth:snore dur=3.0 pitch=72,2.5,-2.6,-22.5,19.9,196,0.005,0.001,0.001,0.528,16.2,669.3,0.0,
Assets/_Project/Audio/VO/late/vo_late_handgunner_grabbed_01.ogg,vo_late_handgunner_grabbed,1,creatures,placeholder,synth:babble dur=1.0 pitch=145 mood=alert,1.0,-9.2,-21.0,11.7,464,0.004,0.0,0.0,0.161,22.2,885.7,0.0,
Assets/_Project/Audio/VO/late/vo_late_handgunner_grabbed_02.ogg,vo_late_handgunner_grabbed,2,creatures,placeholder,synth:babble dur=1.0 pitch=145 mood=alert,1.0,-10.7,-20.9,10.3,434,0.004,0.0,0.0,0.147,21.9,898.3,0.0,
Assets/_Project/Audio/VO/late/vo_late_handgunner_grabbed_03.ogg,vo_late_handgunner_grabbed,3,creatures,placeholder,synth:babble dur=1.0 pitch=145 mood=alert,1.0,-11.8,-21.0,9.1,340,0.003,0.0,0.0,0.273,22.2,891.9,0.0,
Assets/_Project/Audio/VO/late/vo_late_handgunner_thrown_01.ogg,vo_late_handgunner_thrown,1,creatures,placeholder,synth:babble dur=0.7 pitch=145 mood=shout,0.7,-10.0,-21.0,10.9,471,0.005,0.0,0.0,0.284,21.3,435.2,0.0,
Assets/_Project/Audio/VO/late/vo_late_handgunner_thrown_02.ogg,vo_late_handgunner_thrown,2,creatures,placeholder,synth:babble dur=0.7 pitch=145 mood=shout,0.7,-10.9,-21.0,10.0,366,0.004,0.0,0.0,0.406,21.8,78.5,0.0,
Assets/_Project/Audio/VO/late/vo_late_manatarms_murmur_01.ogg,vo_late_manatarms_murmur,1,creatures,placeholder,synth:babble dur=2.0 pitch=98 mood=calm,2.0,-9.7,-24.0,14.3,403,0.004,0.0,0.0,0.332,20.5,1612.3,0.0,
Assets/_Project/Audio/VO/late/vo_late_manatarms_murmur_02.ogg,vo_late_manatarms_murmur,2,creatures,placeholder,synth:babble dur=2.0 pitch=98 mood=calm,2.0,-12.4,-24.0,11.6,309,0.002,0.0,0.0,0.447,20.6,868.1,0.0,
Assets/_Project/Audio/VO/late/vo_late_manatarms_murmur_03.ogg,vo_late_manatarms_murmur,3,creatures,placeholder,synth:babble dur=2.0 pitch=98 mood=calm,2.0,-11.8,-24.0,12.2,332,0.003,0.0,0.0,0.39,20.2,368.7,0.0,
Assets/_Project/Audio/VO/late/vo_late_manatarms_murmur_04.ogg,vo_late_manatarms_murmur,4,creatures,placeholder,synth:babble dur=2.0 pitch=98 mood=calm,2.0,-10.1,-24.0,13.9,396,0.003,0.0,0.0,0.294,20.9,1381.1,0.0,
Assets/_Project/Audio/VO/late/vo_late_manatarms_alert_01.ogg,vo_late_manatarms_alert,1,creatures,placeholder,synth:babble dur=1.0 pitch=98 mood=alert,1.0,-11.5,-21.0,9.4,269,0.002,0.0,0.0,0.592,21.5,89.3,0.0,
Assets/_Project/Audio/VO/late/vo_late_manatarms_alert_02.ogg,vo_late_manatarms_alert,2,creatures,placeholder,synth:babble dur=1.0 pitch=98 mood=alert,1.0,-9.9,-21.0,11.1,315,0.002,0.0,0.0,0.526,20.1,294.3,0.0,
Assets/_Project/Audio/VO/late/vo_late_manatarms_alert_03.ogg,vo_late_manatarms_alert,3,creatures,placeholder,synth:babble dur=1.0 pitch=98 mood=alert,1.0,-9.0,-21.0,12.0,366,0.003,0.0,0.0,0.334,20.3,491.2,0.0,
Assets/_Project/Audio/VO/late/vo_late_manatarms_chase_01.ogg,vo_late_manatarms_chase,1,creatures,placeholder,synth:babble dur=1.2 pitch=98 mood=shout,1.2,-8.0,-19.0,11.0,376,0.003,0.0,0.0,0.172,21.0,768.0,0.0,
Assets/_Project/Audio/VO/late/vo_late_manatarms_chase_02.ogg,vo_late_manatarms_chase,2,creatures,placeholder,synth:babble dur=1.2 pitch=98 mood=shout,1.2,-6.9,-19.0,12.1,395,0.003,0.0,0.0,0.248,21.0,239.5,0.0,
Assets/_Project/Audio/VO/late/vo_late_manatarms_chase_03.ogg,vo_late_manatarms_chase,3,creatures,placeholder,synth:babble dur=1.2 pitch=98 mood=shout,1.2,-6.9,-19.0,12.1,381,0.003,0.0,0.0,0.286,21.1,936.1,0.0,
Assets/_Project/Audio/VO/late/vo_late_manatarms_search_01.ogg,vo_late_manatarms_search,1,creatures,placeholder,synth:babble dur=1.4 pitch=98 mood=calm,1.4,-9.6,-22.5,12.9,361,0.003,0.0,0.0,0.371,20.4,122.2,0.0,
Assets/_Project/Audio/VO/late/vo_late_manatarms_search_02.ogg,vo_late_manatarms_search,2,creatures,placeholder,synth:babble dur=1.4 pitch=98 mood=calm,1.4,-10.5,-22.5,12.0,308,0.002,0.0,0.0,0.518,20.6,1227.1,0.0,
Assets/_Project/Audio/VO/late/vo_late_manatarms_lost_01.ogg,vo_late_manatarms_lost,1,creatures,placeholder,synth:babble dur=0.9 pitch=98 mood=calm,0.9,-8.8,-22.5,13.6,423,0.004,0.0,0.0,0.315,20.3,435.8,0.0,
Assets/_Project/Audio/VO/late/vo_late_manatarms_lost_02.ogg,vo_late_manatarms_lost,2,creatures,placeholder,synth:babble dur=0.9 pitch=98 mood=calm,0.9,-10.3,-22.5,12.2,620,0.006,0.0,0.0,0.001,20.4,429.5,0.0,
Assets/_Project/Audio/VO/late/vo_late_manatarms_attack_01.ogg,vo_late_manatarms_attack,1,creatures,placeholder,synth:babble dur=0.4 pitch=98 mood=grunt,0.4,-8.4,-21.0,12.6,357,0.003,0.0,0.0,0.517,20.6,60.2,0.0,
Assets/_Project/Audio/VO/late/vo_late_manatarms_attack_02.ogg,vo_late_manatarms_attack,2,creatures,placeholder,synth:babble dur=0.4 pitch=98 mood=grunt,0.4,-8.4,-21.0,12.6,392,0.003,0.0,0.0,0.384,20.3,187.3,0.0,
Assets/_Project/Audio/VO/late/vo_late_manatarms_attack_03.ogg,vo_late_manatarms_attack,3,creatures,placeholder,synth:babble dur=0.4 pitch=98 mood=grunt,0.4,-8.3,-21.0,12.7,393,0.003,0.0,0.0,0.383,20.2,187.3,0.0,
Assets/_Project/Audio/VO/late/vo_late_manatarms_hurt_01.ogg,vo_late_manatarms_hurt,1,creatures,placeholder,synth:babble dur=0.5 pitch=98 mood=pain,0.5,-11.5,-21.0,9.4,551,0.006,0.0,0.0,0.001,20.8,239.4,0.0,
Assets/_Project/Audio/VO/late/vo_late_manatarms_hurt_02.ogg,vo_late_manatarms_hurt,2,creatures,placeholder,synth:babble dur=0.5 pitch=98 mood=pain,0.5,-11.6,-21.0,9.4,551,0.005,0.0,0.0,0.001,20.9,239.4,0.0,
Assets/_Project/Audio/VO/late/vo_late_manatarms_hurt_03.ogg,vo_late_manatarms_hurt,3,creatures,placeholder,synth:babble dur=0.5 pitch=98 mood=pain,0.5,-10.2,-21.0,10.8,783,0.009,0.0,0.0,0.0,20.6,225.0,0.0,
Assets/_Project/Audio/VO/late/vo_late_manatarms_death_01.ogg,vo_late_manatarms_death,1,creatures,placeholder,synth:babble dur=1.0 pitch=98 mood=pain,1.0,-9.2,-21.0,11.7,410,0.004,0.0,0.0,0.21,21.4,808.4,0.0,
Assets/_Project/Audio/VO/late/vo_late_manatarms_death_02.ogg,vo_late_manatarms_death,2,creatures,placeholder,synth:babble dur=1.0 pitch=98 mood=pain,1.0,-9.3,-21.0,11.7,376,0.003,0.0,0.0,0.3,20.7,815.8,0.0,
Assets/_Project/Audio/VO/late/vo_late_manatarms_asleep_01.ogg,vo_late_manatarms_asleep,1,creatures,placeholder,synth:snore dur=3.0 pitch=49,2.5,-2.0,-22.5,20.5,140,0.003,0.001,0.0,0.522,16.2,530.9,0.0,
Assets/_Project/Audio/VO/late/vo_late_manatarms_asleep_02.ogg,vo_late_manatarms_asleep,2,creatures,placeholder,synth:snore dur=3.0 pitch=49,2.5,-4.0,-22.5,18.5,111,0.002,0.0,0.0,0.511,16.2,665.1,0.0,
Assets/_Project/Audio/VO/late/vo_late_manatarms_grabbed_01.ogg,vo_late_manatarms_grabbed,1,creatures,placeholder,synth:babble dur=1.0 pitch=98 mood=alert,1.0,-10.3,-21.0,10.6,311,0.002,0.0,0.0,0.492,21.1,292.4,0.0,
Assets/_Project/Audio/VO/late/vo_late_manatarms_grabbed_02.ogg,vo_late_manatarms_grabbed,2,creatures,placeholder,synth:babble dur=1.0 pitch=98 mood=alert,1.0,-8.8,-21.0,12.2,338,0.002,0.0,0.0,0.508,21.2,89.3,0.0,
Assets/_Project/Audio/VO/late/vo_late_manatarms_grabbed_03.ogg,vo_late_manatarms_grabbed,3,creatures,placeholder,synth:babble dur=1.0 pitch=98 mood=alert,1.0,-7.7,-21.0,13.3,463,0.004,0.0,0.0,0.184,20.1,884.8,0.0,
Assets/_Project/Audio/VO/late/vo_late_manatarms_thrown_01.ogg,vo_late_manatarms_thrown,1,creatures,placeholder,synth:babble dur=0.7 pitch=98 mood=shout,0.7,-9.0,-21.0,11.9,419,0.003,0.0,0.0,0.084,20.9,248.9,0.0,
Assets/_Project/Audio/VO/late/vo_late_manatarms_thrown_02.ogg,vo_late_manatarms_thrown,2,creatures,placeholder,synth:babble dur=0.7 pitch=98 mood=shout,0.7,-10.5,-21.0,10.5,590,0.006,0.0,0.0,0.002,20.4,251.0,0.0,
Assets/_Project/Audio/VO/late/vo_late_pavisier_murmur_01.ogg,vo_late_pavisier_murmur,1,creatures,placeholder,synth:babble dur=2.0 pitch=135 mood=calm,2.0,-12.5,-24.0,11.4,391,0.003,0.0,0.0,0.076,21.7,857.5,0.0,
Assets/_Project/Audio/VO/late/vo_late_pavisier_murmur_02.ogg,vo_late_pavisier_murmur,2,creatures,placeholder,synth:babble dur=2.0 pitch=135 mood=calm,2.0,-13.1,-24.0,10.9,404,0.003,0.0,0.0,0.04,21.6,1624.5,0.0,
Assets/_Project/Audio/VO/late/vo_late_pavisier_murmur_03.ogg,vo_late_pavisier_murmur,3,creatures,placeholder,synth:babble dur=2.0 pitch=135 mood=calm,2.0,-13.4,-24.0,10.5,348,0.003,0.0,0.0,0.118,22.0,1364.7,0.0,
Assets/_Project/Audio/VO/late/vo_late_pavisier_murmur_04.ogg,vo_late_pavisier_murmur,4,creatures,placeholder,synth:babble dur=2.0 pitch=135 mood=calm,2.0,-13.2,-24.0,10.7,349,0.003,0.0,0.0,0.12,22.0,1102.5,0.0,
Assets/_Project/Audio/VO/late/vo_late_pavisier_alert_01.ogg,vo_late_pavisier_alert,1,creatures,placeholder,synth:babble dur=1.0 pitch=135 mood=alert,1.0,-11.6,-21.0,9.3,379,0.003,0.0,0.0,0.092,22.4,902.5,0.0,
Assets/_Project/Audio/VO/late/vo_late_pavisier_alert_02.ogg,vo_late_pavisier_alert,2,creatures,placeholder,synth:babble dur=1.0 pitch=135 mood=alert,1.0,-8.8,-21.0,12.1,434,0.004,0.0,0.0,0.293,21.5,478.5,0.0,
Assets/_Project/Audio/VO/late/vo_late_pavisier_alert_03.ogg,vo_late_pavisier_alert,3,creatures,placeholder,synth:babble dur=1.0 pitch=135 mood=alert,1.0,-8.7,-21.0,12.3,453,0.004,0.0,0.0,0.225,21.4,279.9,0.0,
Assets/_Project/Audio/VO/late/vo_late_pavisier_chase_01.ogg,vo_late_pavisier_chase,1,creatures,placeholder,synth:babble dur=1.2 pitch=135 mood=shout,1.2,-8.0,-19.0,10.9,400,0.003,0.0,0.0,0.252,21.8,421.6,0.0,
Assets/_Project/Audio/VO/late/vo_late_pavisier_chase_02.ogg,vo_late_pavisier_chase,2,creatures,placeholder,synth:babble dur=1.2 pitch=135 mood=shout,1.2,-7.7,-19.0,11.3,419,0.004,0.0,0.0,0.256,21.7,758.6,0.0,
Assets/_Project/Audio/VO/late/vo_late_pavisier_chase_03.ogg,vo_late_pavisier_chase,3,creatures,placeholder,synth:babble dur=1.2 pitch=135 mood=shout,1.2,-8.4,-19.0,10.5,378,0.003,0.0,0.0,0.283,21.7,433.9,0.0,
Assets/_Project/Audio/VO/late/vo_late_pavisier_search_01.ogg,vo_late_pavisier_search,1,creatures,placeholder,synth:babble dur=1.4 pitch=135 mood=calm,1.4,-11.2,-22.5,11.3,382,0.003,0.0,0.0,0.093,21.9,953.1,0.0,
Assets/_Project/Audio/VO/late/vo_late_pavisier_search_02.ogg,vo_late_pavisier_search,2,creatures,placeholder,synth:babble dur=1.4 pitch=135 mood=calm,1.4,-12.1,-22.5,10.4,336,0.003,0.0,0.0,0.115,22.1,960.9,0.0,
Assets/_Project/Audio/VO/late/vo_late_pavisier_lost_01.ogg,vo_late_pavisier_lost,1,creatures,placeholder,synth:babble dur=0.9 pitch=135 mood=calm,0.9,-11.0,-22.4,11.5,439,0.004,0.0,0.0,0.047,21.6,442.9,0.0,
Assets/_Project/Audio/VO/late/vo_late_pavisier_lost_02.ogg,vo_late_pavisier_lost,2,creatures,placeholder,synth:babble dur=0.9 pitch=135 mood=calm,0.9,-11.0,-22.5,11.5,378,0.003,0.0,0.0,0.136,21.8,430.0,0.0,
Assets/_Project/Audio/VO/late/vo_late_pavisier_attack_01.ogg,vo_late_pavisier_attack,1,creatures,placeholder,synth:babble dur=0.4 pitch=135 mood=grunt,0.4,-11.2,-20.9,9.7,342,0.003,0.0,0.0,0.131,22.2,320.3,0.0,
Assets/_Project/Audio/VO/late/vo_late_pavisier_attack_02.ogg,vo_late_pavisier_attack,2,creatures,placeholder,synth:babble dur=0.4 pitch=135 mood=grunt,0.4,-11.4,-21.0,9.6,333,0.003,0.0,0.0,0.175,22.0,189.7,0.0,
Assets/_Project/Audio/VO/late/vo_late_pavisier_attack_03.ogg,vo_late_pavisier_attack,3,creatures,placeholder,synth:babble dur=0.4 pitch=135 mood=grunt,0.4,-9.4,-21.0,11.6,394,0.004,0.0,0.0,0.232,21.7,189.8,0.0,
Assets/_Project/Audio/VO/late/vo_late_pavisier_hurt_01.ogg,vo_late_pavisier_hurt,1,creatures,placeholder,synth:babble dur=0.5 pitch=135 mood=pain,0.5,-13.2,-21.0,7.8,573,0.006,0.0,0.0,0.003,21.6,166.8,0.0,
Assets/_Project/Audio/VO/late/vo_late_pavisier_hurt_02.ogg,vo_late_pavisier_hurt,2,creatures,placeholder,synth:babble dur=0.5 pitch=135 mood=pain,0.5,-12.4,-20.9,8.6,310,0.003,0.0,0.0,0.528,22.3,235.5,0.0,
Assets/_Project/Audio/VO/late/vo_late_pavisier_hurt_03.ogg,vo_late_pavisier_hurt,3,creatures,placeholder,synth:babble dur=0.5 pitch=135 mood=pain,0.5,-13.2,-20.9,7.7,221,0.001,0.0,0.0,0.866,23.0,240.1,0.0,
Assets/_Project/Audio/VO/late/vo_late_pavisier_death_01.ogg,vo_late_pavisier_death,1,creatures,placeholder,synth:babble dur=1.0 pitch=135 mood=pain,1.0,-10.4,-21.0,10.5,396,0.003,0.0,0.0,0.412,22.2,461.2,0.0,
Assets/_Project/Audio/VO/late/vo_late_pavisier_death_02.ogg,vo_late_pavisier_death,2,creatures,placeholder,synth:babble dur=1.0 pitch=135 mood=pain,1.0,-10.5,-20.9,10.4,304,0.002,0.0,0.0,0.754,22.1,477.6,0.0,
Assets/_Project/Audio/VO/late/vo_late_pavisier_asleep_01.ogg,vo_late_pavisier_asleep,1,creatures,placeholder,synth:snore dur=3.0 pitch=68,2.5,-3.3,-22.5,19.2,166,0.004,0.001,0.001,0.48,16.3,575.1,0.0,
Assets/_Project/Audio/VO/late/vo_late_pavisier_asleep_02.ogg,vo_late_pavisier_asleep,2,creatures,placeholder,synth:snore dur=3.0 pitch=68,2.5,-2.4,-22.5,20.1,155,0.003,0.001,0.0,0.487,16.0,534.9,0.0,
Assets/_Project/Audio/VO/late/vo_late_pavisier_grabbed_01.ogg,vo_late_pavisier_grabbed,1,creatures,placeholder,synth:babble dur=1.0 pitch=135 mood=alert,1.0,-11.2,-21.0,9.8,331,0.003,0.0,0.0,0.308,22.0,688.3,0.0,
Assets/_Project/Audio/VO/late/vo_late_pavisier_grabbed_02.ogg,vo_late_pavisier_grabbed,2,creatures,placeholder,synth:babble dur=1.0 pitch=135 mood=alert,1.0,-11.2,-21.0,9.8,336,0.003,0.0,0.0,0.207,22.4,690.4,0.0,
Assets/_Project/Audio/VO/late/vo_late_pavisier_grabbed_03.ogg,vo_late_pavisier_grabbed,3,creatures,placeholder,synth:babble dur=1.0 pitch=135 mood=alert,1.0,-10.7,-21.0,10.3,622,0.007,0.0,0.0,0.001,21.1,493.1,0.0,
Assets/_Project/Audio/VO/late/vo_late_pavisier_thrown_01.ogg,vo_late_pavisier_thrown,1,creatures,placeholder,synth:babble dur=0.7 pitch=135 mood=shout,0.7,-10.7,-21.0,10.2,347,0.003,0.0,0.0,0.391,21.6,426.6,0.0,
Assets/_Project/Audio/VO/late/vo_late_pavisier_thrown_02.ogg,vo_late_pavisier_thrown,2,creatures,placeholder,synth:babble dur=0.7 pitch=135 mood=shout,0.7,-11.4,-20.9,9.6,409,0.004,0.0,0.0,0.149,21.9,70.7,0.0,
Assets/_Project/Audio/VO/powder/vo_powder_guard_murmur_01.ogg,vo_powder_guard_murmur,1,creatures,placeholder,synth:babble dur=2.0 pitch=128 mood=calm,2.0,-11.3,-24.0,12.6,422,0.004,0.0,0.0,0.103,21.4,1852.3,0.0,
Assets/_Project/Audio/VO/powder/vo_powder_guard_murmur_02.ogg,vo_powder_guard_murmur,2,creatures,placeholder,synth:babble dur=2.0 pitch=128 mood=calm,2.0,-11.5,-24.0,12.5,424,0.004,0.0,0.0,0.076,21.6,117.4,0.0,
Assets/_Project/Audio/VO/powder/vo_powder_guard_murmur_03.ogg,vo_powder_guard_murmur,3,creatures,placeholder,synth:babble dur=2.0 pitch=128 mood=calm,2.0,-12.5,-24.0,11.5,400,0.003,0.0,0.0,0.059,21.5,117.1,0.0,
Assets/_Project/Audio/VO/powder/vo_powder_guard_murmur_04.ogg,vo_powder_guard_murmur,4,creatures,placeholder,synth:babble dur=2.0 pitch=128 mood=calm,2.0,-13.4,-24.0,10.6,367,0.003,0.0,0.0,0.072,21.9,117.1,0.0,
Assets/_Project/Audio/VO/powder/vo_powder_guard_alert_01.ogg,vo_powder_guard_alert,1,creatures,placeholder,synth:babble dur=1.0 pitch=128 mood=alert,1.0,-10.1,-21.0,10.8,382,0.003,0.0,0.0,0.179,21.6,496.5,0.0,
Assets/_Project/Audio/VO/powder/vo_powder_guard_alert_02.ogg,vo_powder_guard_alert,2,creatures,placeholder,synth:babble dur=1.0 pitch=128 mood=alert,1.0,-8.7,-21.0,12.3,442,0.004,0.0,0.0,0.207,21.3,496.5,0.0,
Assets/_Project/Audio/VO/powder/vo_powder_guard_alert_03.ogg,vo_powder_guard_alert,3,creatures,placeholder,synth:babble dur=1.0 pitch=128 mood=alert,1.0,-10.2,-21.0,10.7,375,0.003,0.0,0.0,0.174,21.7,477.8,0.0,
Assets/_Project/Audio/VO/powder/vo_powder_guard_chase_01.ogg,vo_powder_guard_chase,1,creatures,placeholder,synth:babble dur=1.2 pitch=128 mood=shout,1.2,-8.1,-19.0,10.9,458,0.004,0.0,0.0,0.045,21.9,76.1,0.0,
Assets/_Project/Audio/VO/powder/vo_powder_guard_chase_02.ogg,vo_powder_guard_chase,2,creatures,placeholder,synth:babble dur=1.2 pitch=128 mood=shout,1.2,-7.8,-19.0,11.1,470,0.004,0.0,0.0,0.096,21.4,927.2,0.0,
Assets/_Project/Audio/VO/powder/vo_powder_guard_chase_03.ogg,vo_powder_guard_chase,3,creatures,placeholder,synth:babble dur=1.2 pitch=128 mood=shout,1.2,-7.2,-19.0,11.8,527,0.005,0.0,0.0,0.083,21.2,598.9,0.0,
Assets/_Project/Audio/VO/powder/vo_powder_guard_search_01.ogg,vo_powder_guard_search,1,creatures,placeholder,synth:babble dur=1.4 pitch=128 mood=calm,1.4,-12.1,-22.4,10.3,311,0.002,0.0,0.0,0.145,22.1,140.2,0.0,
Assets/_Project/Audio/VO/powder/vo_powder_guard_search_02.ogg,vo_powder_guard_search,2,creatures,placeholder,synth:babble dur=1.4 pitch=128 mood=calm,1.4,-9.7,-22.5,12.8,481,0.005,0.0,0.0,0.057,21.2,1257.4,0.0,
Assets/_Project/Audio/VO/powder/vo_powder_guard_lost_01.ogg,vo_powder_guard_lost,1,creatures,placeholder,synth:babble dur=0.9 pitch=128 mood=calm,0.9,-11.8,-22.5,10.7,570,0.006,0.0,0.0,0.001,21.4,139.9,0.0,
Assets/_Project/Audio/VO/powder/vo_powder_guard_lost_02.ogg,vo_powder_guard_lost,2,creatures,placeholder,synth:babble dur=0.9 pitch=128 mood=calm,0.9,-10.4,-22.5,12.0,426,0.004,0.0,0.0,0.063,21.2,146.5,0.0,
Assets/_Project/Audio/VO/powder/vo_powder_guard_attack_01.ogg,vo_powder_guard_attack,1,creatures,placeholder,synth:babble dur=0.4 pitch=128 mood=grunt,0.4,-10.0,-21.0,11.0,420,0.004,0.0,0.0,0.046,21.6,193.5,0.0,
Assets/_Project/Audio/VO/powder/vo_powder_guard_attack_02.ogg,vo_powder_guard_attack,2,creatures,placeholder,synth:babble dur=0.4 pitch=128 mood=grunt,0.4,-10.4,-21.0,10.6,412,0.004,0.0,0.0,0.043,21.6,193.6,0.0,
Assets/_Project/Audio/VO/powder/vo_powder_guard_attack_03.ogg,vo_powder_guard_attack,3,creatures,placeholder,synth:babble dur=0.4 pitch=128 mood=grunt,0.4,-11.5,-21.0,9.5,327,0.002,0.0,0.0,0.124,22.1,192.6,0.0,
Assets/_Project/Audio/VO/powder/vo_powder_guard_hurt_01.ogg,vo_powder_guard_hurt,1,creatures,placeholder,synth:babble dur=0.5 pitch=128 mood=pain,0.5,-11.5,-21.0,9.5,789,0.008,0.0,0.0,0.0,21.5,205.5,0.0,
Assets/_Project/Audio/VO/powder/vo_powder_guard_hurt_02.ogg,vo_powder_guard_hurt,2,creatures,placeholder,synth:babble dur=0.5 pitch=128 mood=pain,0.5,-12.2,-21.0,8.8,595,0.005,0.0,0.0,0.001,21.6,221.4,0.0,
Assets/_Project/Audio/VO/powder/vo_powder_guard_hurt_03.ogg,vo_powder_guard_hurt,3,creatures,placeholder,synth:babble dur=0.5 pitch=128 mood=pain,0.5,-12.1,-21.0,8.8,596,0.006,0.0,0.0,0.001,21.6,221.4,0.0,
Assets/_Project/Audio/VO/powder/vo_powder_guard_death_01.ogg,vo_powder_guard_death,1,creatures,placeholder,synth:babble dur=1.0 pitch=128 mood=pain,1.0,-10.6,-21.0,10.4,709,0.007,0.0,0.0,0.0,21.6,816.6,0.0,
Assets/_Project/Audio/VO/powder/vo_powder_guard_death_02.ogg,vo_powder_guard_death,2,creatures,placeholder,synth:babble dur=1.0 pitch=128 mood=pain,1.0,-11.0,-21.0,10.0,439,0.004,0.0,0.0,0.076,22.3,827.3,0.0,
Assets/_Project/Audio/VO/powder/vo_powder_guard_asleep_01.ogg,vo_powder_guard_asleep,1,creatures,placeholder,synth:snore dur=3.0 pitch=64,2.5,-2.7,-22.5,19.8,141,0.003,0.001,0.0,0.455,16.0,598.8,0.0,
Assets/_Project/Audio/VO/powder/vo_powder_guard_asleep_02.ogg,vo_powder_guard_asleep,2,creatures,placeholder,synth:snore dur=3.0 pitch=64,2.5,-3.9,-22.5,18.6,179,0.004,0.001,0.001,0.457,16.4,393.1,0.0,
Assets/_Project/Audio/VO/powder/vo_powder_guard_grabbed_01.ogg,vo_powder_guard_grabbed,1,creatures,placeholder,synth:babble dur=1.0 pitch=128 mood=alert,1.0,-11.1,-21.0,9.8,337,0.003,0.0,0.0,0.159,21.9,686.4,0.0,
Assets/_Project/Audio/VO/powder/vo_powder_guard_grabbed_02.ogg,vo_powder_guard_grabbed,2,creatures,placeholder,synth:babble dur=1.0 pitch=128 mood=alert,1.0,-11.2,-21.0,9.7,357,0.003,0.0,0.0,0.101,21.8,91.2,0.0,
Assets/_Project/Audio/VO/powder/vo_powder_guard_grabbed_03.ogg,vo_powder_guard_grabbed,3,creatures,placeholder,synth:babble dur=1.0 pitch=128 mood=alert,1.0,-10.1,-21.0,10.9,415,0.004,0.0,0.0,0.053,21.3,91.0,0.0,
Assets/_Project/Audio/VO/powder/vo_powder_guard_thrown_01.ogg,vo_powder_guard_thrown,1,creatures,placeholder,synth:babble dur=0.7 pitch=128 mood=shout,0.7,-12.0,-21.0,8.9,280,0.002,0.0,0.0,0.435,22.4,432.9,0.0,
Assets/_Project/Audio/VO/powder/vo_powder_guard_thrown_02.ogg,vo_powder_guard_thrown,2,creatures,placeholder,synth:babble dur=0.7 pitch=128 mood=shout,0.7,-11.0,-21.0,10.0,347,0.003,0.0,0.0,0.268,22.3,432.2,0.0,
Assets/_Project/Audio/VO/powder/vo_powder_musketeer_murmur_01.ogg,vo_powder_musketeer_murmur,1,creatures,placeholder,synth:babble dur=2.0 pitch=150 mood=calm,2.0,-13.0,-24.0,11.0,385,0.003,0.0,0.0,0.163,21.8,370.5,0.0,
Assets/_Project/Audio/VO/powder/vo_powder_musketeer_murmur_02.ogg,vo_powder_musketeer_murmur,2,creatures,placeholder,synth:babble dur=2.0 pitch=150 mood=calm,2.0,-13.7,-24.0,10.3,336,0.003,0.0,0.0,0.272,22.1,871.6,0.0,
Assets/_Project/Audio/VO/powder/vo_powder_musketeer_murmur_03.ogg,vo_powder_musketeer_murmur,3,creatures,placeholder,synth:babble dur=2.0 pitch=150 mood=calm,2.0,-13.2,-24.0,10.8,380,0.003,0.0,0.0,0.142,21.3,600.7,0.0,
Assets/_Project/Audio/VO/powder/vo_powder_musketeer_murmur_04.ogg,vo_powder_musketeer_murmur,4,creatures,placeholder,synth:babble dur=2.0 pitch=150 mood=calm,2.0,-13.4,-24.0,10.6,423,0.004,0.0,0.0,0.076,21.4,1858.2,0.0,
Assets/_Project/Audio/VO/powder/vo_powder_musketeer_alert_01.ogg,vo_powder_musketeer_alert,1,creatures,placeholder,synth:babble dur=1.0 pitch=150 mood=alert,1.0,-11.0,-21.0,9.9,430,0.004,0.0,0.0,0.184,22.1,90.5,0.0,
Assets/_Project/Audio/VO/powder/vo_powder_musketeer_alert_02.ogg,vo_powder_musketeer_alert,2,creatures,placeholder,synth:babble dur=1.0 pitch=150 mood=alert,1.0,-11.0,-21.0,9.9,429,0.004,0.0,0.0,0.214,22.0,282.1,0.0,
Assets/_Project/Audio/VO/powder/vo_powder_musketeer_alert_03.ogg,vo_powder_musketeer_alert,3,creatures,placeholder,synth:babble dur=1.0 pitch=150 mood=alert,1.0,-9.4,-21.0,11.6,464,0.004,0.0,0.0,0.198,21.9,884.3,0.0,
Assets/_Project/Audio/VO/powder/vo_powder_musketeer_chase_01.ogg,vo_powder_musketeer_chase,1,creatures,placeholder,synth:babble dur=1.2 pitch=150 mood=shout,1.2,-7.2,-19.0,11.8,387,0.003,0.0,0.0,0.51,21.6,590.2,0.0,
Assets/_Project/Audio/VO/powder/vo_powder_musketeer_chase_02.ogg,vo_powder_musketeer_chase,2,creatures,placeholder,synth:babble dur=1.2 pitch=150 mood=shout,1.2,-7.5,-19.0,11.4,416,0.004,0.0,0.0,0.321,21.8,929.9,0.0,
Assets/_Project/Audio/VO/powder/vo_powder_musketeer_chase_03.ogg,vo_powder_musketeer_chase,3,creatures,placeholder,synth:babble dur=1.2 pitch=150 mood=shout,1.2,-9.6,-18.9,9.4,277,0.002,0.0,0.0,0.694,22.2,430.6,0.0,
Assets/_Project/Audio/VO/powder/vo_powder_musketeer_search_01.ogg,vo_powder_musketeer_search,1,creatures,placeholder,synth:babble dur=1.4 pitch=150 mood=calm,1.4,-12.0,-22.5,10.4,411,0.004,0.0,0.0,0.071,21.7,139.2,0.0,
Assets/_Project/Audio/VO/powder/vo_powder_musketeer_search_02.ogg,vo_powder_musketeer_search,2,creatures,placeholder,synth:babble dur=1.4 pitch=150 mood=calm,1.4,-12.5,-22.5,10.0,318,0.003,0.0,0.0,0.31,22.1,413.9,0.0,
Assets/_Project/Audio/VO/powder/vo_powder_musketeer_lost_01.ogg,vo_powder_musketeer_lost,1,creatures,placeholder,synth:babble dur=0.9 pitch=150 mood=calm,0.9,-11.6,-22.5,10.9,435,0.004,0.0,0.0,0.086,21.6,430.9,0.0,
Assets/_Project/Audio/VO/powder/vo_powder_musketeer_lost_02.ogg,vo_powder_musketeer_lost,2,creatures,placeholder,synth:babble dur=0.9 pitch=150 mood=calm,0.9,-12.5,-22.5,9.9,339,0.003,0.0,0.0,0.2,22.6,151.4,0.0,
Assets/_Project/Audio/VO/powder/vo_powder_musketeer_attack_01.ogg,vo_powder_musketeer_attack,1,creatures,placeholder,synth:babble dur=0.4 pitch=150 mood=grunt,0.4,-10.1,-21.0,10.9,468,0.004,0.0,0.0,0.094,21.4,58.9,0.0,
Assets/_Project/Audio/VO/powder/vo_powder_musketeer_attack_02.ogg,vo_powder_musketeer_attack,2,creatures,placeholder,synth:babble dur=0.4 pitch=150 mood=grunt,0.4,-11.2,-20.9,9.7,325,0.003,0.0,0.0,0.372,22.1,194.8,0.0,
Assets/_Project/Audio/VO/powder/vo_powder_musketeer_attack_03.ogg,vo_powder_musketeer_attack,3,creatures,placeholder,synth:babble dur=0.4 pitch=150 mood=grunt,0.4,-12.2,-21.0,8.7,544,0.004,0.0,0.0,0.001,21.9,197.0,0.0,
Assets/_Project/Audio/VO/powder/vo_powder_musketeer_hurt_01.ogg,vo_powder_musketeer_hurt,1,creatures,placeholder,synth:babble dur=0.5 pitch=150 mood=pain,0.5,-12.2,-21.0,8.8,533,0.006,0.0,0.0,0.004,22.1,254.5,0.0,
Assets/_Project/Audio/VO/powder/vo_powder_musketeer_hurt_02.ogg,vo_powder_musketeer_hurt,2,creatures,placeholder,synth:babble dur=0.5 pitch=150 mood=pain,0.5,-14.6,-20.9,6.3,225,0.001,0.0,0.0,0.937,22.9,237.0,0.0,
Assets/_Project/Audio/VO/powder/vo_powder_musketeer_hurt_03.ogg,vo_powder_musketeer_hurt,3,creatures,placeholder,synth:babble dur=0.5 pitch=150 mood=pain,0.5,-12.4,-21.0,8.6,633,0.007,0.0,0.0,0.003,21.2,259.7,0.0,
Assets/_Project/Audio/VO/powder/vo_powder_musketeer_death_01.ogg,vo_powder_musketeer_death,1,creatures,placeholder,synth:babble dur=1.0 pitch=150 mood=pain,1.0,-12.9,-20.9,8.0,256,0.001,0.0,0.0,0.844,22.4,490.4,0.0,
Assets/_Project/Audio/VO/powder/vo_powder_musketeer_death_02.ogg,vo_powder_musketeer_death,2,creatures,placeholder,synth:babble dur=1.0 pitch=150 mood=pain,1.0,-11.3,-20.9,9.6,422,0.004,0.0,0.0,0.267,22.2,817.4,0.0,
Assets/_Project/Audio/VO/powder/vo_powder_musketeer_asleep_01.ogg,vo_powder_musketeer_asleep,1,creatures,placeholder,synth:snore dur=3.0 pitch=75,2.5,-1.8,-22.5,20.7,116,0.003,0.001,0.001,0.446,16.6,545.3,0.0,
Assets/_Project/Audio/VO/powder/vo_powder_musketeer_asleep_02.ogg,vo_powder_musketeer_asleep,2,creatures,placeholder,synth:snore dur=3.0 pitch=75,2.5,-2.0,-22.5,20.5,120,0.003,0.001,0.001,0.418,16.3,507.0,0.0,
Assets/_Project/Audio/VO/powder/vo_powder_musketeer_grabbed_01.ogg,vo_powder_musketeer_grabbed,1,creatures,placeholder,synth:babble dur=1.0 pitch=150 mood=alert,1.0,-10.3,-21.0,10.7,414,0.004,0.0,0.0,0.205,22.1,886.4,0.0,
Assets/_Project/Audio/VO/powder/vo_powder_musketeer_grabbed_02.ogg,vo_powder_musketeer_grabbed,2,creatures,placeholder,synth:babble dur=1.0 pitch=150 mood=alert,1.0,-10.4,-20.9,10.5,348,0.003,0.0,0.0,0.423,22.2,283.6,0.0,
Assets/_Project/Audio/VO/powder/vo_powder_musketeer_grabbed_03.ogg,vo_powder_musketeer_grabbed,3,creatures,placeholder,synth:babble dur=1.0 pitch=150 mood=alert,1.0,-9.9,-21.0,11.0,355,0.003,0.0,0.0,0.482,22.1,482.3,0.0,
Assets/_Project/Audio/VO/powder/vo_powder_musketeer_thrown_01.ogg,vo_powder_musketeer_thrown,1,creatures,placeholder,synth:babble dur=0.7 pitch=150 mood=shout,0.7,-11.9,-20.9,9.0,269,0.002,0.0,0.0,0.719,22.5,259.2,0.0,
Assets/_Project/Audio/VO/powder/vo_powder_musketeer_thrown_02.ogg,vo_powder_musketeer_thrown,2,creatures,placeholder,synth:babble dur=0.7 pitch=150 mood=shout,0.7,-10.9,-20.9,10.0,303,0.002,0.0,0.0,0.713,22.4,251.4,0.0,
Assets/_Project/Audio/VO/powder/vo_powder_cuirassier_murmur_01.ogg,vo_powder_cuirassier_murmur,1,creatures,placeholder,synth:babble dur=2.0 pitch=92 mood=calm,2.0,-9.7,-24.0,14.3,514,0.005,0.0,0.0,0.06,20.1,1876.4,0.0,
Assets/_Project/Audio/VO/powder/vo_powder_cuirassier_murmur_02.ogg,vo_powder_cuirassier_murmur,2,creatures,placeholder,synth:babble dur=2.0 pitch=92 mood=calm,2.0,-11.2,-24.0,12.8,347,0.003,0.0,0.0,0.302,20.5,1867.7,0.0,
Assets/_Project/Audio/VO/powder/vo_powder_cuirassier_murmur_03.ogg,vo_powder_cuirassier_murmur,3,creatures,placeholder,synth:babble dur=2.0 pitch=92 mood=calm,2.0,-10.1,-24.0,13.9,406,0.003,0.0,0.0,0.202,20.5,1876.1,0.0,
Assets/_Project/Audio/VO/powder/vo_powder_cuirassier_murmur_04.ogg,vo_powder_cuirassier_murmur,4,creatures,placeholder,synth:babble dur=2.0 pitch=92 mood=calm,2.0,-10.4,-24.0,13.6,382,0.003,0.0,0.0,0.25,20.4,371.6,0.0,
Assets/_Project/Audio/VO/powder/vo_powder_cuirassier_alert_01.ogg,vo_powder_cuirassier_alert,1,creatures,placeholder,synth:babble dur=1.0 pitch=92 mood=alert,1.0,-9.4,-21.0,11.6,627,0.007,0.0,0.0,0.001,20.2,497.1,0.0,
Assets/_Project/Audio/VO/powder/vo_powder_cuirassier_alert_02.ogg,vo_powder_cuirassier_alert,2,creatures,placeholder,synth:babble dur=1.0 pitch=92 mood=alert,1.0,-8.6,-21.0,12.4,359,0.003,0.0,0.0,0.434,20.5,878.4,0.0,
Assets/_Project/Audio/VO/powder/vo_powder_cuirassier_alert_03.ogg,vo_powder_cuirassier_alert,3,creatures,placeholder,synth:babble dur=1.0 pitch=92 mood=alert,1.0,-10.4,-21.0,10.6,304,0.002,0.0,0.0,0.515,20.6,690.2,0.0,
Assets/_Project/Audio/VO/powder/vo_powder_cuirassier_chase_01.ogg,vo_powder_cuirassier_chase,1,creatures,placeholder,synth:babble dur=1.2 pitch=92 mood=shout,1.2,-8.1,-19.0,10.9,316,0.002,0.0,0.0,0.514,21.3,927.8,0.0,
Assets/_Project/Audio/VO/powder/vo_powder_cuirassier_chase_02.ogg,vo_powder_cuirassier_chase,2,creatures,placeholder,synth:babble dur=1.2 pitch=92 mood=shout,1.2,-8.7,-19.0,10.3,317,0.002,0.0,0.0,0.414,20.9,764.6,0.0,
Assets/_Project/Audio/VO/powder/vo_powder_cuirassier_chase_03.ogg,vo_powder_cuirassier_chase,3,creatures,placeholder,synth:babble dur=1.2 pitch=92 mood=shout,1.2,-6.0,-19.0,13.0,441,0.004,0.0,0.0,0.251,20.7,927.5,0.0,
Assets/_Project/Audio/VO/powder/vo_powder_cuirassier_search_01.ogg,vo_powder_cuirassier_search,1,creatures,placeholder,synth:babble dur=1.4 pitch=92 mood=calm,1.4,-9.9,-22.5,12.6,332,0.003,0.0,0.0,0.317,20.5,421.2,0.0,
Assets/_Project/Audio/VO/powder/vo_powder_cuirassier_search_02.ogg,vo_powder_cuirassier_search,2,creatures,placeholder,synth:babble dur=1.4 pitch=92 mood=calm,1.4,-10.0,-22.5,12.5,338,0.003,0.0,0.0,0.289,20.4,130.1,0.0,
Assets/_Project/Audio/VO/powder/vo_powder_cuirassier_lost_01.ogg,vo_powder_cuirassier_lost,1,creatures,placeholder,synth:babble dur=0.9 pitch=92 mood=calm,0.9,-9.4,-22.5,13.1,431,0.004,0.0,0.0,0.138,19.7,739.1,0.0,
Assets/_Project/Audio/VO/powder/vo_powder_cuirassier_lost_02.ogg,vo_powder_cuirassier_lost,2,creatures,placeholder,synth:babble dur=0.9 pitch=92 mood=calm,0.9,-11.1,-22.5,11.4,347,0.003,0.0,0.0,0.206,20.9,435.4,0.0,
Assets/_Project/Audio/VO/powder/vo_powder_cuirassier_attack_01.ogg,vo_powder_cuirassier_attack,1,creatures,placeholder,synth:babble dur=0.4 pitch=92 mood=grunt,0.4,-9.7,-21.0,11.3,580,0.006,0.0,0.0,0.001,20.2,191.1,0.0,
Assets/_Project/Audio/VO/powder/vo_powder_cuirassier_attack_02.ogg,vo_powder_cuirassier_attack,2,creatures,placeholder,synth:babble dur=0.4 pitch=92 mood=grunt,0.4,-10.3,-21.0,10.6,279,0.002,0.0,0.0,0.569,21.1,180.2,0.0,
Assets/_Project/Audio/VO/powder/vo_powder_cuirassier_attack_03.ogg,vo_powder_cuirassier_attack,3,creatures,placeholder,synth:babble dur=0.4 pitch=92 mood=grunt,0.4,-11.1,-21.0,9.8,263,0.002,0.0,0.0,0.551,21.4,190.2,0.0,
Assets/_Project/Audio/VO/powder/vo_powder_cuirassier_hurt_01.ogg,vo_powder_cuirassier_hurt,1,creatures,placeholder,synth:babble dur=0.5 pitch=92 mood=pain,0.5,-12.5,-20.9,8.4,263,0.002,0.0,0.0,0.305,22.4,238.7,0.0,
Assets/_Project/Audio/VO/powder/vo_powder_cuirassier_hurt_02.ogg,vo_powder_cuirassier_hurt,2,creatures,placeholder,synth:babble dur=0.5 pitch=92 mood=pain,0.5,-12.6,-21.0,8.3,263,0.002,0.0,0.0,0.304,22.4,231.5,0.0,
Assets/_Project/Audio/VO/powder/vo_powder_cuirassier_hurt_03.ogg,vo_powder_cuirassier_hurt,3,creatures,placeholder,synth:babble dur=0.5 pitch=92 mood=pain,0.5,-12.6,-21.0,8.4,263,0.002,0.0,0.0,0.305,22.4,231.5,0.0,
Assets/_Project/Audio/VO/powder/vo_powder_cuirassier_death_01.ogg,vo_powder_cuirassier_death,1,creatures,placeholder,synth:babble dur=1.0 pitch=92 mood=pain,1.0,-10.7,-21.0,10.3,317,0.002,0.0,0.0,0.24,21.2,471.4,0.0,
Assets/_Project/Audio/VO/powder/vo_powder_cuirassier_death_02.ogg,vo_powder_cuirassier_death,2,creatures,placeholder,synth:babble dur=1.0 pitch=92 mood=pain,1.0,-9.6,-21.0,11.4,670,0.007,0.0,0.0,0.001,20.8,492.3,0.0,
Assets/_Project/Audio/VO/powder/vo_powder_cuirassier_asleep_01.ogg,vo_powder_cuirassier_asleep,1,creatures,placeholder,synth:snore dur=3.0 pitch=46,2.5,-3.2,-22.5,19.3,137,0.003,0.0,0.0,0.516,16.2,720.0,0.0,
Assets/_Project/Audio/VO/powder/vo_powder_cuirassier_asleep_02.ogg,vo_powder_cuirassier_asleep,2,creatures,placeholder,synth:snore dur=3.0 pitch=46,2.5,-1.8,-22.5,20.7,140,0.003,0.001,0.0,0.525,16.3,608.9,0.0,
Assets/_Project/Audio/VO/powder/vo_powder_cuirassier_grabbed_01.ogg,vo_powder_cuirassier_grabbed,1,creatures,placeholder,synth:babble dur=1.0 pitch=92 mood=alert,1.0,-9.4,-21.0,11.6,327,0.002,0.0,0.0,0.478,20.0,877.4,0.0,
Assets/_Project/Audio/VO/powder/vo_powder_cuirassier_grabbed_02.ogg,vo_powder_cuirassier_grabbed,2,creatures,placeholder,synth:babble dur=1.0 pitch=92 mood=alert,1.0,-9.6,-21.0,11.4,328,0.002,0.0,0.0,0.468,20.3,494.4,0.0,
Assets/_Project/Audio/VO/powder/vo_powder_cuirassier_grabbed_03.ogg,vo_powder_cuirassier_grabbed,3,creatures,placeholder,synth:babble dur=1.0 pitch=92 mood=alert,1.0,-7.1,-21.0,13.9,491,0.005,0.0,0.0,0.137,20.2,877.7,0.0,
Assets/_Project/Audio/VO/powder/vo_powder_cuirassier_thrown_01.ogg,vo_powder_cuirassier_thrown,1,creatures,placeholder,synth:babble dur=0.7 pitch=92 mood=shout,0.7,-8.8,-21.0,12.1,401,0.003,0.0,0.0,0.237,20.8,256.1,0.0,
Assets/_Project/Audio/VO/powder/vo_powder_cuirassier_thrown_02.ogg,vo_powder_cuirassier_thrown,2,creatures,placeholder,synth:babble dur=0.7 pitch=92 mood=shout,0.7,-9.7,-21.0,11.3,361,0.003,0.0,0.0,0.328,20.7,256.6,0.0,
Assets/_Project/Audio/VO/powder/vo_powder_petardier_murmur_01.ogg,vo_powder_petardier_murmur,1,creatures,placeholder,synth:babble dur=2.0 pitch=140 mood=calm,2.0,-13.1,-24.0,10.8,365,0.003,0.0,0.0,0.114,21.8,1871.6,0.0,
Assets/_Project/Audio/VO/powder/vo_powder_petardier_murmur_02.ogg,vo_powder_petardier_murmur,2,creatures,placeholder,synth:babble dur=2.0 pitch=140 mood=calm,2.0,-12.7,-24.0,11.3,393,0.003,0.0,0.0,0.092,21.1,1098.9,0.0,
Assets/_Project/Audio/VO/powder/vo_powder_petardier_murmur_03.ogg,vo_powder_petardier_murmur,3,creatures,placeholder,synth:babble dur=2.0 pitch=140 mood=calm,2.0,-13.0,-24.0,10.9,413,0.004,0.0,0.0,0.048,21.4,1862.3,0.0,
Assets/_Project/Audio/VO/powder/vo_powder_petardier_murmur_04.ogg,vo_powder_petardier_murmur,4,creatures,placeholder,synth:babble dur=2.0 pitch=140 mood=calm,2.0,-13.1,-24.0,10.8,403,0.003,0.0,0.0,0.041,20.8,114.2,0.0,
Assets/_Project/Audio/VO/powder/vo_powder_petardier_alert_01.ogg,vo_powder_petardier_alert,1,creatures,placeholder,synth:babble dur=1.0 pitch=140 mood=alert,1.0,-9.7,-21.0,11.2,498,0.004,0.0,0.0,0.037,21.7,887.2,0.0,
Assets/_Project/Audio/VO/powder/vo_powder_petardier_alert_02.ogg,vo_powder_petardier_alert,2,creatures,placeholder,synth:babble dur=1.0 pitch=140 mood=alert,1.0,-11.3,-21.0,9.7,303,0.002,0.0,0.0,0.444,22.4,485.4,0.0,
Assets/_Project/Audio/VO/powder/vo_powder_petardier_alert_03.ogg,vo_powder_petardier_alert,3,creatures,placeholder,synth:babble dur=1.0 pitch=140 mood=alert,1.0,-11.5,-21.0,9.5,391,0.003,0.0,0.0,0.096,22.2,90.1,0.0,
Assets/_Project/Audio/VO/powder/vo_powder_petardier_chase_01.ogg,vo_powder_petardier_chase,1,creatures,placeholder,synth:babble dur=1.2 pitch=140 mood=shout,1.2,-7.9,-19.0,11.1,378,0.003,0.0,0.0,0.377,21.9,423.6,0.0,
Assets/_Project/Audio/VO/powder/vo_powder_petardier_chase_02.ogg,vo_powder_petardier_chase,2,creatures,placeholder,synth:babble dur=1.2 pitch=140 mood=shout,1.2,-7.7,-19.0,11.2,390,0.003,0.0,0.0,0.35,22.2,589.8,0.0,
Assets/_Project/Audio/VO/powder/vo_powder_petardier_chase_03.ogg,vo_powder_petardier_chase,3,creatures,placeholder,synth:babble dur=1.2 pitch=140 mood=shout,1.2,-8.5,-19.0,10.5,393,0.003,0.0,0.0,0.259,22.0,256.9,0.0,
Assets/_Project/Audio/VO/powder/vo_powder_petardier_search_01.ogg,vo_powder_petardier_search,1,creatures,placeholder,synth:babble dur=1.4 pitch=140 mood=calm,1.4,-11.1,-22.5,11.3,395,0.004,0.0,0.0,0.105,21.8,1243.8,0.0,
Assets/_Project/Audio/VO/powder/vo_powder_petardier_search_02.ogg,vo_powder_petardier_search,2,creatures,placeholder,synth:babble dur=1.4 pitch=140 mood=calm,1.4,-9.8,-22.5,12.6,450,0.004,0.0,0.0,0.14,21.3,685.4,0.0,
Assets/_Project/Audio/VO/powder/vo_powder_petardier_lost_01.ogg,vo_powder_petardier_lost,1,creatures,placeholder,synth:babble dur=0.9 pitch=140 mood=calm,0.9,-12.6,-22.4,9.8,334,0.003,0.0,0.0,0.128,22.4,155.3,0.0,
Assets/_Project/Audio/VO/powder/vo_powder_petardier_lost_02.ogg,vo_powder_petardier_lost,2,creatures,placeholder,synth:babble dur=0.9 pitch=140 mood=calm,0.9,-11.0,-22.5,11.5,389,0.004,0.0,0.0,0.131,21.4,141.3,0.0,
Assets/_Project/Audio/VO/powder/vo_powder_petardier_attack_01.ogg,vo_powder_petardier_attack,1,creatures,placeholder,synth:babble dur=0.4 pitch=140 mood=grunt,0.4,-10.0,-21.0,10.9,397,0.004,0.0,0.0,0.157,21.6,328.5,0.0,
Assets/_Project/Audio/VO/powder/vo_powder_petardier_attack_02.ogg,vo_powder_petardier_attack,2,creatures,placeholder,synth:babble dur=0.4 pitch=140 mood=grunt,0.4,-12.0,-21.0,8.9,363,0.003,0.0,0.0,0.068,21.8,329.9,0.0,
Assets/_Project/Audio/VO/powder/vo_powder_petardier_attack_03.ogg,vo_powder_petardier_attack,3,creatures,placeholder,synth:babble dur=0.4 pitch=140 mood=grunt,0.4,-10.9,-21.0,10.0,610,0.006,0.0,0.0,0.001,20.5,185.4,0.0,
Assets/_Project/Audio/VO/powder/vo_powder_petardier_hurt_01.ogg,vo_powder_petardier_hurt,1,creatures,placeholder,synth:babble dur=0.5 pitch=140 mood=pain,0.5,-12.5,-21.0,8.5,623,0.007,0.0,0.0,0.002,21.6,219.3,0.0,
Assets/_Project/Audio/VO/powder/vo_powder_petardier_hurt_02.ogg,vo_powder_petardier_hurt,2,creatures,placeholder,synth:babble dur=0.5 pitch=140 mood=pain,0.5,-12.2,-21.0,8.7,623,0.006,0.0,0.0,0.002,21.6,238.2,0.0,
Assets/_Project/Audio/VO/powder/vo_powder_petardier_hurt_03.ogg,vo_powder_petardier_hurt,3,creatures,placeholder,synth:babble dur=0.5 pitch=140 mood=pain,0.5,-12.3,-21.0,8.7,623,0.006,0.0,0.0,0.002,21.6,228.7,0.0,
Assets/_Project/Audio/VO/powder/vo_powder_petardier_death_01.ogg,vo_powder_petardier_death,1,creatures,placeholder,synth:babble dur=1.0 pitch=140 mood=pain,1.0,-10.9,-21.0,10.0,427,0.004,0.0,0.0,0.166,21.7,835.9,0.0,
Assets/_Project/Audio/VO/powder/vo_powder_petardier_death_02.ogg,vo_powder_petardier_death,2,creatures,placeholder,synth:babble dur=1.0 pitch=140 mood=pain,1.0,-11.9,-20.9,9.1,283,0.002,0.0,0.0,0.699,22.6,486.7,0.0,
Assets/_Project/Audio/VO/powder/vo_powder_petardier_asleep_01.ogg,vo_powder_petardier_asleep,1,creatures,placeholder,synth:snore dur=3.0 pitch=70,2.5,-3.4,-22.5,19.1,152,0.003,0.001,0.0,0.524,16.3,446.2,0.0001,
Assets/_Project/Audio/VO/powder/vo_powder_petardier_asleep_02.ogg,vo_powder_petardier_asleep,2,creatures,placeholder,synth:snore dur=3.0 pitch=70,2.5,-4.1,-22.5,18.4,160,0.004,0.001,0.0,0.492,16.4,740.2,0.0,
Assets/_Project/Audio/VO/powder/vo_powder_petardier_grabbed_01.ogg,vo_powder_petardier_grabbed,1,creatures,placeholder,synth:babble dur=1.0 pitch=140 mood=alert,1.0,-11.8,-21.0,9.1,312,0.002,0.0,0.0,0.3,22.5,487.4,0.0,
Assets/_Project/Audio/VO/powder/vo_powder_petardier_grabbed_02.ogg,vo_powder_petardier_grabbed,2,creatures,placeholder,synth:babble dur=1.0 pitch=140 mood=alert,1.0,-11.1,-21.0,9.9,306,0.003,0.0,0.0,0.459,22.1,485.4,0.0,
Assets/_Project/Audio/VO/powder/vo_powder_petardier_grabbed_03.ogg,vo_powder_petardier_grabbed,3,creatures,placeholder,synth:babble dur=1.0 pitch=140 mood=alert,1.0,-11.1,-21.0,9.9,354,0.003,0.0,0.0,0.239,22.3,302.4,0.0,
Assets/_Project/Audio/VO/powder/vo_powder_petardier_thrown_01.ogg,vo_powder_petardier_thrown,1,creatures,placeholder,synth:babble dur=0.7 pitch=140 mood=shout,0.7,-10.0,-21.0,10.9,435,0.004,0.0,0.0,0.19,22.3,68.5,0.0,
Assets/_Project/Audio/VO/powder/vo_powder_petardier_thrown_02.ogg,vo_powder_petardier_thrown,2,creatures,placeholder,synth:babble dur=0.7 pitch=140 mood=shout,0.7,-11.7,-21.0,9.3,614,0.006,0.0,0.0,0.001,21.8,75.5,0.0,
Assets/_Project/Audio/Ambience/Alarm/amb_alarm_bronze_roused_01.ogg,amb_alarm_bronze_roused,1,ambience,placeholder,synth:horn freq=98 dur=3.5 brass=0.3 bend=0.85,3.5,-22.4,-29.0,6.6,136,0.0,0.0,0.0,0.911,19.2,784.8,0.0004,
Assets/_Project/Audio/Ambience/Alarm/amb_alarm_bronze_huecry_loop_01.ogg,amb_alarm_bronze_huecry_loop,1,ambience,placeholder,synth:gong freq=90 dur=5 + synth:horn freq=147 dur=3 brass=0.5 gain=-4,4.5,-15.7,-29.0,13.3,167,0.0,0.0,0.0,0.881,19.3,706.1,0.0,
Assets/_Project/Audio/Ambience/Alarm/amb_alarm_high_roused_01.ogg,amb_alarm_high_roused,1,ambience,placeholder,synth:bell_toll freq=196 dur=6 count=1,6.0,-11.2,-29.0,17.8,138,0.0,0.0,0.0,0.944,24.4,52.2,0.0,
Assets/_Project/Audio/Ambience/Alarm/amb_alarm_high_huecry_loop_01.ogg,amb_alarm_high_huecry_loop,1,ambience,placeholder,synth:bell_toll freq=196 dur=3 count=4 interval=0.9,5.2,-14.1,-29.0,14.9,143,0.0,0.0,0.0,0.93,22.8,1800.7,0.0,
Assets/_Project/Audio/Ambience/Alarm/amb_alarm_late_roused_01.ogg,amb_alarm_late_roused,1,ambience,placeholder,synth:horn freq=147 dur=3 brass=0.7,3.0,-21.8,-29.0,7.2,266,0.003,0.0,0.0,0.708,18.8,567.6,0.0002,
Assets/_Project/Audio/Ambience/Alarm/amb_alarm_late_huecry_loop_01.ogg,amb_alarm_late_huecry_loop,1,ambience,placeholder,synth:bell_toll freq=262 dur=2 count=6 interval=0.45 big=0,3.75,-16.2,-28.9,12.7,371,0.0,0.0,0.0,0.074,22.3,1829.9,0.0,
Assets/_Project/Audio/Ambience/Alarm/amb_alarm_powder_roused_01.ogg,amb_alarm_powder_roused,1,ambience,placeholder,synth:thump dur=0.5 freq=70 click=1.0 decay=8 + synth:rattle dur=1.5 density=20 freq=500 spread=0.2,1.424,-11.5,-29.0,17.5,617,0.027,0.003,0.0,0.219,19.5,641.7,0.0,
Assets/_Project/Audio/Ambience/Alarm/amb_alarm_powder_huecry_loop_01.ogg,amb_alarm_powder_huecry_loop,1,ambience,placeholder,synth:rattle dur=4 density=40 freq=400 spread=0.2 + synth:gunshot dur=2.5 size=1.5 gain=-6,3.5,-11.9,-29.0,17.2,552,0.027,0.0,0.0,0.085,19.5,2833.8,0.0,
Assets/_Project/Audio/Ambience/amb_household_stir_loop_01.ogg,amb_household_stir_loop,1,ambience,placeholder,synth:murmur_crowd dur=20 voices=10 + synth:drips dur=20 rate=0.2,19.5,-2.9,-22.0,19.1,338,0.0,0.0,0.0,0.255,21.3,5404.5,0.0,
Assets/_Project/Audio/SFX/Castle/sfx_castle_lockdown_portcullis_drop_01.ogg,sfx_castle_lockdown_portcullis_drop,1,world,placeholder,synth:rattle dur=1.0 density=60 freq=700 + synth:thump dur=0.8 freq=45 click=1.2 decay=6,0.993,-1.1,-17.5,16.5,1011,0.074,0.013,0.0,0.151,18.2,414.0,0.0,
Assets/_Project/Audio/SFX/Castle/sfx_castle_lockdown_portcullis_drop_02.ogg,sfx_castle_lockdown_portcullis_drop,2,world,placeholder,synth:rattle dur=1.0 density=60 freq=700 + synth:thump dur=0.8 freq=45 click=1.2 decay=6,1.0,-1.1,-16.6,15.6,876,0.064,0.012,0.0,0.169,18.3,450.5,0.0,
Assets/_Project/Audio/SFX/Castle/sfx_castle_lockdown_bolt_01.ogg,sfx_castle_lockdown_bolt,1,world,library-cc0,kenney:rpg-audio/metalLatch* shift=0.6 + kenney:impact-sounds/impactMetal_heavy_* gain=-6,0.342,-1.5,-22.6,21.1,4042,0.612,0.196,0.044,0.028,14.6,69.0,0.0,
Assets/_Project/Audio/SFX/Castle/sfx_castle_lockdown_bolt_02.ogg,sfx_castle_lockdown_bolt,2,world,library-cc0,kenney:rpg-audio/metalLatch* shift=0.6 + kenney:impact-sounds/impactMetal_heavy_* gain=-6,0.359,-1.1,-22.3,21.2,4313,0.592,0.223,0.046,0.031,14.5,65.7,0.0,
Assets/_Project/Audio/SFX/Castle/sfx_castle_lockdown_bolt_03.ogg,sfx_castle_lockdown_bolt,3,world,library-cc0,kenney:rpg-audio/metalLatch* shift=0.6 + kenney:impact-sounds/impactMetal_heavy_* gain=-6,0.36,-1.1,-21.9,20.7,3900,0.6,0.201,0.038,0.028,14.9,72.8,0.0,
Assets/_Project/Audio/SFX/Castle/sfx_door_wood_open_01.ogg,sfx_door_wood_open,1,world,library-cc0,kenney:rpg-audio/doorOpen_* + kenney:rpg-audio/creak* gain=-4,0.908,-1.0,-21.9,20.9,1466,0.177,0.068,0.007,0.244,17.4,149.5,0.0,
Assets/_Project/Audio/SFX/Castle/sfx_door_wood_open_02.ogg,sfx_door_wood_open,2,world,library-cc0,kenney:rpg-audio/doorOpen_* + kenney:rpg-audio/creak* gain=-4,1.386,-1.3,-24.8,23.4,1249,0.147,0.041,0.002,0.257,17.0,179.6,0.0,
Assets/_Project/Audio/SFX/Castle/sfx_door_wood_open_03.ogg,sfx_door_wood_open,3,world,library-cc0,kenney:rpg-audio/doorOpen_* + kenney:rpg-audio/creak* gain=-4,0.865,-1.1,-22.1,21.0,1321,0.113,0.056,0.007,0.206,18.2,141.4,0.0,
Assets/_Project/Audio/SFX/Castle/sfx_door_wood_close_01.ogg,sfx_door_wood_close,1,world,library-cc0,kenney:rpg-audio/doorClose_*,0.631,-1.3,-21.0,19.7,2414,0.334,0.105,0.009,0.024,13.4,195.4,0.0,
Assets/_Project/Audio/SFX/Castle/sfx_door_wood_close_02.ogg,sfx_door_wood_close,2,world,library-cc0,kenney:rpg-audio/doorClose_*,0.565,-2.8,-19.7,16.9,2125,0.133,0.113,0.023,0.22,14.9,0.9,0.0,
Assets/_Project/Audio/SFX/Castle/sfx_door_wood_close_03.ogg,sfx_door_wood_close,3,world,library-cc0,kenney:rpg-audio/doorClose_*,0.694,-4.2,-19.7,15.5,2381,0.092,0.211,0.007,0.122,17.3,280.4,0.0,
Assets/_Project/Audio/SFX/Castle/sfx_door_heavy_open_01.ogg,sfx_door_heavy_open,1,world,library-cc0,synth:creak dur=2.0 rate=18 pitch=250 rise=0.7 + kenney:rpg-audio/doorOpen_* shift=0.7,1.953,-1.1,-24.3,23.1,1050,0.169,0.014,0.001,0.32,15.8,212.0,0.0,
Assets/_Project/Audio/SFX/Castle/sfx_door_heavy_open_02.ogg,sfx_door_heavy_open,2,world,library-cc0,synth:creak dur=2.0 rate=18 pitch=250 rise=0.7 + kenney:rpg-audio/doorOpen_* shift=0.7,2.0,-1.1,-25.3,24.1,893,0.151,0.009,0.0,0.328,16.7,252.3,0.0,
Assets/_Project/Audio/SFX/Castle/sfx_door_heavy_close_01.ogg,sfx_door_heavy_close,1,world,library-cc0,kenney:rpg-audio/doorClose_* shift=0.6 + synth:thump dur=0.8 freq=50 decay=6,1.051,-3.0,-18.0,15.0,440,0.043,0.004,0.0,0.726,14.7,2.9,0.0,
Assets/_Project/Audio/SFX/Castle/sfx_door_heavy_close_02.ogg,sfx_door_heavy_close,2,world,library-cc0,kenney:rpg-audio/doorClose_* shift=0.6 + synth:thump dur=0.8 freq=50 decay=6,0.942,-3.4,-18.0,14.6,332,0.016,0.017,0.001,0.863,15.9,51.2,0.0,
Assets/_Project/Audio/SFX/Castle/sfx_door_grate_open_01.ogg,sfx_door_grate_open,1,world,placeholder,synth:rattle dur=1.0 density=40 freq=1200 + synth:creak dur=1.0 rate=30 pitch=1500,1.0,-1.4,-19.8,18.5,1892,0.215,0.028,0.007,0.004,18.1,478.8,0.0,
Assets/_Project/Audio/SFX/Castle/sfx_door_grate_open_02.ogg,sfx_door_grate_open,2,world,placeholder,synth:rattle dur=1.0 density=40 freq=1200 + synth:creak dur=1.0 rate=30 pitch=1500,1.0,-1.2,-19.4,18.2,1912,0.217,0.027,0.007,0.003,17.5,325.9,0.0,
Assets/_Project/Audio/SFX/Castle/sfx_door_grate_close_01.ogg,sfx_door_grate_close,1,world,library-cc0,kenney:impact-sounds/impactMetal_heavy_* + synth:rattle dur=0.5 density=40 freq=1000,0.5,-2.1,-18.1,16.1,1613,0.173,0.025,0.004,0.004,18.3,121.7,0.0,
Assets/_Project/Audio/SFX/Castle/sfx_door_grate_close_02.ogg,sfx_door_grate_close,2,world,library-cc0,kenney:impact-sounds/impactMetal_heavy_* + synth:rattle dur=0.5 density=40 freq=1000,0.5,-2.2,-19.1,16.9,1487,0.163,0.023,0.005,0.006,18.3,263.6,0.0,
Assets/_Project/Audio/SFX/Castle/sfx_door_locked_rattle_01.ogg,sfx_door_locked_rattle,1,world,library-cc0,kenney:rpg-audio/metalLatch* + kenney:rpg-audio/metalClick* at=0.18 + kenney:rpg-audio/metalLatch* shift=0.9 at=0.34,0.568,-1.3,-24.0,22.7,6337,0.304,0.406,0.18,0.032,12.8,347.5,0.0,
Assets/_Project/Audio/SFX/Castle/sfx_door_locked_rattle_02.ogg,sfx_door_locked_rattle,2,world,library-cc0,kenney:rpg-audio/metalLatch* + kenney:rpg-audio/metalClick* at=0.18 + kenney:rpg-audio/metalLatch* shift=0.9 at=0.34,0.557,-1.3,-24.6,23.3,6583,0.17,0.54,0.186,0.033,12.2,346.2,0.0,
Assets/_Project/Audio/SFX/Castle/sfx_door_locked_rattle_03.ogg,sfx_door_locked_rattle,3,world,library-cc0,kenney:rpg-audio/metalLatch* + kenney:rpg-audio/metalClick* at=0.18 + kenney:rpg-audio/metalLatch* shift=0.9 at=0.34,0.58,-1.5,-24.3,22.7,6096,0.29,0.446,0.142,0.031,13.5,2.3,0.0,
Assets/_Project/Audio/SFX/Castle/sfx_door_unlock_01.ogg,sfx_door_unlock,1,world,library-cc0,kenney:rpg-audio/metalClick* shift=0.8 + kenney:rpg-audio/metalLatch*,0.466,-1.4,-25.5,24.2,6463,0.173,0.522,0.176,0.031,12.8,3.0,0.0,
Assets/_Project/Audio/SFX/Castle/sfx_door_unlock_02.ogg,sfx_door_unlock,2,world,library-cc0,kenney:rpg-audio/metalClick* shift=0.8 + kenney:rpg-audio/metalLatch*,0.444,-1.8,-26.7,24.9,6706,0.137,0.552,0.192,0.031,12.9,1.8,0.0,"level: -26.7 dB RMS, world sits at -26..-10"
Assets/_Project/Audio/SFX/Castle/sfx_door_slam_01.ogg,sfx_door_slam,1,world,library-cc0,kenney:impact-sounds/impactWood_heavy_* shift=0.7,0.447,-1.0,-19.7,18.7,80,0.0,0.0,0.0,0.968,22.7,4.9,0.0005,
Assets/_Project/Audio/SFX/Castle/sfx_door_slam_02.ogg,sfx_door_slam,2,world,library-cc0,kenney:impact-sounds/impactWood_heavy_* shift=0.7,0.447,-1.2,-20.0,18.8,87,0.0,0.0,0.0,0.969,22.0,4.8,0.0009,
Assets/_Project/Audio/SFX/Castle/sfx_portcullis_raise_loop_01.ogg,sfx_portcullis_raise_loop,1,world,placeholder,synth:rattle dur=3 density=40 freq=600 spread=0.3 + synth:creak dur=3 rate=10 pitch=300 rise=1.0,2.5,-1.2,-20.1,18.9,877,0.037,0.007,0.0,0.012,18.7,619.0,0.0,
Assets/_Project/Audio/SFX/Castle/sfx_portcullis_stop_01.ogg,sfx_portcullis_stop,1,world,library-cc0,kenney:impact-sounds/impactMetal_heavy_* shift=0.7,0.24,-1.0,-20.7,19.7,867,0.182,0.0,0.0,0.115,18.7,2.6,0.0,
Assets/_Project/Audio/SFX/Castle/sfx_masonry_crumble_01.ogg,sfx_masonry_crumble,1,world,placeholder,synth:crumble dur=3 density=70 size=1.5,2.964,-1.0,-16.7,15.7,151,0.003,0.0,0.0,0.665,20.6,297.1,0.0,
Assets/_Project/Audio/SFX/Castle/sfx_masonry_crumble_02.ogg,sfx_masonry_crumble,2,world,placeholder,synth:crumble dur=3 density=70 size=1.5,2.987,-1.1,-17.9,16.9,209,0.004,0.0,0.0,0.632,21.1,1543.5,0.0,
Assets/_Project/Audio/SFX/Castle/sfx_masonry_crumble_03.ogg,sfx_masonry_crumble,3,world,placeholder,synth:crumble dur=3 density=70 size=1.5,2.992,-1.2,-17.2,16.1,205,0.005,0.001,0.0,0.609,21.6,1078.9,0.0,
Assets/_Project/Audio/SFX/Castle/sfx_debris_settle_01.ogg,sfx_debris_settle,1,world,placeholder,synth:crumble dur=2 density=25 size=0.2,1.934,-1.7,-19.5,17.7,217,0.005,0.001,0.0,0.542,22.0,1240.1,0.0,
Assets/_Project/Audio/SFX/Castle/sfx_debris_settle_02.ogg,sfx_debris_settle,2,world,placeholder,synth:crumble dur=2 density=25 size=0.2,1.961,-5.8,-19.5,13.7,103,0.002,0.0,0.0,0.567,21.2,130.6,0.0,
Assets/_Project/Audio/SFX/Castle/sfx_debris_settle_03.ogg,sfx_debris_settle,3,world,placeholder,synth:crumble dur=2 density=25 size=0.2,1.984,-5.6,-19.4,13.8,36,0.0,0.0,0.0,0.623,20.5,160.6,0.0007,
Assets/_Project/Audio/SFX/Castle/sfx_fire_ignite_01.ogg,sfx_fire_ignite,1,world,placeholder,synth:whumph dur=0.8,0.795,-6.8,-17.9,11.1,88,0.0,0.0,0.0,0.969,18.5,116.4,0.0005,
Assets/_Project/Audio/SFX/Castle/sfx_fire_ignite_02.ogg,sfx_fire_ignite,2,world,placeholder,synth:whumph dur=0.8,0.799,-6.6,-17.9,11.3,88,0.0,0.0,0.0,0.968,18.3,98.5,0.0002,
Assets/_Project/Audio/SFX/Castle/sfx_fire_ignite_03.ogg,sfx_fire_ignite,3,world,placeholder,synth:whumph dur=0.8,0.796,-6.0,-18.0,11.9,89,0.0,0.0,0.0,0.969,18.5,102.9,0.0001,
Assets/_Project/Audio/SFX/Castle/sfx_fire_tapestry_catch_01.ogg,sfx_fire_tapestry_catch,1,world,placeholder,synth:whumph dur=1.5 size=1.5 + synth:crackle dur=1.5 density=80 body=0.5,1.5,-4.5,-18.0,13.4,140,0.009,0.004,0.0,0.859,16.8,374.8,0.0,
Assets/_Project/Audio/SFX/Castle/sfx_fire_tapestry_catch_02.ogg,sfx_fire_tapestry_catch,2,world,placeholder,synth:whumph dur=1.5 size=1.5 + synth:crackle dur=1.5 density=80 body=0.5,1.5,-4.4,-18.0,13.6,158,0.011,0.005,0.0,0.875,16.8,352.4,0.0,
Assets/_Project/Audio/Ambience/Fire/amb_fire_candle_loop_01.ogg,amb_fire_candle_loop,1,ambience,placeholder,synth:crackle dur=6 density=3 body=0.05,5.5,-2.5,-35.5,33.0,806,0.106,0.049,0.003,0.521,19.5,3870.6,0.0,
Assets/_Project/Audio/Ambience/Fire/amb_fire_torch_loop_01.ogg,amb_fire_torch_loop,1,ambience,placeholder,synth:crackle dur=8 density=20 body=0.4,7.5,-2.3,-22.0,19.6,169,0.018,0.008,0.001,0.618,18.7,7246.6,0.0,
Assets/_Project/Audio/Ambience/Fire/amb_fire_brazier_loop_01.ogg,amb_fire_brazier_loop,1,ambience,placeholder,synth:crackle dur=8 density=30 body=0.8,7.5,-1.7,-22.0,20.4,313,0.038,0.017,0.001,0.609,17.4,1122.5,0.0,
Assets/_Project/Audio/Ambience/Fire/amb_fire_hearth_loop_01.ogg,amb_fire_hearth_loop,1,ambience,placeholder,synth:crackle dur=10 density=25 body=1.0,9.5,-2.4,-22.0,19.6,182,0.02,0.009,0.001,0.64,18.2,1932.4,0.0,
Assets/_Project/Audio/Ambience/Fire/amb_fire_blaze_loop_01.ogg,amb_fire_blaze_loop,1,ambience,placeholder,synth:crackle dur=10 density=80 body=2.0,9.5,-3.1,-22.0,18.9,266,0.031,0.014,0.001,0.629,15.8,3131.0,0.0,
Assets/_Project/Audio/SFX/Castle/sfx_fire_extinguish_01.ogg,sfx_fire_extinguish,1,world,placeholder,synth:hiss dur=1.2 low=1500 high=8000 decay=2.5,1.2,-3.7,-21.4,17.7,3989,0.541,0.258,0.018,0.0,10.0,47.8,0.0,
Assets/_Project/Audio/SFX/Castle/sfx_fire_extinguish_02.ogg,sfx_fire_extinguish,2,world,placeholder,synth:hiss dur=1.2 low=1500 high=8000 decay=2.5,1.2,-1.5,-21.4,19.9,4032,0.523,0.275,0.018,0.0,9.4,56.6,0.0,
Assets/_Project/Audio/SFX/Castle/sfx_torch_drop_01.ogg,sfx_torch_drop,1,world,library-cc0,kenney:impact-sounds/impactWood_light_* + synth:hiss dur=0.5 low=2000 high=7000 decay=5,0.5,-1.3,-24.4,23.1,3113,0.452,0.205,0.007,0.002,9.6,2.9,0.0,
Assets/_Project/Audio/SFX/Castle/sfx_torch_drop_02.ogg,sfx_torch_drop,2,world,library-cc0,kenney:impact-sounds/impactWood_light_* + synth:hiss dur=0.5 low=2000 high=7000 decay=5,0.5,-1.1,-25.2,24.0,3475,0.55,0.217,0.008,0.021,9.9,1.0,0.0,
Assets/_Project/Audio/SFX/Hazards/sfx_hazard_fire_spread_fast_01.ogg,sfx_hazard_fire_spread_fast,1,world,placeholder,synth:crackle dur=1.5 density=100 body=1.0 + synth:whoosh dur=1.5 f0=200 f1=900,1.526,-1.5,-19.6,18.0,441,0.052,0.023,0.002,0.566,15.1,1.5,0.0,
Assets/_Project/Audio/SFX/Hazards/sfx_hazard_fire_spread_fast_02.ogg,sfx_hazard_fire_spread_fast,2,world,placeholder,synth:crackle dur=1.5 density=100 body=1.0 + synth:whoosh dur=1.5 f0=200 f1=900,1.5,-3.1,-18.0,14.9,198,0.02,0.01,0.001,0.642,16.2,1.5,0.0,
Assets/_Project/Audio/SFX/Hazards/sfx_hazard_oil_pour_01.ogg,sfx_hazard_oil_pour,1,world,placeholder,synth:whoosh dur=1.5 f0=200 f1=600 q=0.7 + synth:drips dur=1.5 rate=15,1.399,-1.3,-19.2,18.0,924,0.0,0.0,0.0,0.054,17.1,764.0,0.0,
Assets/_Project/Audio/SFX/Hazards/sfx_hazard_oil_sizzle_01.ogg,sfx_hazard_oil_sizzle,1,world,placeholder,synth:hiss dur=2 low=3000 high=11000 flutter=20 decay=1,2.0,-1.3,-20.6,19.2,6234,0.384,0.494,0.106,0.0,9.2,15.4,0.0,
Assets/_Project/Audio/SFX/Hazards/sfx_hazard_oil_sizzle_02.ogg,sfx_hazard_oil_sizzle,2,world,placeholder,synth:hiss dur=2 low=3000 high=11000 flutter=20 decay=1,2.0,-1.5,-20.6,19.0,6247,0.375,0.507,0.102,0.0,9.2,13.7,0.0,
Assets/_Project/Audio/SFX/Hazards/sfx_hazard_murderhole_drop_01.ogg,sfx_hazard_murderhole_drop,1,world,placeholder,synth:rattle dur=0.4 density=30 freq=800 + synth:crumble dur=0.8 density=30 size=0.4,0.8,-1.0,-19.6,18.6,633,0.06,0.017,0.0,0.413,18.7,17.2,0.0,
Assets/_Project/Audio/SFX/Hazards/sfx_hazard_murderhole_drop_02.ogg,sfx_hazard_murderhole_drop,2,world,placeholder,synth:rattle dur=0.4 density=30 freq=800 + synth:crumble dur=0.8 density=30 size=0.4,0.793,-1.6,-21.0,19.4,800,0.074,0.012,0.0,0.241,19.2,200.7,0.0,
Assets/_Project/Audio/SFX/Hazards/sfx_hazard_arrowloop_loose_01.ogg,sfx_hazard_arrowloop_loose,1,world,placeholder,synth:thump dur=0.2 freq=200 click=1.0 decay=30 + synth:whoosh dur=0.3 f0=3000 f1=1500 q=3,0.306,-3.6,-19.5,15.9,341,0.023,0.0,0.0,0.177,18.2,2.2,0.0,
Assets/_Project/Audio/SFX/Hazards/sfx_hazard_arrowloop_loose_02.ogg,sfx_hazard_arrowloop_loose,2,world,placeholder,synth:thump dur=0.2 freq=200 click=1.0 decay=30 + synth:whoosh dur=0.3 f0=3000 f1=1500 q=3,0.289,-3.9,-19.4,15.5,360,0.04,0.0,0.0,0.713,16.4,2.4,0.0,
Assets/_Project/Audio/SFX/Hazards/sfx_hazard_magazine_explosion_01.ogg,sfx_hazard_magazine_explosion,1,world,placeholder,synth:explosion dur=6 size=2.5 + synth:crumble dur=6 density=80 size=2,5.976,-1.3,-15.4,14.1,76,0.002,0.0,0.0,0.856,21.0,306.8,0.0,
Assets/_Project/Audio/SFX/Hazards/sfx_hazard_explosion_tail_distant_01.ogg,sfx_hazard_explosion_tail_distant,1,world,placeholder,synth:explosion dur=4 size=1.5 gain=-6,3.864,-9.0,-21.0,11.9,53,0.001,0.0,0.0,0.921,20.5,20.8,0.0,
Assets/_Project/Audio/SFX/Hazards/sfx_hazard_explosion_tail_distant_02.ogg,sfx_hazard_explosion_tail_distant,2,world,placeholder,synth:explosion dur=4 size=1.5 gain=-6,3.86,-8.6,-21.0,12.4,57,0.002,0.0,0.0,0.961,19.8,11.1,0.0,
Assets/_Project/Audio/SFX/Castle/sfx_drawbridge_raise_loop_01.ogg,sfx_drawbridge_raise_loop,1,world,placeholder,synth:rattle dur=3 density=50 freq=500 + synth:creak dur=3 rate=6 pitch=200,2.5,-1.2,-18.2,17.0,728,0.03,0.004,0.0,0.045,18.6,1043.6,0.0,
Assets/_Project/Audio/SFX/Castle/sfx_drawbridge_slam_01.ogg,sfx_drawbridge_slam,1,world,placeholder,synth:thump dur=1.5 freq=40 click=1.5 decay=3 + synth:crumble dur=1.5 density=20,1.5,-1.3,-16.0,14.7,75,0.002,0.0,0.0,0.9,19.9,41.6,0.0,
Assets/_Project/Audio/Ambience/amb_portal_loop_01.ogg,amb_portal_loop,1,ambience,generated,synth:drone dur=10 freqs=55/82.4/110/164.8 tremolo=0.25 bright=1400 + synth:shimmer dur=10 root=440 attack=0.5 gain=-14,9.5,-10.8,-22.1,11.4,206,0.001,0.0,0.0,0.792,18.9,8458.9,0.0,
Assets/_Project/Audio/SFX/Portal/sfx_portal_open_01.ogg,sfx_portal_open,1,spells,placeholder,synth:whoosh dur=2.5 f0=60 f1=2500 q=0.8 attack=0.4 + synth:shimmer dur=2.5 root=220 voices=7,2.5,-1.5,-17.0,15.5,390,0.0,0.0,0.0,0.38,18.4,853.5,0.0,
Assets/_Project/Audio/SFX/Portal/sfx_portal_enter_01.ogg,sfx_portal_enter,1,spells,placeholder,synth:whoosh dur=1.5 f0=100 f1=5000 q=0.8 attack=0.6 + synth:shimmer dur=1.5 root=330 rise=2,1.504,-7.2,-22.0,14.8,811,0.011,0.0,0.0,0.0,18.9,402.1,0.0,
Assets/_Project/Audio/SFX/Portal/sfx_portal_arrive_01.ogg,sfx_portal_arrive,1,spells,placeholder,synth:whoosh dur=1.2 f0=4000 f1=300 q=0.8 attack=0.1 + synth:wind dur=1.2 gain=-6,1.2,-4.3,-22.3,18.1,1908,0.298,0.066,0.003,0.125,14.7,235.8,0.0,
Assets/_Project/Audio/SFX/Portal/sfx_portal_narrowing_loop_01.ogg,sfx_portal_narrowing_loop,1,spells,generated,synth:drone dur=8 freqs=110/116.5 tremolo=2 bright=2500 + synth:hum dur=8 freq=440 tremolo=8,7.5,-10.4,-22.0,11.6,366,0.004,0.0,0.0,0.412,21.5,4605.1,0.0,
Assets/_Project/Audio/Stingers/sting_portal_warning_01.ogg,sting_portal_warning,1,music,generated,music:sting kind=portal_warning,3.0,-7.0,-22.9,16.0,510,0.0,0.0,0.0,0.0,21.9,192.0,0.0,
Assets/_Project/Audio/Stingers/sting_portal_warning_02.ogg,sting_portal_warning,2,music,generated,music:sting kind=portal_warning,3.0,-6.8,-23.0,16.1,508,0.0,0.0,0.0,0.0,22.1,63.6,0.0,
Assets/_Project/Audio/Stingers/sting_portal_warning_03.ogg,sting_portal_warning,3,music,generated,music:sting kind=portal_warning,3.0,-6.3,-22.9,16.7,507,0.0,0.0,0.0,0.0,22.1,100.4,0.0,
Assets/_Project/Audio/SFX/Portal/sfx_portal_collapse_01.ogg,sfx_portal_collapse,1,spells,placeholder,synth:whoosh dur=1.8 f0=3000 f1=60 q=0.8 attack=0.1 + synth:thump dur=1.0 freq=40 decay=4,1.649,-2.2,-17.0,14.8,124,0.013,0.001,0.0,0.953,13.9,3.2,0.0,
Assets/_Project/Audio/SFX/Portal/sfx_extract_item_cross_01.ogg,sfx_extract_item_cross,1,cue,generated,synth:coin_count steps=4,0.43,-14.3,-28.1,13.8,2010,0.226,0.0,0.0,0.0,22.2,210.9,0.0,
Assets/_Project/Audio/SFX/Portal/sfx_extract_item_cross_02.ogg,sfx_extract_item_cross,2,cue,generated,synth:coin_count steps=4,0.43,-14.3,-28.1,13.8,2010,0.226,0.0,0.0,0.0,22.2,210.9,0.0,
Assets/_Project/Audio/SFX/Portal/sfx_extract_item_cross_03.ogg,sfx_extract_item_cross,3,cue,generated,synth:coin_count steps=4,0.43,-14.3,-28.1,13.8,2010,0.226,0.0,0.0,0.0,22.2,210.9,0.0,
Assets/_Project/Audio/SFX/Portal/sfx_extract_player_cross_01.ogg,sfx_extract_player_cross,1,spells,placeholder,synth:whoosh dur=1.0 f0=150 f1=3000 q=0.8 + synth:shimmer dur=1 root=330 gain=-10,1.0,-5.6,-22.0,16.4,578,0.004,0.0,0.0,0.008,19.2,370.3,0.0,
Assets/_Project/Audio/UI/sfx_result_tally_tick_01.ogg,sfx_result_tally_tick,1,ui,generated,synth:tick dur=0.06 freq=900 decay=80 noise=0.6,0.06,-17.2,-31.2,14.0,904,0.002,0.0,0.0,0.0,22.1,3.6,0.0,
Assets/_Project/Audio/UI/sfx_result_tally_total_01.ogg,sfx_result_tally_total,1,ui,library-cc0,kenney:rpg-audio/handleCoins* + synth:thump dur=0.3 freq=90 click=0.5,0.6,-13.6,-31.0,17.4,813,0.025,0.058,0.01,0.905,13.9,1.6,0.0,
Assets/_Project/Audio/Ambience/amb_lair_bed_loop_01.ogg,amb_lair_bed_loop,1,ambience,placeholder,synth:drips dur=30 rate=0.5 + synth:wind dur=30 low=80 high=300 gust=0.05 gain=-10,29.5,-1.1,-28.6,27.5,677,0.0,0.0,0.0,0.247,20.2,12423.5,0.0,
Assets/_Project/Audio/Ambience/amb_lair_hearth_loop_01.ogg,amb_lair_hearth_loop,1,ambience,placeholder,synth:crackle dur=12 density=22 body=1.0,11.5,-1.3,-29.9,28.6,1420,0.19,0.088,0.006,0.425,15.7,7713.6,0.0,
Assets/_Project/Audio/SFX/Lair/sfx_lair_debt_pay_01.ogg,sfx_lair_debt_pay,1,cue,library-cc0,synth:coins dur=1.2 count=25 + kenney:rpg-audio/handleCoins* + synth:hiss dur=0.6 low=3000 high=8000 flutter=25 gain=-12,0.852,-11.0,-28.3,17.2,4159,0.705,0.267,0.02,0.0,19.1,589.2,0.0,
Assets/_Project/Audio/SFX/Lair/sfx_lair_debt_pay_02.ogg,sfx_lair_debt_pay,2,cue,library-cc0,synth:coins dur=1.2 count=25 + kenney:rpg-audio/handleCoins* + synth:hiss dur=0.6 low=3000 high=8000 flutter=25 gain=-12,0.756,-11.4,-28.3,16.9,4228,0.681,0.275,0.019,0.0,18.5,205.2,0.0,
Assets/_Project/Audio/SFX/Lair/sfx_lair_debt_due_01.ogg,sfx_lair_debt_due,1,cue,placeholder,synth:thump dur=0.4 freq=80 click=0.9 decay=15 + synth:thump dur=0.4 freq=78 click=0.9 decay=15 at=0.7 + synth:thump dur=0.4 freq=76 click=0.9 decay=15 at=1.4,1.8,-11.2,-27.9,16.7,107,0.001,0.0,0.0,0.988,18.4,701.8,0.0,
Assets/_Project/Audio/SFX/Lair/sfx_lair_era_select_bronze_01.ogg,sfx_lair_era_select_bronze,1,cue,generated,music:sting kind=alarm_stirred age=bronze + synth:hiss dur=1.2 low=3000 high=9000 decay=2 gain=-14,2.52,-12.6,-28.0,15.3,469,0.003,0.002,0.0,0.347,18.0,86.8,0.0,
Assets/_Project/Audio/SFX/Lair/sfx_lair_era_select_high_01.ogg,sfx_lair_era_select_high,1,cue,generated,music:sting kind=alarm_stirred age=high + synth:hiss dur=1.2 low=3000 high=9000 decay=2 gain=-14,2.52,-14.3,-28.0,13.7,679,0.028,0.005,0.0,0.001,20.2,740.7,0.0,
Assets/_Project/Audio/SFX/Lair/sfx_lair_era_select_late_01.ogg,sfx_lair_era_select_late,1,cue,generated,music:sting kind=alarm_stirred age=late + synth:hiss dur=1.2 low=3000 high=9000 decay=2 gain=-14,2.519,-15.2,-28.0,12.8,776,0.012,0.004,0.0,0.001,17.4,120.4,0.0,
Assets/_Project/Audio/SFX/Lair/sfx_lair_era_select_powder_01.ogg,sfx_lair_era_select_powder,1,cue,generated,music:sting kind=alarm_stirred age=powder + synth:hiss dur=1.2 low=3000 high=9000 decay=2 gain=-14,2.517,-20.0,-28.0,8.0,209,0.002,0.0,0.0,0.793,18.2,584.5,0.0,
Assets/_Project/Audio/SFX/Lair/sfx_lair_weapon_rack_take_01.ogg,sfx_lair_weapon_rack_take,1,world,library-cc0,kenney:rpg-audio/drawKnife* + kenney:impact-sounds/impactWood_light_* gain=-6,0.345,-1.2,-24.0,22.8,1677,0.082,0.08,0.037,0.008,12.9,2.9,0.0,
Assets/_Project/Audio/SFX/Lair/sfx_lair_weapon_rack_take_02.ogg,sfx_lair_weapon_rack_take,2,world,library-cc0,kenney:rpg-audio/drawKnife* + kenney:impact-sounds/impactWood_light_* gain=-6,0.37,-1.2,-25.7,24.5,2386,0.243,0.118,0.037,0.066,14.3,1.0,0.0,
Assets/_Project/Audio/SFX/Lair/sfx_lair_revive_01.ogg,sfx_lair_revive,1,cue,placeholder,synth:shimmer dur=2.5 root=262 voices=5 attack=0.6 rise=1.5,2.5,-11.7,-28.0,16.2,530,0.0,0.0,0.0,0.0,19.2,1040.0,0.0,
Assets/_Project/Audio/Music/mus_title_loop_01.ogg,mus_title_loop,1,music,placeholder,music:theme variant=title,28.591,-5.9,-23.1,17.2,251,0.015,0.002,0.0,0.776,18.6,21820.2,0.0,
Assets/_Project/Audio/Music/mus_lair_loop_01.ogg,mus_lair_loop,1,music,placeholder,music:theme variant=lair,28.591,-10.8,-23.1,12.3,229,0.009,0.001,0.0,0.774,18.8,14610.2,0.0,
Assets/_Project/Audio/Music/mus_lair_after_loss_loop_01.ogg,mus_lair_after_loss_loop,1,music,placeholder,music:theme variant=lair_after_loss,33.786,-10.0,-23.1,13.0,205,0.005,0.001,0.0,0.788,18.9,25716.1,0.0,
Assets/_Project/Audio/Music/mus_results_success_loop_01.ogg,mus_results_success_loop,1,music,placeholder,music:theme variant=results_success,16.643,-6.2,-23.0,16.8,289,0.022,0.003,0.0,0.765,17.8,10716.2,0.0,
Assets/_Project/Audio/Music/mus_results_failure_loop_01.ogg,mus_results_failure_loop,1,music,placeholder,music:theme variant=results_failure,33.786,-10.6,-23.1,12.5,208,0.005,0.001,0.0,0.784,18.9,10739.1,0.0,
Assets/_Project/Audio/Music/mus_credits_01.ogg,mus_credits,1,music,placeholder,music:theme variant=credits,28.591,-5.6,-23.1,17.4,240,0.012,0.001,0.0,0.785,18.7,21820.5,0.0,
Assets/_Project/Audio/Music/mus_raid_bronze_calm_01.ogg,mus_raid_bronze_calm,1,music,placeholder,music:raid age=bronze layer=calm,22.357,-9.4,-24.1,14.7,178,0.006,0.001,0.0,0.873,18.8,15718.3,0.0,
Assets/_Project/Audio/Music/mus_raid_bronze_stirred_01.ogg,mus_raid_bronze_stirred,1,music,placeholder,music:raid age=bronze layer=stirred,22.357,-5.3,-26.0,20.8,1088,0.166,0.03,0.001,0.455,15.8,17144.5,0.0,
Assets/_Project/Audio/Music/mus_raid_bronze_roused_01.ogg,mus_raid_bronze_roused,1,music,placeholder,music:raid age=bronze layer=roused,22.357,-6.9,-24.0,17.1,193,0.001,0.0,0.0,0.835,21.1,12858.1,0.0,
Assets/_Project/Audio/Music/mus_raid_bronze_huecry_01.ogg,mus_raid_bronze_huecry,1,music,placeholder,music:raid age=bronze layer=huecry,22.357,-9.2,-21.0,11.8,227,0.005,0.004,0.0,0.725,21.3,15047.2,0.0,
Assets/_Project/Audio/Music/mus_raid_high_calm_01.ogg,mus_raid_high_calm,1,music,placeholder,music:raid age=high layer=calm,26.167,-8.9,-24.1,15.2,184,0.006,0.001,0.0,0.865,19.3,4035.3,0.0,
Assets/_Project/Audio/Music/mus_raid_high_stirred_01.ogg,mus_raid_high_stirred,1,music,placeholder,music:raid age=high layer=stirred,26.167,-4.9,-26.1,21.2,1545,0.206,0.055,0.004,0.248,15.5,20005.3,0.0,
Assets/_Project/Audio/Music/mus_raid_high_roused_01.ogg,mus_raid_high_roused,1,music,placeholder,music:raid age=high layer=roused,26.167,-2.8,-23.9,21.1,301,0.008,0.0,0.0,0.774,21.1,7919.4,0.0,
Assets/_Project/Audio/Music/mus_raid_high_huecry_01.ogg,mus_raid_high_huecry,1,music,placeholder,music:raid age=high layer=huecry,26.167,-7.1,-21.0,13.9,203,0.005,0.003,0.0,0.792,19.2,7511.0,0.0,
Assets/_Project/Audio/Music/mus_raid_late_calm_01.ogg,mus_raid_late_calm,1,music,placeholder,music:raid age=late layer=calm,19.5,-10.2,-24.0,13.8,204,0.003,0.0,0.0,0.821,20.1,12990.2,0.0,
Assets/_Project/Audio/Music/mus_raid_late_stirred_01.ogg,mus_raid_late_stirred,1,music,placeholder,music:raid age=late layer=stirred,19.5,-3.3,-26.1,22.8,1630,0.253,0.044,0.002,0.124,17.2,2505.9,0.0,
Assets/_Project/Audio/Music/mus_raid_late_roused_01.ogg,mus_raid_late_roused,1,music,placeholder,music:raid age=late layer=roused,19.5,-3.0,-24.0,21.0,1173,0.081,0.057,0.004,0.218,20.9,10006.1,0.0,
Assets/_Project/Audio/Music/mus_raid_late_huecry_01.ogg,mus_raid_late_huecry,1,music,placeholder,music:raid age=late layer=huecry,19.5,-6.6,-21.0,14.4,269,0.004,0.0,0.0,0.698,20.1,6252.8,0.0,
Assets/_Project/Audio/Music/mus_raid_powder_calm_01.ogg,mus_raid_powder_calm,1,music,placeholder,music:raid age=powder layer=calm,17.278,-9.8,-24.0,14.2,241,0.01,0.003,0.0,0.787,19.5,2805.1,0.0,
Assets/_Project/Audio/Music/mus_raid_powder_stirred_01.ogg,mus_raid_powder_stirred,1,music,placeholder,music:raid age=powder layer=stirred,17.278,-8.7,-26.0,17.3,732,0.088,0.027,0.002,0.672,16.0,2225.0,0.0,
Assets/_Project/Audio/Music/mus_raid_powder_roused_01.ogg,mus_raid_powder_roused,1,music,placeholder,music:raid age=powder layer=roused,17.278,-13.4,-24.0,10.6,253,0.013,0.001,0.0,0.741,20.7,11118.6,0.0,
Assets/_Project/Audio/Music/mus_raid_powder_huecry_01.ogg,mus_raid_powder_huecry,1,music,placeholder,music:raid age=powder layer=huecry,17.278,-7.4,-21.0,13.6,400,0.022,0.004,0.0,0.533,20.3,723.0,0.0,
Assets/_Project/Audio/Music/mus_raid_portal_narrowing_01.ogg,mus_raid_portal_narrowing,1,music,placeholder,synth:shimmer dur=16 root=220 voices=7 attack=0.9 tremolo=2 rise=2 + synth:clock dur=16 bpm=120 gain=-6,15.5,-5.7,-22.0,16.3,669,0.008,0.0,0.0,0.0,18.8,13640.9,0.0,
Assets/_Project/Audio/Stingers/sting_alarm_stirred_bronze_01.ogg,sting_alarm_stirred_bronze,1,music,placeholder,music:sting kind=alarm_stirred age=bronze,2.518,-8.0,-23.0,15.0,451,0.001,0.0,0.0,0.348,18.0,99.7,0.0,
Assets/_Project/Audio/Stingers/sting_alarm_roused_bronze_01.ogg,sting_alarm_roused_bronze,1,music,placeholder,music:sting kind=alarm_roused age=bronze,3.07,-7.1,-22.9,15.9,366,0.001,0.0,0.0,0.654,21.6,20.2,0.0,
Assets/_Project/Audio/Stingers/sting_alarm_huecry_bronze_01.ogg,sting_alarm_huecry_bronze,1,music,placeholder,music:sting kind=alarm_huecry age=bronze,4.0,-7.8,-23.1,15.2,291,0.001,0.0,0.0,0.527,19.3,135.5,0.0,
Assets/_Project/Audio/Stingers/sting_alarm_stirred_high_01.ogg,sting_alarm_stirred_high,1,music,placeholder,music:sting kind=alarm_stirred age=high,2.52,-9.0,-23.0,14.0,632,0.024,0.0,0.0,0.001,20.3,491.1,0.0,
Assets/_Project/Audio/Stingers/sting_alarm_roused_high_01.ogg,sting_alarm_roused_high,1,music,placeholder,music:sting kind=alarm_roused age=high,3.068,-4.0,-22.9,19.0,598,0.029,0.0,0.0,0.15,21.6,3.1,0.0,
Assets/_Project/Audio/Stingers/sting_alarm_huecry_high_01.ogg,sting_alarm_huecry_high,1,music,placeholder,music:sting kind=alarm_huecry age=high,4.0,-6.8,-23.0,16.1,401,0.01,0.0,0.0,0.422,22.5,9.5,0.0,
Assets/_Project/Audio/Stingers/sting_alarm_stirred_late_01.ogg,sting_alarm_stirred_late,1,music,placeholder,music:sting kind=alarm_stirred age=late,2.52,-10.8,-23.0,12.2,735,0.008,0.0,0.0,0.001,17.4,112.9,0.0,
Assets/_Project/Audio/Stingers/sting_alarm_roused_late_01.ogg,sting_alarm_roused_late,1,music,placeholder,music:sting kind=alarm_roused age=late,3.07,-6.3,-23.0,16.6,771,0.02,0.005,0.0,0.026,20.4,5.2,0.0,
Assets/_Project/Audio/Stingers/sting_alarm_huecry_late_01.ogg,sting_alarm_huecry_late,1,music,placeholder,music:sting kind=alarm_huecry age=late,4.0,-6.2,-23.0,16.8,486,0.012,0.003,0.0,0.361,20.8,416.9,0.0,
Assets/_Project/Audio/Stingers/sting_alarm_stirred_powder_01.ogg,sting_alarm_stirred_powder,1,music,placeholder,music:sting kind=alarm_stirred age=powder,2.517,-15.5,-23.0,7.6,207,0.002,0.0,0.0,0.794,18.3,634.9,0.0001,
Assets/_Project/Audio/Stingers/sting_alarm_roused_powder_01.ogg,sting_alarm_roused_powder,1,music,placeholder,music:sting kind=alarm_roused age=powder,3.069,-12.0,-23.0,11.0,485,0.034,0.001,0.0,0.273,21.0,96.8,0.0,
Assets/_Project/Audio/Stingers/sting_alarm_huecry_powder_01.ogg,sting_alarm_huecry_powder,1,music,placeholder,music:sting kind=alarm_huecry age=powder,4.0,-9.1,-23.0,13.9,521,0.029,0.002,0.0,0.309,19.6,491.8,0.0,
Assets/_Project/Audio/Stingers/sting_gold_found_01.ogg,sting_gold_found,1,music,placeholder,music:sting kind=gold_found,2.48,-4.3,-23.0,18.8,2856,0.282,0.098,0.036,0.0,18.4,180.1,0.0,
Assets/_Project/Audio/Stingers/sting_gold_found_02.ogg,sting_gold_found,2,music,placeholder,music:sting kind=gold_found,2.483,-4.8,-23.0,18.2,2874,0.287,0.099,0.036,0.0,18.9,192.2,0.0,
Assets/_Project/Audio/Stingers/sting_player_down_01.ogg,sting_player_down,1,music,placeholder,music:sting kind=player_down,4.0,-2.4,-23.0,20.6,79,0.0,0.0,0.0,0.992,22.3,2.0,0.0,
Assets/_Project/Audio/Stingers/sting_extract_success_01.ogg,sting_extract_success,1,music,placeholder,music:sting kind=extract_success,2.569,-16.1,-22.9,6.8,679,0.048,0.004,0.0,0.135,20.7,565.3,0.0001,
Assets/_Project/Audio/Stingers/sting_raid_lost_01.ogg,sting_raid_lost,1,music,placeholder,music:sting kind=raid_lost,3.0,-13.6,-23.0,9.4,238,0.001,0.0,0.0,0.794,19.5,696.4,0.0,
Assets/_Project/Audio/Stingers/sting_portal_opened_01.ogg,sting_portal_opened,1,music,placeholder,music:sting kind=portal_opened,4.0,-5.8,-23.0,17.1,497,0.0,0.0,0.0,0.012,18.9,1606.5,0.0,
Assets/_Project/Audio/Ambience/amb_bronze_exterior_loop_01.ogg,amb_bronze_exterior_loop,1,ambience,placeholder,synth:wind dur=30 low=200 high=1200 gain=-6 + synth:crickets dur=30 voices=8 gain=-6 + synth:wind dur=30 low=60 high=200 gust=0.05 gain=-8,29.5,-11.3,-26.2,14.8,2173,0.543,0.0,0.0,0.214,17.1,5117.9,0.0,
Assets/_Project/Audio/Ambience/amb_high_exterior_loop_01.ogg,amb_high_exterior_loop,1,ambience,placeholder,synth:wind dur=30 low=250 high=1800 gust=0.2 + synth:crickets dur=30 voices=2 gain=-10,29.5,-9.3,-26.3,16.9,945,0.085,0.001,0.0,0.066,14.3,25071.3,0.0,
Assets/_Project/Audio/Ambience/amb_late_exterior_loop_01.ogg,amb_late_exterior_loop,1,ambience,placeholder,synth:wind dur=30 low=300 high=1500 + synth:drips dur=30 rate=3,29.5,-5.5,-26.2,20.8,901,0.011,0.0,0.0,0.017,14.8,10011.2,0.0,
Assets/_Project/Audio/Ambience/amb_powder_exterior_loop_01.ogg,amb_powder_exterior_loop,1,ambience,placeholder,synth:wind dur=30 low=200 high=900 gust=0.08 gain=-6 + synth:bell_toll freq=392 dur=6 count=1 gain=-22 + synth:hiss dur=30 low=800 high=4000 gain=-18,29.5,-9.9,-26.2,16.3,657,0.048,0.003,0.0,0.189,15.7,10141.8,0.0,
Assets/_Project/Audio/Ambience/amb_room_corridor_loop_01.ogg,amb_room_corridor_loop,1,ambience,placeholder,synth:wind dur=30 low=80 high=400 gust=0.1 gain=-6,29.5,-10.4,-26.1,15.8,211,0.0,0.0,0.0,0.69,19.1,18226.9,0.0,
Assets/_Project/Audio/Ambience/amb_room_small_loop_01.ogg,amb_room_small_loop,1,ambience,placeholder,synth:wind dur=30 low=60 high=250 gust=0.05 gain=-10,29.5,-10.0,-26.1,16.1,140,0.0,0.0,0.0,0.91,20.8,18230.4,0.0,
Assets/_Project/Audio/Ambience/amb_room_hall_loop_01.ogg,amb_room_hall_loop,1,ambience,placeholder,synth:wind dur=30 low=50 high=300 gust=0.04 + synth:drone dur=30 freqs=55 bright=200 gain=-20,29.5,-13.2,-26.1,12.9,116,0.0,0.0,0.0,0.914,20.2,16343.2,0.0,
Assets/_Project/Audio/Ambience/amb_room_stair_loop_01.ogg,amb_room_stair_loop,1,ambience,placeholder,synth:wind dur=30 low=400 high=2200 gust=0.3,29.5,-10.4,-26.3,15.9,1110,0.102,0.002,0.0,0.011,13.4,21907.9,0.0,
Assets/_Project/Audio/Ambience/amb_room_crypt_loop_01.ogg,amb_room_crypt_loop,1,ambience,placeholder,synth:drips dur=30 rate=1.2 + synth:wind dur=30 low=30 high=120 gust=0.03,29.5,-4.3,-26.1,21.8,436,0.0,0.0,0.0,0.602,21.1,14516.3,0.0,
Assets/_Project/Audio/Ambience/amb_room_chapel_loop_01.ogg,amb_room_chapel_loop,1,ambience,placeholder,synth:drone dur=30 freqs=73.4/110 bright=500 tremolo=0.05 gain=-12 + synth:hiss dur=30 low=2000 high=6000 gain=-26,29.5,-15.4,-26.1,10.7,145,0.0,0.0,0.0,0.898,19.8,24291.9,0.0,
Assets/_Project/Audio/Ambience/amb_room_magazine_loop_01.ogg,amb_room_magazine_loop,1,ambience,placeholder,synth:creak dur=30 rate=0.3 pitch=300 gain=-10 + synth:wind dur=30 low=40 high=150 gain=-12,29.5,-9.4,-26.1,16.7,88,0.0,0.0,0.0,0.978,21.3,10893.8,0.0,
Assets/_Project/Audio/Ambience/amb_room_counting_loop_01.ogg,amb_room_counting_loop,1,ambience,placeholder,synth:wind dur=30 low=60 high=250 gain=-10 + synth:clock dur=30 bpm=4 gain=-10,29.5,-11.1,-26.1,15.0,140,0.0,0.0,0.0,0.91,20.8,16349.5,0.0,
Assets/_Project/Audio/Ambience/amb_room_kunstkammer_loop_01.ogg,amb_room_kunstkammer_loop,1,ambience,placeholder,synth:clock dur=30 bpm=60 + synth:wind dur=30 low=60 high=250 gain=-12,29.5,-1.3,-28.5,27.1,520,0.018,0.0,0.0,0.67,20.8,17000.5,0.0,
Assets/_Project/Audio/Ambience/amb_room_gallery_loop_01.ogg,amb_room_gallery_loop,1,ambience,placeholder,synth:wind dur=30 low=200 high=1000 gust=0.2 + synth:rattle dur=30 density=1.5 freq=2500 gain=-8,29.5,-2.1,-26.2,24.1,1822,0.217,0.066,0.013,0.103,16.3,10245.7,0.0,
Assets/_Project/Audio/Ambience/amb_room_bronze_interior_loop_01.ogg,amb_room_bronze_interior_loop,1,ambience,placeholder,synth:crackle dur=30 density=6 body=0.6 gain=-8 + synth:wind dur=30 low=60 high=250 gain=-10,29.5,-1.3,-27.8,26.5,363,0.034,0.016,0.001,0.803,20.4,13432.4,0.0,
Assets/_Project/Audio/Ambience/amb_spot_dripping_01.ogg,amb_spot_dripping,1,ambience,placeholder,synth:drips dur=12 rate=1.5,11.5,-1.1,-26.5,25.4,1020,0.0,0.0,0.0,0.0,17.6,1522.1,0.0,
Assets/_Project/Audio/Ambience/amb_spot_rats_01.ogg,amb_spot_rats,1,ambience,placeholder,synth:rattle dur=12 density=6 freq=1300 spread=0.3 + synth:babble dur=0.3 pitch=900 mood=alert gain=-18,11.5,-1.6,-26.7,25.1,2031,0.264,0.032,0.008,0.002,20.1,7102.2,0.0,
Assets/_Project/Audio/Ambience/amb_spot_wind_gap_01.ogg,amb_spot_wind_gap,1,ambience,placeholder,synth:wind dur=12 low=600 high=2500 gust=0.3,11.5,-6.7,-22.4,15.7,1389,0.174,0.003,0.0,0.002,13.0,4514.7,0.0,
