file,name,variant,category,status,recipe,seconds,peak_db,rms_db,crest_db,centroid_hz,presence,high,air,low,tonality_db,attack_ms,flat_top,flags
Assets/_Project/Audio/UI/ui_button_hover_01.ogg,ui_button_hover,1,ui,library-cc0,kenney:ui-audio/rollover*,0.187,-1.3,-25.8,24.5,3938,0.348,0.369,0.004,0.0,11.5,3.3,0.0,
Assets/_Project/Audio/UI/ui_button_hover_02.ogg,ui_button_hover,2,ui,library-cc0,kenney:ui-audio/rollover*,0.057,-1.6,-24.2,22.7,1970,0.304,0.031,0.012,0.011,10.7,2.0,0.0,
Assets/_Project/Audio/UI/ui_button_hover_03.ogg,ui_button_hover,3,ui,library-cc0,kenney:ui-audio/rollover*,0.069,-1.3,-16.9,15.6,5357,0.171,0.539,0.056,0.111,12.7,37.5,0.0,"level: -16.9 dB RMS, ui sits at -34..-22"
Assets/_Project/Audio/UI/ui_button_click_01.ogg,ui_button_click,1,ui,library-cc0,kenney:interface-sounds/click_*,0.039,-1.3,-22.8,21.5,1428,0.195,0.043,0.008,0.267,14.1,1.0,0.0,
Assets/_Project/Audio/UI/ui_button_click_02.ogg,ui_button_click,2,ui,library-cc0,kenney:interface-sounds/click_*,0.01,-1.0,-14.2,13.2,497,0.008,0.0,0.0,0.329,11.4,1.2,0.0,"level: -14.2 dB RMS, ui sits at -34..-22"
Assets/_Project/Audio/UI/ui_button_click_03.ogg,ui_button_click,3,ui,library-cc0,kenney:interface-sounds/click_*,0.01,-1.1,-14.3,13.2,797,0.238,0.0,0.0,0.495,11.1,0.9,0.0,"level: -14.3 dB RMS, ui sits at -34..-22"
Assets/_Project/Audio/UI/ui_button_back_01.ogg,ui_button_back,1,ui,library-cc0,kenney:rpg-audio/bookFlip* shift=0.9,0.705,-1.3,-31.1,29.9,4365,0.584,0.312,0.014,0.005,10.7,1.5,0.0,too long: 0.705 s for a ui one-shot (max 0.6)
Assets/_Project/Audio/UI/ui_button_denied_01.ogg,ui_button_denied,1,ui,generated,synth:thump dur=0.15 freq=140 click=0.6 decay=35,0.15,-1.1,-13.8,12.7,158,0.0,0.0,0.0,0.999,23.5,3.7,0.0,"level: -13.8 dB RMS, ui sits at -34..-22"
Assets/_Project/Audio/UI/ui_screen_open_01.ogg,ui_screen_open,1,ui,library-cc0,kenney:rpg-audio/bookFlip*,0.635,-1.4,-31.1,29.7,4986,0.298,0.607,0.025,0.005,10.3,1.1,0.0,too long: 0.635 s for a ui one-shot (max 0.6)
Assets/_Project/Audio/UI/ui_screen_open_02.ogg,ui_screen_open,2,ui,library-cc0,kenney:rpg-audio/bookFlip*,0.393,-1.3,-28.1,26.9,4873,0.371,0.343,0.068,0.011,10.7,2.5,0.0,
Assets/_Project/Audio/UI/ui_screen_close_01.ogg,ui_screen_close,1,ui,library-cc0,kenney:rpg-audio/bookClose*,0.23,-1.2,-20.6,19.5,557,0.022,0.021,0.001,0.165,19.3,6.0,0.0,"level: -20.6 dB RMS, ui sits at -34..-22"
Assets/_Project/Audio/UI/ui_slider_tick_01.ogg,ui_slider_tick,1,ui,generated,synth:tick dur=0.04 freq=1800 noise=0.6,0.04,-1.1,-15.4,14.3,1967,0.003,0.006,0.014,0.0,21.5,1.4,0.0,"level: -15.4 dB RMS, ui sits at -34..-22"
Assets/_Project/Audio/UI/ui_toggle_on_01.ogg,ui_toggle_on,1,ui,library-cc0,kenney:rpg-audio/metalLatch*,0.205,-1.1,-22.4,21.3,6717,0.155,0.549,0.189,0.034,14.0,3.0,0.0,
Assets/_Project/Audio/UI/ui_toggle_off_01.ogg,ui_toggle_off,1,ui,library-cc0,kenney:rpg-audio/metalClick*,0.373,-2.0,-27.6,25.6,4870,0.296,0.435,0.047,0.0,13.2,183.8,0.0,
Assets/_Project/Audio/UI/ui_keybind_listen_01.ogg,ui_keybind_listen,1,ui,library-cc0,kenney:rpg-audio/bookPlace* gain=-6,0.207,-1.4,-19.1,17.7,949,0.072,0.036,0.005,0.197,18.1,43.8,0.0,"level: -19.1 dB RMS, ui sits at -34..-22"
Assets/_Project/Audio/UI/ui_keybind_set_01.ogg,ui_keybind_set,1,ui,placeholder,synth:thump dur=0.2 freq=110 click=0.4 decay=20,0.2,-1.1,-12.9,11.8,130,0.0,0.0,0.0,0.999,22.1,8.1,0.0003,"level: -12.9 dB RMS, ui sits at -34..-22"
Assets/_Project/Audio/UI/ui_error_01.ogg,ui_error,1,ui,library-cc0,kenney:interface-sounds/error_00*,0.163,-1.4,-21.2,19.9,3687,0.235,0.149,0.073,0.0,18.4,1.4,0.0,"level: -21.2 dB RMS, ui sits at -34..-22"
Assets/_Project/Audio/UI/ui_pause_open_01.ogg,ui_pause_open,1,ui,library-cc0,kenney:rpg-audio/cloth* shift=0.8,0.732,-1.2,-23.0,21.8,356,0.028,0.003,0.0,0.548,15.6,215.6,0.0,too long: 0.732 s for a ui one-shot (max 0.6)
Assets/_Project/Audio/UI/ui_pause_close_01.ogg,ui_pause_close,1,ui,library-cc0,kenney:rpg-audio/cloth* shift=0.7,0.836,-1.2,-23.2,22.0,297,0.022,0.002,0.0,0.598,16.2,246.3,0.0,too long: 0.836 s for a ui one-shot (max 0.6)
Assets/_Project/Audio/UI/ui_lobby_join_01.ogg,ui_lobby_join,1,ui,generated,synth:chime notes=880/1320 dur=0.6 gap=0.09,0.71,-1.3,-17.1,15.9,1553,0.161,0.016,0.0,0.0,21.3,92.5,0.0,"level: -17.1 dB RMS, ui sits at -34..-22 | too long: 0.71 s for a ui one-shot (max 0.6)"
Assets/_Project/Audio/UI/ui_lobby_leave_01.ogg,ui_lobby_leave,1,ui,generated,synth:chime notes=1320/880 dur=0.6 gap=0.09,0.71,-1.1,-15.9,14.8,1491,0.138,0.012,0.0,0.0,20.8,94.6,0.0,"level: -15.9 dB RMS, ui sits at -34..-22 | too long: 0.71 s for a ui one-shot (max 0.6)"
Assets/_Project/Audio/UI/ui_invite_received_01.ogg,ui_invite_received,1,ui,placeholder,synth:thump dur=0.2 freq=120 click=0.8 decay=25 + synth:thump dur=0.2 freq=118 click=0.8 decay=25,0.2,-1.0,-15.9,14.8,145,0.0,0.0,0.0,0.997,19.7,4.3,0.0,"level: -15.9 dB RMS, ui sits at -34..-22"
Assets/_Project/Audio/UI/ui_ready_01.ogg,ui_ready,1,ui,library-cc0,kenney:rpg-audio/metalPot* gain=-4,1.317,-1.1,-18.5,17.4,1277,0.133,0.035,0.003,0.01,17.3,22.2,0.0,"level: -18.5 dB RMS, ui sits at -34..-22 | too long: 1.317 s for a ui one-shot (max 0.6)"
Assets/_Project/Audio/UI/ui_hit_confirm_01.ogg,ui_hit_confirm,1,ui,generated,synth:tick dur=0.06 freq=700 decay=70 noise=0.5,0.06,-1.7,-14.9,13.2,918,0.003,0.006,0.012,0.0,22.9,2.1,0.0,"level: -14.9 dB RMS, ui sits at -34..-22"
Assets/_Project/Audio/UI/ui_hit_confirm_02.ogg,ui_hit_confirm,2,ui,generated,synth:tick dur=0.06 freq=700 decay=70 noise=0.5,0.06,-1.2,-15.5,14.3,992,0.003,0.007,0.015,0.0,22.0,1.4,0.0,"level: -15.5 dB RMS, ui sits at -34..-22"
Assets/_Project/Audio/UI/ui_hit_confirm_03.ogg,ui_hit_confirm,3,ui,generated,synth:tick dur=0.06 freq=700 decay=70 noise=0.5,0.06,-1.3,-16.3,15.0,980,0.003,0.005,0.015,0.0,22.1,1.4,0.0,"level: -16.3 dB RMS, ui sits at -34..-22"
Assets/_Project/Audio/UI/ui_hit_friendly_01.ogg,ui_hit_friendly,1,ui,generated,synth:boing dur=0.35 freq=260 + synth:thump dur=0.15 freq=200 click=0.8,0.35,-1.1,-15.8,14.7,268,0.0,0.0,0.0,0.436,22.2,2.5,0.0,"level: -15.8 dB RMS, ui sits at -34..-22"
Assets/_Project/Audio/UI/ui_hit_friendly_02.ogg,ui_hit_friendly,2,ui,generated,synth:boing dur=0.35 freq=260 + synth:thump dur=0.15 freq=200 click=0.8,0.35,-1.0,-15.2,14.2,263,0.0,0.0,0.0,0.492,22.8,2.4,0.0,"level: -15.2 dB RMS, ui sits at -34..-22"
Assets/_Project/Audio/UI/ui_kill_confirm_01.ogg,ui_kill_confirm,1,ui,generated,synth:thump dur=0.4 freq=70 click=0.2 decay=10,0.4,-1.2,-13.7,12.5,91,0.0,0.0,0.0,1.0,22.5,1.9,0.0,"level: -13.7 dB RMS, ui sits at -34..-22"
Assets/_Project/Audio/SFX/Voice/sfx_voice_listen_open_01.ogg,sfx_voice_listen_open,1,spells,generated,synth:breath dur=0.07 inhale=1 + synth:shimmer dur=0.07 root=880 attack=0.1,0.07,-1.2,-13.9,12.8,1485,0.202,0.0,0.0,0.0,18.1,4.7,0.0,
Assets/_Project/Audio/SFX/Voice/sfx_voice_listen_close_01.ogg,sfx_voice_listen_close,1,spells,generated,synth:shimmer dur=0.08 root=660 attack=0.02,0.08,-1.5,-13.5,12.1,1117,0.047,0.0,0.0,0.0,19.1,5.2,0.0,
Assets/_Project/Audio/SFX/Voice/sfx_voice_teammate_tell_01.ogg,sfx_voice_teammate_tell,1,spells,placeholder,synth:shimmer dur=0.35 root=330 attack=0.8 rise=1.5 + synth:breath dur=0.35 inhale=1,0.35,-1.2,-16.2,15.0,745,0.003,0.0,0.0,0.0,18.9,136.6,0.0,
Assets/_Project/Audio/SFX/Voice/sfx_voice_teammate_tell_02.ogg,sfx_voice_teammate_tell,2,spells,placeholder,synth:shimmer dur=0.35 root=330 attack=0.8 rise=1.5 + synth:breath dur=0.35 inhale=1,0.35,-1.1,-13.9,12.8,737,0.002,0.0,0.0,0.0,18.9,142.5,0.0,
Assets/_Project/Audio/SFX/Voice/sfx_voice_teammate_tell_03.ogg,sfx_voice_teammate_tell,3,spells,placeholder,synth:shimmer dur=0.35 root=330 attack=0.8 rise=1.5 + synth:breath dur=0.35 inhale=1,0.35,-1.1,-13.9,12.8,738,0.001,0.0,0.0,0.0,18.8,149.6,0.0,
Assets/_Project/Audio/SFX/Spells/sfx_spell_fizzle_01.ogg,sfx_spell_fizzle,1,spells,placeholder,synth:hiss dur=0.4 low=1500 high=6000 decay=8 + synth:whoosh dur=0.3 f0=800 f1=300,0.4,-1.4,-18.4,17.0,3677,0.512,0.241,0.011,0.008,9.5,14.5,0.0,
Assets/_Project/Audio/SFX/Spells/sfx_spell_fizzle_02.ogg,sfx_spell_fizzle,2,spells,placeholder,synth:hiss dur=0.4 low=1500 high=6000 decay=8 + synth:whoosh dur=0.3 f0=800 f1=300,0.4,-1.7,-18.2,16.4,3713,0.542,0.23,0.013,0.005,9.8,6.7,0.0,
Assets/_Project/Audio/SFX/Spells/sfx_spell_fizzle_03.ogg,sfx_spell_fizzle,3,spells,placeholder,synth:hiss dur=0.4 low=1500 high=6000 decay=8 + synth:whoosh dur=0.3 f0=800 f1=300,0.4,-1.3,-17.8,16.5,3822,0.53,0.256,0.012,0.005,9.6,7.1,0.0,
Assets/_Project/Audio/SFX/Spells/sfx_spell_no_mana_01.ogg,sfx_spell_no_mana,1,spells,generated,synth:hiss dur=0.25 low=2000 high=7000 decay=15 + synth:tick dur=0.05 freq=900,0.25,-1.9,-20.2,18.2,4552,0.476,0.372,0.021,0.0,9.1,1.7,0.0,
Assets/_Project/Audio/SFX/Spells/sfx_spell_mana_restored_01.ogg,sfx_spell_mana_restored,1,spells,generated,synth:chime notes=990/1480 dur=0.8 gap=0.1 decay=5,0.92,-1.1,-17.8,16.7,1805,0.199,0.016,0.0,0.0,21.6,102.0,0.0,
Assets/_Project/Audio/SFX/Spells/sfx_spell_ignis_cast_01.ogg,sfx_spell_ignis_cast,1,spells,placeholder,synth:whumph dur=0.25 size=2 + synth:shimmer dur=0.3 root=520 attack=0.3 gain=-10,0.3,-1.1,-13.6,12.5,345,0.013,0.0,0.0,0.645,19.2,32.3,0.0,
Assets/_Project/Audio/SFX/Spells/sfx_spell_ignis_cast_02.ogg,sfx_spell_ignis_cast,2,spells,placeholder,synth:whumph dur=0.25 size=2 + synth:shimmer dur=0.3 root=520 attack=0.3 gain=-10,0.3,-1.5,-14.0,12.6,363,0.014,0.0,0.0,0.628,19.0,59.2,0.0,
Assets/_Project/Audio/SFX/Spells/sfx_spell_ignis_cast_03.ogg,sfx_spell_ignis_cast,3,spells,placeholder,synth:whumph dur=0.25 size=2 + synth:shimmer dur=0.3 root=520 attack=0.3 gain=-10,0.3,-1.1,-14.2,13.1,362,0.014,0.0,0.0,0.617,19.0,46.4,0.0,
Assets/_Project/Audio/SFX/Spells/sfx_spell_ignis_travel_loop_01.ogg,sfx_spell_ignis_travel_loop,1,spells,placeholder,synth:crackle dur=3 density=60 body=0.3 + synth:hiss dur=3 low=1000 high=5000 flutter=9,2.5,-1.5,-19.5,18.0,3467,0.601,0.163,0.008,0.002,9.6,2222.8,0.0,
Assets/_Project/Audio/SFX/Spells/sfx_spell_ignis_impact_01.ogg,sfx_spell_ignis_impact,1,spells,placeholder,synth:whumph dur=0.6 size=1.4 + synth:crackle dur=0.6 density=80 body=0,0.6,-1.3,-15.4,14.1,189,0.013,0.006,0.0,0.921,15.3,112.7,0.0,
Assets/_Project/Audio/SFX/Spells/sfx_spell_ignis_impact_02.ogg,sfx_spell_ignis_impact,2,spells,placeholder,synth:whumph dur=0.6 size=1.4 + synth:crackle dur=0.6 density=80 body=0,0.6,-1.5,-15.4,14.0,192,0.015,0.006,0.0,0.936,13.4,112.0,0.0,
Assets/_Project/Audio/SFX/Spells/sfx_spell_ignis_impact_03.ogg,sfx_spell_ignis_impact,3,spells,placeholder,synth:whumph dur=0.6 size=1.4 + synth:crackle dur=0.6 density=80 body=0,0.6,-1.5,-16.5,15.0,190,0.013,0.006,0.0,0.931,14.3,91.8,0.0,
Assets/_Project/Audio/SFX/Spells/sfx_spell_ignis_misfire_01.ogg,sfx_spell_ignis_misfire,1,spells,placeholder,synth:whumph dur=0.9 size=1.0 + synth:hiss dur=0.9 low=2000 high=8000 decay=3,0.9,-1.3,-15.7,14.4,1469,0.116,0.122,0.012,0.716,9.4,171.8,0.0,
Assets/_Project/Audio/SFX/Spells/sfx_spell_ignis_misfire_02.ogg,sfx_spell_ignis_misfire,2,spells,placeholder,synth:whumph dur=0.9 size=1.0 + synth:hiss dur=0.9 low=2000 high=8000 decay=3,0.9,-1.3,-14.8,13.6,1445,0.106,0.125,0.012,0.73,9.7,178.9,0.0,
Assets/_Project/Audio/SFX/Spells/sfx_spell_frango_cast_01.ogg,sfx_spell_frango_cast,1,spells,placeholder,synth:thump dur=0.3 freq=120 click=1.2 decay=20 + synth:shatter dur=0.3 pieces=10 low=2500 + synth:shimmer dur=0.3 root=520 attack=0.3 gain=-10,0.3,-1.5,-17.1,15.6,3431,0.082,0.114,0.134,0.417,18.9,10.7,0.0,
Assets/_Project/Audio/SFX/Spells/sfx_spell_frango_cast_02.ogg,sfx_spell_frango_cast,2,spells,placeholder,synth:thump dur=0.3 freq=120 click=1.2 decay=20 + synth:shatter dur=0.3 pieces=10 low=2500 + synth:shimmer dur=0.3 root=520 attack=0.3 gain=-10,0.3,-1.7,-18.6,16.9,3389,0.066,0.116,0.134,0.433,18.7,4.1,0.0,
Assets/_Project/Audio/SFX/Spells/sfx_spell_frango_shatter_stone_01.ogg,sfx_spell_frango_shatter_stone,1,spells,placeholder,synth:crumble dur=1.8 density=50,1.784,-1.2,-15.7,14.5,88,0.001,0.0,0.0,0.571,21.4,229.1,0.0,
Assets/_Project/Audio/SFX/Spells/sfx_spell_frango_shatter_stone_02.ogg,sfx_spell_frango_shatter_stone,2,spells,placeholder,synth:crumble dur=1.8 density=50,1.79,-1.1,-14.3,13.2,78,0.001,0.0,0.0,0.627,20.8,262.4,0.0001,
Assets/_Project/Audio/SFX/Spells/sfx_spell_frango_shatter_stone_03.ogg,sfx_spell_frango_shatter_stone,3,spells,placeholder,synth:crumble dur=1.8 density=50,1.795,-1.1,-17.2,16.1,220,0.004,0.0,0.0,0.534,21.7,445.2,0.0,
Assets/_Project/Audio/SFX/Spells/sfx_spell_frango_shatter_wood_01.ogg,sfx_spell_frango_shatter_wood,1,spells,library-cc0,kenney:impact-sounds/impactWood_heavy_* + synth:crumble dur=1.0 density=40 size=0.3 gain=-6,1.0,-1.1,-22.7,21.6,149,0.003,0.0,0.0,0.739,21.2,3.3,0.0001,
Assets/_Project/Audio/SFX/Spells/sfx_spell_frango_shatter_wood_02.ogg,sfx_spell_frango_shatter_wood,2,spells,library-cc0,kenney:impact-sounds/impactWood_heavy_* + synth:crumble dur=1.0 density=40 size=0.3 gain=-6,0.996,-1.2,-20.1,18.9,113,0.001,0.0,0.0,0.628,21.1,3.3,0.0001,
Assets/_Project/Audio/SFX/Spells/sfx_spell_frango_shatter_metal_01.ogg,sfx_spell_frango_shatter_metal,1,spells,placeholder,synth:metal_ring dur=1.5 freq=900 clank=1.0 + synth:thump dur=0.2 freq=200 click=1,1.5,-1.3,-22.9,21.5,1078,0.035,0.003,0.007,0.121,22.7,4.5,0.0,
Assets/_Project/Audio/SFX/Spells/sfx_spell_frango_shatter_metal_02.ogg,sfx_spell_frango_shatter_metal,2,spells,placeholder,synth:metal_ring dur=1.5 freq=900 clank=1.0 + synth:thump dur=0.2 freq=200 click=1,1.5,-1.5,-22.9,21.4,1098,0.033,0.003,0.006,0.1,23.0,2.2,0.0,
Assets/_Project/Audio/SFX/Spells/sfx_spell_frango_misfire_01.ogg,sfx_spell_frango_misfire,1,spells,placeholder,synth:thump dur=0.3 freq=150 click=1.5 decay=20 + synth:shatter dur=0.8 pieces=50,0.688,-1.3,-20.1,18.9,4744,0.202,0.302,0.118,0.369,19.6,3.4,0.0,
Assets/_Project/Audio/SFX/Spells/sfx_spell_levo_cast_01.ogg,sfx_spell_levo_cast,1,spells,placeholder,synth:shimmer dur=0.5 root=330 attack=0.6 rise=1.3 + synth:breath dur=0.5 inhale=1 gain=-6,0.5,-1.2,-14.0,12.8,652,0.0,0.0,0.0,0.0,18.9,136.0,0.0,
Assets/_Project/Audio/SFX/Spells/sfx_spell_levo_cast_02.ogg,sfx_spell_levo_cast,2,spells,placeholder,synth:shimmer dur=0.5 root=330 attack=0.6 rise=1.3 + synth:breath dur=0.5 inhale=1 gain=-6,0.5,-1.1,-14.2,13.1,652,0.0,0.0,0.0,0.0,18.9,256.2,0.0,
Assets/_Project/Audio/SFX/Spells/sfx_spell_levo_hold_loop_01.ogg,sfx_spell_levo_hold_loop,1,spells,generated,synth:hum dur=4 freq=110 tremolo=3,3.5,-1.2,-7.4,6.2,123,0.0,0.0,0.0,0.979,21.8,1420.0,0.001,
Assets/_Project/Audio/SFX/Spells/sfx_spell_levo_release_01.ogg,sfx_spell_levo_release,1,spells,generated,synth:whine dur=0.4 f0=220 f1=110 depth=0.01,0.4,-1.2,-9.2,8.0,181,0.0,0.0,0.0,0.919,23.2,54.9,0.0005,"level: -9.2 dB RMS, spells sits at -26..-12"
Assets/_Project/Audio/SFX/Spells/sfx_spell_levo_misfire_01.ogg,sfx_spell_levo_misfire,1,spells,generated,synth:whine dur=1.5 f0=300 f1=900 wobble=6 depth=0.08,1.5,-1.1,-9.2,8.1,518,0.0,0.0,0.0,0.0,22.5,207.4,0.0,"level: -9.2 dB RMS, spells sits at -26..-12"
Assets/_Project/Audio/SFX/Spells/sfx_spell_aurumvoco_cast_01.ogg,sfx_spell_aurumvoco_cast,1,spells,placeholder,synth:chime notes=1047/1568 dur=1.6 gap=0.34 decay=3 gold=1 + synth:shimmer dur=1.2 root=520 gain=-8,1.96,-1.2,-17.0,15.8,2029,0.216,0.045,0.013,0.0,21.0,2.5,0.0,
Assets/_Project/Audio/SFX/Spells/sfx_spell_aurumvoco_reveal_loop_01.ogg,sfx_spell_aurumvoco_reveal_loop,1,spells,generated,synth:coins dur=4 count=14 spread=1.0 + synth:shimmer dur=4 root=1047 attack=0.5 gain=-10,3.5,-1.2,-21.9,20.6,5008,0.61,0.114,0.11,0.0,19.1,1435.1,0.0,
Assets/_Project/Audio/SFX/Spells/sfx_spell_aurumvoco_end_01.ogg,sfx_spell_aurumvoco_end,1,spells,generated,synth:chime notes=1568/1047 dur=1.2 gap=0.2 decay=4 gold=1,1.42,-1.6,-18.7,17.1,2140,0.246,0.048,0.012,0.0,21.8,202.5,0.0,
Assets/_Project/Audio/SFX/Spells/sfx_spell_aurumvoco_misfire_01.ogg,sfx_spell_aurumvoco_misfire,1,spells,placeholder,synth:coins dur=1.5 count=40 + synth:whine dur=1.2 f0=1800 f1=2600 wobble=11 depth=0.1,1.236,-1.6,-16.9,15.3,5270,0.692,0.145,0.103,0.0,17.5,248.8,0.0,
Assets/_Project/Audio/SFX/Spells/sfx_spell_aurumvoco_misfire_02.ogg,sfx_spell_aurumvoco_misfire,2,spells,placeholder,synth:coins dur=1.5 count=40 + synth:whine dur=1.2 f0=1800 f1=2600 wobble=11 depth=0.1,1.266,-1.5,-18.2,16.7,4896,0.682,0.146,0.109,0.0,17.5,160.4,0.0,
Assets/_Project/Audio/SFX/Spells/sfx_spell_velox_cast_01.ogg,sfx_spell_velox_cast,1,spells,placeholder,synth:whoosh dur=0.15 f0=2000 f1=6000 attack=0.1,0.158,-2.1,-16.7,14.6,2751,0.624,0.053,0.001,0.0,10.0,19.5,0.0,
Assets/_Project/Audio/SFX/Spells/sfx_spell_velox_dash_01.ogg,sfx_spell_velox_dash,1,spells,placeholder,synth:whoosh dur=0.35 f0=300 f1=4000 attack=0.3,0.336,-1.2,-16.2,15.0,804,0.024,0.0,0.0,0.01,15.7,74.4,0.0,
Assets/_Project/Audio/SFX/Spells/sfx_spell_velox_dash_02.ogg,sfx_spell_velox_dash,2,spells,placeholder,synth:whoosh dur=0.35 f0=300 f1=4000 attack=0.3,0.326,-1.7,-16.1,14.4,925,0.041,0.001,0.0,0.006,13.3,80.8,0.0,
Assets/_Project/Audio/SFX/Spells/sfx_spell_velox_misfire_01.ogg,sfx_spell_velox_misfire,1,spells,placeholder,synth:whoosh dur=0.35 f0=300 f1=4000 + synth:thump dur=0.3 freq=80 click=0.8,0.325,-1.2,-15.2,14.0,146,0.004,0.0,0.0,0.946,14.0,1.7,0.0,
Assets/_Project/Audio/SFX/Spells/sfx_spell_saltus_cast_01.ogg,sfx_spell_saltus_cast,1,spells,placeholder,synth:boing dur=0.3 freq=120,0.3,-1.4,-9.9,8.5,126,0.0,0.0,0.0,1.0,24.0,5.1,0.001,"level: -9.9 dB RMS, spells sits at -26..-12"
Assets/_Project/Audio/SFX/Spells/sfx_spell_saltus_launch_01.ogg,sfx_spell_saltus_launch,1,spells,placeholder,synth:whoosh dur=0.5 f0=200 f1=2500 attack=0.2,0.505,-1.2,-15.6,14.3,479,0.003,0.0,0.0,0.136,15.8,58.5,0.0,
Assets/_Project/Audio/SFX/Spells/sfx_spell_saltus_land_slam_01.ogg,sfx_spell_saltus_land_slam,1,spells,placeholder,synth:thump dur=0.6 freq=55 click=1.0 decay=7 + synth:crumble dur=0.8 density=30 size=0.5 gain=-8,0.792,-1.1,-15.6,14.5,78,0.001,0.0,0.0,0.954,20.7,9.6,0.0,
Assets/_Project/Audio/SFX/Spells/sfx_spell_saltus_land_slam_02.ogg,sfx_spell_saltus_land_slam,2,spells,placeholder,synth:thump dur=0.6 freq=55 click=1.0 decay=7 + synth:crumble dur=0.8 density=30 size=0.5 gain=-8,0.796,-1.1,-16.2,15.1,71,0.001,0.0,0.0,0.941,20.9,3.0,0.0,
Assets/_Project/Audio/SFX/Spells/sfx_spell_saltus_misfire_01.ogg,sfx_spell_saltus_misfire,1,spells,placeholder,synth:boing dur=0.5 freq=300 + synth:thump dur=0.2 freq=150 click=0.5,0.5,-1.2,-16.0,14.7,290,0.0,0.0,0.0,0.353,22.5,7.6,0.0,
Assets/_Project/Audio/SFX/Spells/sfx_spell_somnus_cast_soft_01.ogg,sfx_spell_somnus_cast_soft,1,spells,placeholder,synth:breath dur=0.9 inhale=0 low=300 high=2500 + synth:shimmer dur=0.9 root=392 attack=0.2 tremolo=3 gain=-8,0.9,-1.2,-15.5,14.3,671,0.004,0.0,0.0,0.001,18.7,117.6,0.0,
Assets/_Project/Audio/SFX/Spells/sfx_spell_somnus_cast_soft_02.ogg,sfx_spell_somnus_cast_soft,2,spells,placeholder,synth:breath dur=0.9 inhale=0 low=300 high=2500 + synth:shimmer dur=0.9 root=392 attack=0.2 tremolo=3 gain=-8,0.9,-1.1,-14.1,13.0,675,0.003,0.0,0.0,0.001,18.7,86.7,0.0,
Assets/_Project/Audio/SFX/Spells/sfx_spell_somnus_cast_loud_01.ogg,sfx_spell_somnus_cast_loud,1,spells,placeholder,synth:horn freq=196 dur=0.8 brass=1.0 + synth:breath dur=0.9 inhale=0,0.885,-1.4,-8.3,6.9,422,0.027,0.002,0.0,0.672,20.7,263.7,0.0,"level: -8.3 dB RMS, spells sits at -26..-12"
Assets/_Project/Audio/SFX/Spells/sfx_spell_somnus_apply_01.ogg,sfx_spell_somnus_apply,1,spells,placeholder,synth:whine dur=0.7 f0=500 f1=250 depth=0.01 + synth:breath dur=0.7 inhale=0 gain=-6,0.7,-1.2,-9.5,8.4,415,0.001,0.0,0.0,0.001,22.7,113.0,0.0,"level: -9.5 dB RMS, spells sits at -26..-12"
Assets/_Project/Audio/SFX/Spells/sfx_spell_somnus_apply_02.ogg,sfx_spell_somnus_apply,2,spells,placeholder,synth:whine dur=0.7 f0=500 f1=250 depth=0.01 + synth:breath dur=0.7 inhale=0 gain=-6,0.7,-1.1,-9.7,8.6,415,0.001,0.0,0.0,0.001,22.8,112.9,0.0,"level: -9.7 dB RMS, spells sits at -26..-12"
Assets/_Project/Audio/SFX/Spells/sfx_spell_somnus_misfire_01.ogg,sfx_spell_somnus_misfire,1,spells,placeholder,synth:breath dur=0.8 inhale=0 + synth:thump dur=0.3 freq=90 click=0.4,0.8,-1.3,-18.7,17.4,225,0.021,0.002,0.0,0.932,11.7,1.7,0.0,
Assets/_Project/Audio/SFX/Spells/sfx_spell_porta_cast_01.ogg,sfx_spell_porta_cast,1,spells,placeholder,synth:shimmer dur=1.0 root=147 voices=7 attack=0.2 + synth:thump dur=0.6 freq=50 decay=6,1.0,-1.1,-15.8,14.6,234,0.0,0.0,0.0,0.669,18.4,217.4,0.0,
Assets/_Project/Audio/SFX/Spells/sfx_spell_porta_open_01.ogg,sfx_spell_porta_open,1,spells,placeholder,synth:whoosh dur=2.0 f0=80 f1=3000 q=0.8 attack=0.3 + synth:shimmer dur=2 root=110 voices=7 attack=0.3,2.005,-1.0,-15.7,14.7,196,0.0,0.0,0.0,0.773,18.7,493.4,0.0,
Assets/_Project/Audio/SFX/Spells/sfx_spell_porta_loop_01.ogg,sfx_spell_porta_loop,1,spells,generated,synth:drone dur=8 freqs=110/164.8/220 tremolo=0.3 bright=2000,7.5,-1.2,-13.0,11.9,323,0.006,0.0,0.0,0.709,19.7,4315.6,0.0,
Assets/_Project/Audio/SFX/Spells/sfx_spell_porta_misfire_01.ogg,sfx_spell_porta_misfire,1,spells,placeholder,synth:thump dur=0.6 freq=90 click=0.9 decay=8 gain=-8 + synth:reed freq=300 dur=0.5 drop=1.2 gain=-10,0.6,-1.0,-14.6,13.6,390,0.019,0.0,0.0,0.341,22.0,24.5,0.0,
Assets/_Project/Audio/Stingers/sting_spell_misfire_01.ogg,sting_spell_misfire,1,music,placeholder,music:sting kind=spell_misfire,0.7,-1.1,-13.3,12.2,616,0.035,0.0,0.0,0.472,20.1,28.1,0.0,"level: -13.3 dB RMS, music sits at -28..-16"
Assets/_Project/Audio/Stingers/sting_spell_misfire_02.ogg,sting_spell_misfire,2,music,placeholder,music:sting kind=spell_misfire,0.7,-1.2,-13.4,12.2,612,0.035,0.0,0.0,0.47,20.2,26.5,0.0,"level: -13.4 dB RMS, music sits at -28..-16"
Assets/_Project/Audio/Stingers/sting_spell_misfire_03.ogg,sting_spell_misfire,3,music,placeholder,music:sting kind=spell_misfire,0.7,-1.2,-13.4,12.2,610,0.035,0.0,0.0,0.466,20.2,26.3,0.0,"level: -13.4 dB RMS, music sits at -28..-16"
Assets/_Project/Audio/SFX/Status/sfx_status_burning_loop_01.ogg,sfx_status_burning_loop,1,foley,placeholder,synth:crackle dur=4 density=50 body=0.6,3.5,-1.8,-18.8,17.0,185,0.02,0.009,0.001,0.639,17.1,2481.2,0.0,
Assets/_Project/Audio/SFX/Status/sfx_status_burning_out_01.ogg,sfx_status_burning_out,1,foley,placeholder,synth:hiss dur=0.8 low=1500 high=6000 decay=4,0.8,-2.5,-20.4,17.8,4180,0.619,0.269,0.014,0.0,9.8,15.4,0.0,
Assets/_Project/Audio/SFX/Status/sfx_status_asleep_player_loop_01.ogg,sfx_status_asleep_player_loop,1,foley,placeholder,synth:snore dur=3.5 pitch=40,3.0,-1.1,-20.7,19.6,145,0.003,0.0,0.0,0.538,16.2,728.7,0.0,
Assets/_Project/Audio/SFX/Status/sfx_status_asleep_player_loop_02.ogg,sfx_status_asleep_player_loop,2,foley,placeholder,synth:snore dur=3.5 pitch=40,3.0,-1.5,-19.6,18.1,94,0.002,0.0,0.0,0.468,16.1,693.8,0.0,
Assets/_Project/Audio/SFX/Status/sfx_status_stagger_01.ogg,sfx_status_stagger,1,foley,generated,synth:whine dur=1.2 f0=3200 f1=3000 depth=0.005,1.2,-1.2,-9.2,8.1,3374,0.917,0.083,0.0,0.0,22.6,167.8,0.0,"harsh: 92% of a tonal sound's energy at 2-5 kHz | level: -9.2 dB RMS, foley sits at -32..-18 | too long: 1.2 s for a foley one-shot (max 0.8)"
Assets/_Project/Audio/SFX/Status/sfx_status_stagger_02.ogg,sfx_status_stagger,2,foley,generated,synth:whine dur=1.2 f0=3200 f1=3000 depth=0.005,1.2,-1.2,-9.2,8.1,3374,0.917,0.083,0.0,0.0,22.6,167.8,0.0,"harsh: 92% of a tonal sound's energy at 2-5 kHz | level: -9.2 dB RMS, foley sits at -32..-18 | too long: 1.2 s for a foley one-shot (max 0.8)"
Assets/_Project/Audio/SFX/Status/sfx_status_levitating_loop_01.ogg,sfx_status_levitating_loop,1,foley,generated,synth:whine dur=3 f0=600 f1=600 wobble=5 depth=0.06,2.5,-1.2,-8.6,7.3,649,0.0,0.0,0.0,0.0,22.7,606.4,0.0,
Assets/_Project/Audio/Foley/foley_step_stone_01.ogg,foley_step_stone,1,foley,library-cc0,kenney:impact-sounds/footstep_concrete_*,0.106,-1.1,-21.6,20.5,160,0.0,0.0,0.0,0.313,19.8,1.1,0.0,
Assets/_Project/Audio/Foley/foley_step_stone_02.ogg,foley_step_stone,2,foley,library-cc0,kenney:impact-sounds/footstep_concrete_*,0.108,-1.0,-22.7,21.6,209,0.006,0.002,0.001,0.285,16.6,1.0,0.0,
Assets/_Project/Audio/Foley/foley_step_stone_03.ogg,foley_step_stone,3,foley,library-cc0,kenney:impact-sounds/footstep_concrete_*,0.113,-1.2,-23.6,22.4,215,0.005,0.002,0.001,0.28,15.6,1.0,0.0,
Assets/_Project/Audio/Foley/foley_step_stone_04.ogg,foley_step_stone,4,foley,library-cc0,kenney:impact-sounds/footstep_concrete_*,0.111,-1.3,-22.6,21.3,137,0.001,0.0,0.0,0.235,18.7,1.0,0.0,
Assets/_Project/Audio/Foley/foley_step_stone_05.ogg,foley_step_stone,5,foley,library-cc0,kenney:impact-sounds/footstep_concrete_*,0.114,-1.1,-21.9,20.8,169,0.0,0.0,0.0,0.242,19.7,1.1,0.0,
Assets/_Project/Audio/Foley/foley_step_stone_06.ogg,foley_step_stone,6,foley,library-cc0,kenney:impact-sounds/footstep_concrete_*,0.101,-1.0,-21.7,20.6,153,0.0,0.0,0.0,0.26,19.6,1.1,0.0,
Assets/_Project/Audio/Foley/foley_step_wood_01.ogg,foley_step_wood,1,foley,library-cc0,kenney:impact-sounds/footstep_wood_*,0.25,-1.1,-21.1,19.9,107,0.0,0.0,0.0,0.889,23.7,2.2,0.0002,
Assets/_Project/Audio/Foley/foley_step_wood_02.ogg,foley_step_wood,2,foley,library-cc0,kenney:impact-sounds/footstep_wood_*,0.252,-1.2,-20.3,19.1,112,0.0,0.0,0.0,0.96,22.4,2.6,0.0,
Assets/_Project/Audio/Foley/foley_step_wood_03.ogg,foley_step_wood,3,foley,library-cc0,kenney:impact-sounds/footstep_wood_*,0.251,-1.0,-19.6,18.6,101,0.0,0.0,0.0,0.922,19.8,2.8,0.0,
Assets/_Project/Audio/Foley/foley_step_wood_04.ogg,foley_step_wood,4,foley,library-cc0,kenney:impact-sounds/footstep_wood_*,0.252,-1.2,-21.7,20.5,103,0.0,0.0,0.0,0.841,19.8,1.9,0.0001,
Assets/_Project/Audio/Foley/foley_step_wood_05.ogg,foley_step_wood,5,foley,library-cc0,kenney:impact-sounds/footstep_wood_*,0.248,-1.3,-19.9,18.7,90,0.0,0.0,0.0,0.895,20.1,2.9,0.0,
Assets/_Project/Audio/Foley/foley_step_wood_06.ogg,foley_step_wood,6,foley,library-cc0,kenney:impact-sounds/footstep_wood_*,0.238,-1.1,-21.1,20.0,111,0.0,0.0,0.0,0.887,22.0,2.1,0.0002,
Assets/_Project/Audio/Foley/foley_step_earth_01.ogg,foley_step_earth,1,foley,library-cc0,kenney:impact-sounds/footstep_grass_* shift=0.85,0.186,-1.3,-23.7,22.4,517,0.036,0.006,0.003,0.486,16.5,1.1,0.0,
Assets/_Project/Audio/Foley/foley_step_earth_02.ogg,foley_step_earth,2,foley,library-cc0,kenney:impact-sounds/footstep_grass_* shift=0.85,0.172,-1.1,-22.6,21.5,770,0.074,0.012,0.005,0.415,15.0,1.0,0.0,
Assets/_Project/Audio/Foley/foley_step_earth_03.ogg,foley_step_earth,3,foley,library-cc0,kenney:impact-sounds/footstep_grass_* shift=0.85,0.177,-1.1,-23.2,22.1,793,0.067,0.011,0.005,0.372,16.5,1.1,0.0,
Assets/_Project/Audio/Foley/foley_step_earth_04.ogg,foley_step_earth,4,foley,library-cc0,kenney:impact-sounds/footstep_grass_* shift=0.85,0.157,-1.4,-23.4,22.0,469,0.028,0.006,0.002,0.511,16.0,1.1,0.0,
Assets/_Project/Audio/Foley/foley_step_earth_05.ogg,foley_step_earth,5,foley,library-cc0,kenney:impact-sounds/footstep_grass_* shift=0.85,0.14,-1.3,-22.2,20.9,532,0.041,0.006,0.003,0.492,17.3,1.1,0.0,
Assets/_Project/Audio/Foley/foley_step_earth_06.ogg,foley_step_earth,6,foley,library-cc0,kenney:impact-sounds/footstep_grass_* shift=0.85,0.177,-1.1,-23.6,22.5,532,0.034,0.007,0.003,0.47,16.0,1.1,0.0,
Assets/_Project/Audio/Foley/foley_step_rushes_01.ogg,foley_step_rushes,1,foley,library-cc0,kenney:impact-sounds/footstep_snow_* shift=1.15,0.155,-1.2,-19.3,18.1,558,0.019,0.005,0.002,0.318,15.9,29.5,0.0,
Assets/_Project/Audio/Foley/foley_step_rushes_02.ogg,foley_step_rushes,2,foley,library-cc0,kenney:impact-sounds/footstep_snow_* shift=1.15,0.156,-1.6,-16.0,14.4,314,0.006,0.001,0.0,0.517,17.0,13.1,0.0,"level: -16.0 dB RMS, foley sits at -32..-18"
Assets/_Project/Audio/Foley/foley_step_rushes_03.ogg,foley_step_rushes,3,foley,library-cc0,kenney:impact-sounds/footstep_snow_* shift=1.15,0.16,-1.3,-16.1,14.8,272,0.004,0.001,0.0,0.616,17.2,13.2,0.0,"level: -16.1 dB RMS, foley sits at -32..-18"
Assets/_Project/Audio/Foley/foley_step_rushes_04.ogg,foley_step_rushes,4,foley,library-cc0,kenney:impact-sounds/footstep_snow_* shift=1.15,0.16,-1.4,-20.6,19.2,326,0.007,0.002,0.001,0.532,17.3,0.9,0.0,
Assets/_Project/Audio/Foley/foley_step_rushes_05.ogg,foley_step_rushes,5,foley,library-cc0,kenney:impact-sounds/footstep_snow_* shift=1.15,0.157,-1.2,-19.0,17.8,263,0.006,0.001,0.001,0.665,17.7,31.5,0.0,
Assets/_Project/Audio/Foley/foley_step_rushes_06.ogg,foley_step_rushes,6,foley,library-cc0,kenney:impact-sounds/footstep_snow_* shift=1.15,0.148,-1.3,-19.4,18.1,579,0.024,0.005,0.003,0.32,15.6,28.0,0.0,
Assets/_Project/Audio/Foley/foley_step_tile_01.ogg,foley_step_tile,1,foley,library-cc0,kenney:impact-sounds/footstep_concrete_* shift=1.2,0.088,-1.0,-21.7,20.7,137,0.0,0.0,0.0,0.174,18.4,1.0,0.0,
Assets/_Project/Audio/Foley/foley_step_tile_02.ogg,foley_step_tile,2,foley,library-cc0,kenney:impact-sounds/footstep_concrete_* shift=1.2,0.09,-1.1,-22.8,21.7,224,0.005,0.002,0.001,0.256,15.6,1.0,0.0,
Assets/_Project/Audio/Foley/foley_step_tile_03.ogg,foley_step_tile,3,foley,library-cc0,kenney:impact-sounds/footstep_concrete_* shift=1.2,0.094,-1.3,-23.9,22.6,238,0.005,0.002,0.001,0.242,15.6,0.9,0.0,
Assets/_Project/Audio/Foley/foley_step_tile_04.ogg,foley_step_tile,4,foley,library-cc0,kenney:impact-sounds/footstep_concrete_* shift=1.2,0.092,-1.2,-22.7,21.5,131,0.001,0.0,0.0,0.178,18.3,0.9,0.0,
Assets/_Project/Audio/Foley/foley_step_tile_05.ogg,foley_step_tile,5,foley,library-cc0,kenney:impact-sounds/footstep_concrete_* shift=1.2,0.095,-1.0,-22.1,21.1,172,0.0,0.0,0.0,0.134,18.7,1.0,0.0,
Assets/_Project/Audio/Foley/foley_step_tile_06.ogg,foley_step_tile,6,foley,library-cc0,kenney:impact-sounds/footstep_concrete_* shift=1.2,0.084,-1.0,-21.6,20.6,164,0.0,0.0,0.0,0.147,17.6,1.0,0.0,
Assets/_Project/Audio/Foley/foley_step_metal_01.ogg,foley_step_metal,1,foley,library-cc0,kenney:impact-sounds/impactMetal_light_* gain=-8,0.248,-1.2,-19.5,18.3,2689,0.777,0.0,0.0,0.0,19.3,6.9,0.0,
Assets/_Project/Audio/Foley/foley_step_metal_02.ogg,foley_step_metal,2,foley,library-cc0,kenney:impact-sounds/impactMetal_light_* gain=-8,0.233,-1.4,-20.7,19.3,2417,0.784,0.0,0.0,0.0,19.8,1.4,0.0,
Assets/_Project/Audio/Foley/foley_step_metal_03.ogg,foley_step_metal,3,foley,library-cc0,kenney:impact-sounds/impactMetal_light_* gain=-8,0.187,-1.3,-19.7,18.4,2985,0.758,0.0,0.0,0.0,19.8,5.8,0.0,
Assets/_Project/Audio/Foley/foley_step_metal_04.ogg,foley_step_metal,4,foley,library-cc0,kenney:impact-sounds/impactMetal_light_* gain=-8,0.346,-1.4,-18.3,16.9,2969,0.764,0.0,0.0,0.0,19.8,5.9,0.0,
Assets/_Project/Audio/Foley/foley_step_water_01.ogg,foley_step_water,1,foley,placeholder,synth:drips dur=0.25 rate=12 + synth:whoosh dur=0.2 f0=400 f1=1500 gain=-6,0.214,-1.4,-15.7,14.3,837,0.0,0.0,0.0,0.0,15.8,2.7,0.0,"level: -15.7 dB RMS, foley sits at -32..-18"
Assets/_Project/Audio/Foley/foley_step_water_02.ogg,foley_step_water,2,foley,placeholder,synth:drips dur=0.25 rate=12 + synth:whoosh dur=0.2 f0=400 f1=1500 gain=-6,0.215,-1.5,-15.2,13.7,1179,0.001,0.0,0.0,0.0,17.6,2.4,0.0,"level: -15.2 dB RMS, foley sits at -32..-18"
Assets/_Project/Audio/Foley/foley_step_water_03.ogg,foley_step_water,3,foley,placeholder,synth:drips dur=0.25 rate=12 + synth:whoosh dur=0.2 f0=400 f1=1500 gain=-6,0.201,-1.2,-14.1,12.9,764,0.0,0.0,0.0,0.0,18.5,83.2,0.0,"level: -14.1 dB RMS, foley sits at -32..-18"
Assets/_Project/Audio/Foley/foley_step_water_04.ogg,foley_step_water,4,foley,placeholder,synth:drips dur=0.25 rate=12 + synth:whoosh dur=0.2 f0=400 f1=1500 gain=-6,0.229,-1.8,-15.5,13.7,1265,0.0,0.0,0.0,0.0,16.6,143.8,0.0,"level: -15.5 dB RMS, foley sits at -32..-18"
Assets/_Project/Audio/Foley/foley_robe_move_01.ogg,foley_robe_move,1,foley,library-cc0,kenney:rpg-audio/cloth*,0.585,-1.3,-23.2,21.9,463,0.037,0.006,0.001,0.549,15.3,193.1,0.0,
Assets/_Project/Audio/Foley/foley_robe_move_02.ogg,foley_robe_move,2,foley,library-cc0,kenney:rpg-audio/cloth*,0.363,-1.1,-19.8,18.7,621,0.048,0.008,0.001,0.377,16.2,23.1,0.0,
Assets/_Project/Audio/Foley/foley_robe_move_03.ogg,foley_robe_move,3,foley,library-cc0,kenney:rpg-audio/cloth*,0.477,-1.4,-20.2,18.8,318,0.018,0.003,0.0,0.651,18.4,116.2,0.0,
Assets/_Project/Audio/Foley/foley_robe_move_04.ogg,foley_robe_move,4,foley,library-cc0,kenney:rpg-audio/cloth*,0.384,-1.4,-21.6,20.3,1108,0.079,0.038,0.014,0.248,16.9,60.8,0.0,
Assets/_Project/Audio/Foley/foley_robe_move_05.ogg,foley_robe_move,5,foley,library-cc0,kenney:rpg-audio/cloth*,0.698,-1.5,-28.9,27.5,6013,0.599,0.232,0.097,0.008,15.6,500.9,0.0,
Assets/_Project/Audio/Foley/foley_robe_move_06.ogg,foley_robe_move,6,foley,library-cc0,kenney:rpg-audio/cloth*,0.559,-1.7,-24.7,23.0,5931,0.37,0.287,0.138,0.046,14.7,50.7,0.0,
Assets/_Project/Audio/Foley/foley_player_jump_01.ogg,foley_player_jump,1,foley,library-cc0,kenney:rpg-audio/cloth* + synth:thump dur=0.1 freq=100 click=0.3 gain=-10,0.585,-1.6,-20.2,18.6,317,0.021,0.004,0.0,0.735,15.3,241.4,0.0,
Assets/_Project/Audio/Foley/foley_player_jump_02.ogg,foley_player_jump,2,foley,library-cc0,kenney:rpg-audio/cloth* + synth:thump dur=0.1 freq=100 click=0.3 gain=-10,0.363,-1.1,-13.8,12.7,259,0.013,0.002,0.0,0.814,15.5,1.6,0.0,"level: -13.8 dB RMS, foley sits at -32..-18"
Assets/_Project/Audio/Foley/foley_player_land_01.ogg,foley_player_land,1,foley,library-cc0,kenney:impact-sounds/impactSoft_medium_*,0.118,-1.0,-14.3,13.3,98,0.0,0.0,0.0,0.958,21.5,3.8,0.0046,"distorted: 0.5% of samples squashed against the peak | level: -14.3 dB RMS, foley sits at -32..-18"
Assets/_Project/Audio/Foley/foley_player_land_02.ogg,foley_player_land,2,foley,library-cc0,kenney:impact-sounds/impactSoft_medium_*,0.183,-1.2,-15.2,14.0,87,0.0,0.0,0.0,0.983,22.8,4.4,0.0017,"level: -15.2 dB RMS, foley sits at -32..-18"
Assets/_Project/Audio/Foley/foley_player_land_03.ogg,foley_player_land,3,foley,library-cc0,kenney:impact-sounds/impactSoft_medium_*,0.135,-1.0,-14.2,13.2,83,0.0,0.0,0.0,0.965,23.1,4.3,0.0035,"distorted: 0.4% of samples squashed against the peak | level: -14.2 dB RMS, foley sits at -32..-18"
Assets/_Project/Audio/Foley/foley_player_land_heavy_01.ogg,foley_player_land_heavy,1,foley,library-cc0,kenney:impact-sounds/impactSoft_heavy_*,0.505,-1.1,-17.5,16.4,97,0.0,0.0,0.0,0.997,22.4,5.0,0.0006,"level: -17.5 dB RMS, foley sits at -32..-18"
Assets/_Project/Audio/Foley/foley_player_land_heavy_02.ogg,foley_player_land_heavy,2,foley,library-cc0,kenney:impact-sounds/impactSoft_heavy_*,0.572,-1.2,-17.8,16.6,89,0.0,0.0,0.0,0.997,22.9,5.2,0.0013,"level: -17.8 dB RMS, foley sits at -32..-18"
Assets/_Project/Audio/Foley/foley_player_dodge_01.ogg,foley_player_dodge,1,foley,library-cc0,synth:whoosh dur=0.25 f0=500 f1=2500 + kenney:rpg-audio/cloth* gain=-4,0.585,-2.0,-20.6,18.6,744,0.045,0.004,0.0,0.32,14.4,52.5,0.0,
Assets/_Project/Audio/Foley/foley_player_dodge_02.ogg,foley_player_dodge,2,foley,library-cc0,synth:whoosh dur=0.25 f0=500 f1=2500 + kenney:rpg-audio/cloth* gain=-4,0.363,-1.5,-18.6,17.1,953,0.055,0.003,0.0,0.119,14.7,47.6,0.0,
Assets/_Project/Audio/Foley/foley_player_dodge_03.ogg,foley_player_dodge,3,foley,library-cc0,synth:whoosh dur=0.25 f0=500 f1=2500 + kenney:rpg-audio/cloth* gain=-4,0.477,-1.5,-19.2,17.7,822,0.061,0.002,0.0,0.308,17.5,136.0,0.0,
Assets/_Project/Audio/SFX/Player/sfx_player_hurt_01.ogg,sfx_player_hurt,1,world,library-cc0,kenney:impact-sounds/impactPunch_medium_*,0.284,-1.1,-15.3,14.2,161,0.001,0.0,0.0,0.464,20.0,25.2,0.0,
Assets/_Project/Audio/SFX/Player/sfx_player_hurt_02.ogg,sfx_player_hurt,2,world,library-cc0,kenney:impact-sounds/impactPunch_medium_*,0.267,-1.2,-15.2,14.0,192,0.0,0.0,0.0,0.45,19.9,27.0,0.0,
Assets/_Project/Audio/SFX/Player/sfx_player_hurt_03.ogg,sfx_player_hurt,3,world,library-cc0,kenney:impact-sounds/impactPunch_medium_*,0.355,-1.3,-17.4,16.1,196,0.0,0.0,0.0,0.577,20.4,24.2,0.0,
Assets/_Project/Audio/SFX/Player/sfx_player_hurt_04.ogg,sfx_player_hurt,4,world,library-cc0,kenney:impact-sounds/impactPunch_medium_*,0.299,-1.2,-16.7,15.4,192,0.001,0.0,0.0,0.399,20.5,24.5,0.0,
Assets/_Project/Audio/SFX/Player/sfx_player_hurt_heavy_01.ogg,sfx_player_hurt_heavy,1,world,library-cc0,kenney:impact-sounds/impactPunch_heavy_*,0.493,-1.1,-16.9,15.7,123,0.0,0.0,0.0,0.823,21.1,1.4,0.0001,
Assets/_Project/Audio/SFX/Player/sfx_player_hurt_heavy_02.ogg,sfx_player_hurt_heavy,2,world,library-cc0,kenney:impact-sounds/impactPunch_heavy_*,0.414,-1.1,-16.3,15.2,138,0.0,0.0,0.0,0.77,20.1,1.2,0.0001,
Assets/_Project/Audio/SFX/Player/sfx_player_heartbeat_loop_01.ogg,sfx_player_heartbeat_loop,1,world,generated,synth:heartbeat bpm=70 beats=4,2.929,-1.3,-18.6,17.3,54,0.0,0.0,0.0,0.973,21.7,2353.9,0.0008,
Assets/_Project/Audio/SFX/Player/sfx_player_downed_01.ogg,sfx_player_downed,1,world,library-cc0,kenney:impact-sounds/impactSoft_heavy_* + kenney:rpg-audio/dropLeather*,0.505,-1.2,-17.0,15.8,173,0.005,0.003,0.001,0.941,18.3,4.9,0.0,
Assets/_Project/Audio/SFX/Player/sfx_player_death_01.ogg,sfx_player_death,1,world,library-cc0,kenney:impact-sounds/impactSoft_heavy_* + synth:bell_toll freq=110 dur=4 gain=-6,4.0,-1.0,-21.7,20.6,78,0.0,0.0,0.0,0.992,22.3,2.6,0.0,
Assets/_Project/Audio/SFX/Player/sfx_player_carried_loop_01.ogg,sfx_player_carried_loop,1,world,library-cc0,kenney:rpg-audio/cloth* + synth:creak dur=2 rate=8 pitch=300 gain=-12,1.5,-1.5,-27.0,25.4,697,0.068,0.008,0.0,0.387,14.0,161.6,0.0,
Assets/_Project/Audio/SFX/Grab/sfx_grab_beam_start_01.ogg,sfx_grab_beam_start,1,physics,generated,synth:whine dur=0.2 f0=500 f1=1500 depth=0 + synth:shimmer dur=0.2 root=880 attack=0.1 gain=-8,0.2,-1.1,-14.6,13.5,1052,0.072,0.0,0.0,0.0,18.8,32.3,0.0,
Assets/_Project/Audio/SFX/Grab/sfx_grab_beam_loop_01.ogg,sfx_grab_beam_loop,1,physics,generated,synth:hum dur=3 freq=220 tremolo=6 harm=0.4,2.5,-1.2,-7.8,6.6,262,0.0,0.0,0.0,0.831,22.0,1040.1,0.0,
Assets/_Project/Audio/SFX/Grab/sfx_grab_beam_release_01.ogg,sfx_grab_beam_release,1,physics,generated,synth:whine dur=0.15 f0=1200 f1=400 depth=0,0.15,-1.1,-9.0,7.9,839,0.003,0.0,0.0,0.0,19.3,32.4,0.0,"level: -9.0 dB RMS, physics sits at -26..-12"
Assets/_Project/Audio/SFX/Grab/sfx_grab_pickup_light_01.ogg,sfx_grab_pickup_light,1,physics,library-cc0,kenney:rpg-audio/handleSmallLeather* + kenney:rpg-audio/beltHandle* gain=-6,0.231,-1.3,-22.4,21.1,7552,0.066,0.424,0.231,0.141,12.0,110.6,0.0,
Assets/_Project/Audio/SFX/Grab/sfx_grab_pickup_light_02.ogg,sfx_grab_pickup_light,2,physics,library-cc0,kenney:rpg-audio/handleSmallLeather* + kenney:rpg-audio/beltHandle* gain=-6,0.394,-1.5,-27.8,26.3,9100,0.151,0.289,0.406,0.009,12.7,192.9,0.0,"fizzy: 41% of energy above 10 kHz | level: -27.8 dB RMS, physics sits at -26..-12"
Assets/_Project/Audio/SFX/Grab/sfx_grab_pickup_light_03.ogg,sfx_grab_pickup_light,3,physics,library-cc0,kenney:rpg-audio/handleSmallLeather* + kenney:rpg-audio/beltHandle* gain=-6,0.22,-1.1,-22.8,21.7,6443,0.051,0.354,0.184,0.198,11.8,105.4,0.0,
Assets/_Project/Audio/SFX/Grab/sfx_grab_pickup_heavy_01.ogg,sfx_grab_pickup_heavy,1,physics,library-cc0,kenney:impact-sounds/impactPlank_medium_* gain=-6 pitch=0.8,0.418,-1.2,-21.0,19.9,180,0.001,0.0,0.0,0.934,20.7,8.6,0.0,
Assets/_Project/Audio/SFX/Grab/sfx_grab_pickup_heavy_02.ogg,sfx_grab_pickup_heavy,2,physics,library-cc0,kenney:impact-sounds/impactPlank_medium_* gain=-6 pitch=0.8,0.409,-1.2,-18.0,16.9,143,0.0,0.0,0.0,0.955,20.8,23.4,0.0,
Assets/_Project/Audio/SFX/Grab/sfx_grab_pickup_heavy_03.ogg,sfx_grab_pickup_heavy,3,physics,library-cc0,kenney:impact-sounds/impactPlank_medium_* gain=-6 pitch=0.8,0.413,-1.0,-18.3,17.3,136,0.0,0.0,0.0,0.924,20.2,12.7,0.0,
Assets/_Project/Audio/SFX/Grab/sfx_carry_strain_loop_01.ogg,sfx_carry_strain_loop,1,physics,placeholder,synth:creak dur=3 rate=12 pitch=250 rise=0.8,2.5,-1.3,-25.3,24.1,464,0.003,0.0,0.0,0.149,12.4,827.0,0.0,
Assets/_Project/Audio/SFX/Grab/sfx_throw_whoosh_light_01.ogg,sfx_throw_whoosh_light,1,physics,placeholder,synth:whoosh dur=0.25 f0=600 f1=3500,0.261,-1.3,-16.3,15.0,1592,0.22,0.003,0.0,0.0,12.6,66.1,0.0,
Assets/_Project/Audio/SFX/Grab/sfx_throw_whoosh_light_02.ogg,sfx_throw_whoosh_light,2,physics,placeholder,synth:whoosh dur=0.25 f0=600 f1=3500,0.248,-2.0,-16.1,14.1,1420,0.161,0.003,0.0,0.0,13.0,79.1,0.0,
Assets/_Project/Audio/SFX/Grab/sfx_throw_whoosh_light_03.ogg,sfx_throw_whoosh_light,3,physics,placeholder,synth:whoosh dur=0.25 f0=600 f1=3500,0.234,-1.2,-16.4,15.2,1474,0.191,0.003,0.0,0.0,13.9,71.1,0.0,
Assets/_Project/Audio/SFX/Grab/sfx_throw_whoosh_heavy_01.ogg,sfx_throw_whoosh_heavy,1,physics,placeholder,synth:whoosh dur=0.5 f0=150 f1=1500 q=1.0,0.503,-1.1,-17.3,16.2,498,0.003,0.0,0.0,0.157,16.2,190.6,0.0,
Assets/_Project/Audio/SFX/Grab/sfx_throw_whoosh_heavy_02.ogg,sfx_throw_whoosh_heavy,2,physics,placeholder,synth:whoosh dur=0.5 f0=150 f1=1500 q=1.0,0.526,-1.1,-16.9,15.8,483,0.003,0.0,0.0,0.186,16.2,152.7,0.0,
Assets/_Project/Audio/SFX/Grab/sfx_throw_whoosh_heavy_03.ogg,sfx_throw_whoosh_heavy,3,physics,placeholder,synth:whoosh dur=0.5 f0=150 f1=1500 q=1.0,0.533,-1.1,-16.8,15.7,518,0.004,0.0,0.0,0.106,15.1,154.5,0.0,
Assets/_Project/Audio/Physics/phys_impact_stone_light_01.ogg,phys_impact_stone_light,1,physics,library-cc0,kenney:impact-sounds/impactMining_*,0.675,-1.0,-19.1,18.0,107,0.004,0.001,0.0,0.985,20.4,13.3,0.0,
Assets/_Project/Audio/Physics/phys_impact_stone_light_02.ogg,phys_impact_stone_light,2,physics,library-cc0,kenney:impact-sounds/impactMining_*,0.625,-1.3,-19.9,18.6,140,0.006,0.002,0.0,0.974,20.3,9.9,0.0,
Assets/_Project/Audio/Physics/phys_impact_stone_light_03.ogg,phys_impact_stone_light,3,physics,library-cc0,kenney:impact-sounds/impactMining_*,0.522,-1.1,-20.8,19.8,112,0.012,0.001,0.0,0.976,19.9,7.9,0.0,
Assets/_Project/Audio/Physics/phys_impact_stone_light_04.ogg,phys_impact_stone_light,4,physics,library-cc0,kenney:impact-sounds/impactMining_*,0.668,-1.1,-21.7,20.6,137,0.01,0.002,0.0,0.978,20.6,7.6,0.0,
Assets/_Project/Audio/Physics/phys_impact_stone_heavy_01.ogg,phys_impact_stone_heavy,1,physics,library-cc0,kenney:impact-sounds/impactMining_* shift=0.7,0.964,-1.0,-19.1,18.1,77,0.002,0.001,0.0,0.982,19.7,18.6,0.0,
Assets/_Project/Audio/Physics/phys_impact_stone_heavy_02.ogg,phys_impact_stone_heavy,2,physics,library-cc0,kenney:impact-sounds/impactMining_* shift=0.7,0.893,-1.1,-19.6,18.5,96,0.003,0.001,0.0,0.977,20.1,14.7,0.0,
Assets/_Project/Audio/Physics/phys_impact_stone_heavy_03.ogg,phys_impact_stone_heavy,3,physics,library-cc0,kenney:impact-sounds/impactMining_* shift=0.7,0.745,-1.4,-21.2,19.8,81,0.009,0.0,0.0,0.951,19.9,11.1,0.0,
Assets/_Project/Audio/Physics/phys_impact_wood_light_01.ogg,phys_impact_wood_light,1,physics,library-cc0,kenney:impact-sounds/impactWood_light_*,0.123,-1.2,-19.7,18.4,371,0.0,0.0,0.0,0.01,19.8,2.9,0.0,
Assets/_Project/Audio/Physics/phys_impact_wood_light_02.ogg,phys_impact_wood_light,2,physics,library-cc0,kenney:impact-sounds/impactWood_light_*,0.266,-1.0,-24.6,23.6,311,0.0,0.0,0.0,0.142,19.3,1.0,0.0,
Assets/_Project/Audio/Physics/phys_impact_wood_light_03.ogg,phys_impact_wood_light,3,physics,library-cc0,kenney:impact-sounds/impactWood_light_*,0.127,-1.1,-19.2,18.1,350,0.0,0.0,0.0,0.051,19.3,3.0,0.0,
Assets/_Project/Audio/Physics/phys_impact_wood_light_04.ogg,phys_impact_wood_light,4,physics,library-cc0,kenney:impact-sounds/impactWood_light_*,0.266,-1.3,-24.7,23.4,282,0.0,0.0,0.0,0.349,19.8,1.0,0.0,
Assets/_Project/Audio/Physics/phys_impact_wood_heavy_01.ogg,phys_impact_wood_heavy,1,physics,library-cc0,kenney:impact-sounds/impactWood_heavy_*,0.313,-1.1,-19.9,18.8,113,0.0,0.0,0.0,0.967,22.1,3.4,0.0003,
Assets/_Project/Audio/Physics/phys_impact_wood_heavy_02.ogg,phys_impact_wood_heavy,2,physics,library-cc0,kenney:impact-sounds/impactWood_heavy_*,0.313,-1.2,-20.1,18.9,122,0.0,0.0,0.0,0.971,24.3,3.3,0.0005,
Assets/_Project/Audio/Physics/phys_impact_wood_heavy_03.ogg,phys_impact_wood_heavy,3,physics,library-cc0,kenney:impact-sounds/impactWood_heavy_*,0.313,-1.1,-19.1,18.0,91,0.0,0.0,0.0,0.951,22.8,4.0,0.0012,
Assets/_Project/Audio/Physics/phys_impact_metal_light_01.ogg,phys_impact_metal_light,1,physics,library-cc0,kenney:impact-sounds/impactMetal_light_*,0.248,-1.2,-19.5,18.3,2689,0.777,0.0,0.0,0.0,19.3,6.9,0.0,
Assets/_Project/Audio/Physics/phys_impact_metal_light_02.ogg,phys_impact_metal_light,2,physics,library-cc0,kenney:impact-sounds/impactMetal_light_*,0.233,-1.4,-20.7,19.3,2417,0.784,0.0,0.0,0.0,19.8,1.4,0.0,
Assets/_Project/Audio/Physics/phys_impact_metal_light_03.ogg,phys_impact_metal_light,3,physics,library-cc0,kenney:impact-sounds/impactMetal_light_*,0.187,-1.3,-19.7,18.4,2985,0.758,0.0,0.0,0.0,19.8,5.8,0.0,
Assets/_Project/Audio/Physics/phys_impact_metal_light_04.ogg,phys_impact_metal_light,4,physics,library-cc0,kenney:impact-sounds/impactMetal_light_*,0.346,-1.4,-18.3,16.9,2969,0.764,0.0,0.0,0.0,19.8,5.9,0.0,
Assets/_Project/Audio/Physics/phys_impact_metal_heavy_01.ogg,phys_impact_metal_heavy,1,physics,library-cc0,kenney:impact-sounds/impactMetal_heavy_*,0.168,-1.0,-20.9,19.8,1176,0.168,0.0,0.0,0.103,19.8,1.7,0.0,
Assets/_Project/Audio/Physics/phys_impact_metal_heavy_02.ogg,phys_impact_metal_heavy,2,physics,library-cc0,kenney:impact-sounds/impactMetal_heavy_*,0.359,-1.1,-23.8,22.7,1776,0.289,0.0,0.0,0.051,20.4,1.8,0.0001,
Assets/_Project/Audio/Physics/phys_impact_metal_heavy_03.ogg,phys_impact_metal_heavy,3,physics,library-cc0,kenney:impact-sounds/impactMetal_heavy_*,0.117,-1.4,-19.2,17.8,845,0.149,0.0,0.0,0.135,20.3,1.7,0.0,
Assets/_Project/Audio/Physics/phys_impact_bronze_light_01.ogg,phys_impact_bronze_light,1,physics,library-cc0,kenney:impact-sounds/impactBell_heavy_* shift=1.3,0.982,-1.3,-25.8,24.5,640,0.0,0.0,0.0,0.0,19.7,0.8,0.0,
Assets/_Project/Audio/Physics/phys_impact_bronze_light_02.ogg,phys_impact_bronze_light,2,physics,library-cc0,kenney:impact-sounds/impactBell_heavy_* shift=1.3,1.197,-1.3,-24.4,23.1,463,0.003,0.0,0.0,0.0,20.2,1.1,0.0,
Assets/_Project/Audio/Physics/phys_impact_bronze_light_03.ogg,phys_impact_bronze_light,3,physics,library-cc0,kenney:impact-sounds/impactBell_heavy_* shift=1.3,0.521,-1.3,-24.3,23.0,454,0.0,0.0,0.0,0.001,18.8,0.9,0.0,
Assets/_Project/Audio/Physics/phys_impact_bronze_heavy_01.ogg,phys_impact_bronze_heavy,1,physics,library-cc0,kenney:impact-sounds/impactBell_heavy_*,1.276,-1.4,-25.7,24.3,492,0.0,0.0,0.0,0.0,19.8,1.0,0.0,
Assets/_Project/Audio/Physics/phys_impact_bronze_heavy_02.ogg,phys_impact_bronze_heavy,2,physics,library-cc0,kenney:impact-sounds/impactBell_heavy_*,1.556,-1.4,-24.3,22.9,356,0.0,0.0,0.0,0.389,20.5,1.4,0.0,
Assets/_Project/Audio/Physics/phys_impact_bronze_heavy_03.ogg,phys_impact_bronze_heavy,3,physics,library-cc0,kenney:impact-sounds/impactBell_heavy_*,0.677,-1.1,-24.1,23.0,341,0.0,0.0,0.0,0.408,19.1,1.1,0.0,
Assets/_Project/Audio/Physics/phys_impact_gold_light_01.ogg,phys_impact_gold_light,1,physics,placeholder,synth:metal_ring dur=0.8 freq=1600 decay=5 clank=0.3,0.8,-1.4,-19.9,18.4,1962,0.291,0.013,0.001,0.0,22.1,2.6,0.0,
Assets/_Project/Audio/Physics/phys_impact_gold_light_02.ogg,phys_impact_gold_light,2,physics,placeholder,synth:metal_ring dur=0.8 freq=1600 decay=5 clank=0.3,0.8,-1.5,-20.3,18.9,2031,0.291,0.013,0.001,0.0,22.9,5.4,0.0,
Assets/_Project/Audio/Physics/phys_impact_gold_light_03.ogg,phys_impact_gold_light,3,physics,placeholder,synth:metal_ring dur=0.8 freq=1600 decay=5 clank=0.3,0.8,-1.3,-19.6,18.3,2108,0.293,0.013,0.001,0.0,21.8,2.5,0.0,
Assets/_Project/Audio/Physics/phys_impact_gold_heavy_01.ogg,phys_impact_gold_heavy,1,physics,placeholder,synth:metal_ring dur=1.2 freq=900 decay=3 clank=0.5,1.2,-1.0,-19.4,18.3,1092,0.041,0.001,0.002,0.0,23.0,2.4,0.0,
Assets/_Project/Audio/Physics/phys_impact_gold_heavy_02.ogg,phys_impact_gold_heavy,2,physics,placeholder,synth:metal_ring dur=1.2 freq=900 decay=3 clank=0.5,1.2,-1.0,-19.8,18.8,1146,0.04,0.001,0.002,0.0,22.6,2.1,0.0,
Assets/_Project/Audio/Physics/phys_impact_ceramic_light_01.ogg,phys_impact_ceramic_light,1,physics,library-cc0,kenney:impact-sounds/impactPlate_light_*,0.48,-1.2,-25.1,23.9,601,0.063,0.02,0.005,0.666,18.1,8.9,0.0,
Assets/_Project/Audio/Physics/phys_impact_ceramic_light_02.ogg,phys_impact_ceramic_light,2,physics,library-cc0,kenney:impact-sounds/impactPlate_light_*,0.585,-1.6,-26.6,25.0,935,0.108,0.03,0.008,0.515,18.4,6.5,0.0,"level: -26.6 dB RMS, physics sits at -26..-12"
Assets/_Project/Audio/Physics/phys_impact_ceramic_light_03.ogg,phys_impact_ceramic_light,3,physics,library-cc0,kenney:impact-sounds/impactPlate_light_*,0.427,-1.5,-24.9,23.4,957,0.124,0.024,0.009,0.468,20.4,8.7,0.0,
Assets/_Project/Audio/Physics/phys_impact_ceramic_light_04.ogg,phys_impact_ceramic_light,4,physics,library-cc0,kenney:impact-sounds/impactPlate_light_*,0.47,-1.7,-24.3,22.6,827,0.097,0.02,0.01,0.458,18.6,8.2,0.0,
Assets/_Project/Audio/Physics/phys_impact_glass_light_01.ogg,phys_impact_glass_light,1,physics,library-cc0,kenney:impact-sounds/impactGlass_light_*,0.146,-1.7,-18.9,17.2,1524,0.007,0.0,0.0,0.0,19.5,1.2,0.0,
Assets/_Project/Audio/Physics/phys_impact_glass_light_02.ogg,phys_impact_glass_light,2,physics,library-cc0,kenney:impact-sounds/impactGlass_light_*,0.163,-1.3,-18.0,16.7,1758,0.549,0.0,0.0,0.0,18.6,5.6,0.0,
Assets/_Project/Audio/Physics/phys_impact_glass_light_03.ogg,phys_impact_glass_light,3,physics,library-cc0,kenney:impact-sounds/impactGlass_light_*,0.192,-1.3,-18.5,17.3,1557,0.287,0.0,0.0,0.002,20.3,6.4,0.0,
Assets/_Project/Audio/Physics/phys_impact_cloth_01.ogg,phys_impact_cloth,1,physics,library-cc0,kenney:impact-sounds/impactSoft_medium_* gain=-4,0.118,-1.0,-14.3,13.3,98,0.0,0.0,0.0,0.958,21.5,3.8,0.0046,distorted: 0.5% of samples squashed against the peak
Assets/_Project/Audio/Physics/phys_impact_cloth_02.ogg,phys_impact_cloth,2,physics,library-cc0,kenney:impact-sounds/impactSoft_medium_* gain=-4,0.183,-1.2,-15.2,14.0,87,0.0,0.0,0.0,0.983,22.8,4.4,0.0017,
Assets/_Project/Audio/Physics/phys_impact_cloth_03.ogg,phys_impact_cloth,3,physics,library-cc0,kenney:impact-sounds/impactSoft_medium_* gain=-4,0.135,-1.0,-14.2,13.2,83,0.0,0.0,0.0,0.965,23.1,4.3,0.0035,distorted: 0.4% of samples squashed against the peak
Assets/_Project/Audio/Physics/phys_impact_book_01.ogg,phys_impact_book,1,physics,library-cc0,kenney:rpg-audio/bookPlace*,0.207,-1.4,-19.1,17.7,949,0.072,0.036,0.005,0.197,18.1,43.8,0.0,
Assets/_Project/Audio/Physics/phys_impact_book_02.ogg,phys_impact_book,2,physics,library-cc0,kenney:rpg-audio/bookPlace*,0.26,-1.3,-19.2,17.9,915,0.122,0.011,0.002,0.13,16.9,55.1,0.0,
Assets/_Project/Audio/Physics/phys_impact_book_03.ogg,phys_impact_book,3,physics,library-cc0,kenney:rpg-audio/bookPlace*,0.221,-1.2,-19.0,17.8,1109,0.066,0.064,0.005,0.101,17.8,27.5,0.0,
Assets/_Project/Audio/Physics/phys_impact_body_01.ogg,phys_impact_body,1,physics,library-cc0,kenney:impact-sounds/impactPunch_heavy_* + kenney:impact-sounds/impactSoft_heavy_*,0.505,-1.2,-16.6,15.4,116,0.0,0.0,0.0,0.875,21.3,23.8,0.0001,
Assets/_Project/Audio/Physics/phys_impact_body_02.ogg,phys_impact_body,2,physics,library-cc0,kenney:impact-sounds/impactPunch_heavy_* + kenney:impact-sounds/impactSoft_heavy_*,0.572,-1.2,-15.5,14.4,123,0.0,0.0,0.0,0.838,20.0,5.2,0.0021,
Assets/_Project/Audio/Physics/phys_impact_body_03.ogg,phys_impact_body,3,physics,library-cc0,kenney:impact-sounds/impactPunch_heavy_* + kenney:impact-sounds/impactSoft_heavy_*,0.572,-1.2,-17.1,15.8,103,0.0,0.0,0.0,0.947,19.6,16.6,0.0001,
Assets/_Project/Audio/Physics/phys_impact_body_04.ogg,phys_impact_body,4,physics,library-cc0,kenney:impact-sounds/impactPunch_heavy_* + kenney:impact-sounds/impactSoft_heavy_*,0.544,-1.0,-16.2,15.1,109,0.0,0.0,0.0,0.893,20.0,25.9,0.0001,
Assets/_Project/Audio/Physics/phys_impact_coins_01.ogg,phys_impact_coins,1,physics,library-cc0,kenney:casino-audio/chips-collide-* + synth:coins dur=0.5 count=6 gain=-4,0.5,-1.6,-18.5,17.0,5727,0.694,0.182,0.123,0.0,19.7,189.6,0.0,
Assets/_Project/Audio/Physics/phys_impact_coins_02.ogg,phys_impact_coins,2,physics,library-cc0,kenney:casino-audio/chips-collide-* + synth:coins dur=0.5 count=6 gain=-4,0.5,-1.0,-16.3,15.2,5501,0.705,0.202,0.091,0.0,20.6,180.8,0.0,
Assets/_Project/Audio/Physics/phys_impact_coins_03.ogg,phys_impact_coins,3,physics,library-cc0,kenney:casino-audio/chips-collide-* + synth:coins dur=0.5 count=6 gain=-4,0.5,-1.6,-16.9,15.3,6536,0.718,0.106,0.175,0.0,21.8,134.5,0.0,
Assets/_Project/Audio/Physics/phys_scrape_stone_loop_01.ogg,phys_scrape_stone_loop,1,physics,placeholder,synth:hiss dur=3 low=300 high=3000 flutter=13 + synth:rattle dur=3 density=30 freq=900,2.5,-1.4,-19.9,18.4,1519,0.187,0.024,0.003,0.006,16.9,1021.4,0.0,
Assets/_Project/Audio/Physics/phys_scrape_wood_loop_01.ogg,phys_scrape_wood_loop,1,physics,placeholder,synth:creak dur=3 rate=30 pitch=500 rise=1.0,2.5,-1.3,-24.5,23.3,921,0.031,0.001,0.0,0.005,9.5,901.1,0.0,
Assets/_Project/Audio/Physics/phys_scrape_metal_loop_01.ogg,phys_scrape_metal_loop,1,physics,placeholder,synth:hiss dur=3 low=2000 high=8000 flutter=17 + synth:rattle dur=3 density=40 freq=2500,2.5,-1.5,-18.2,16.7,4300,0.553,0.255,0.039,0.001,17.2,1994.2,0.0,
Assets/_Project/Audio/Physics/phys_roll_loop_01.ogg,phys_roll_loop,1,physics,placeholder,synth:rattle dur=2 density=20 freq=400 + synth:hiss dur=2 low=100 high=600 flutter=4,1.5,-1.1,-19.5,18.4,587,0.024,0.002,0.0,0.174,18.4,1153.0,0.0,
Assets/_Project/Audio/Physics/phys_break_ceramic_01.ogg,phys_break_ceramic,1,physics,library-cc0,kenney:impact-sounds/impactPlate_heavy_* + synth:shatter dur=0.8 pieces=25 low=1200 brightness=0.6,0.8,-2.6,-24.6,22.0,6277,0.35,0.165,0.252,0.122,18.6,1.6,0.0,fizzy: 25% of energy above 10 kHz
Assets/_Project/Audio/Physics/phys_break_ceramic_02.ogg,phys_break_ceramic,2,physics,library-cc0,kenney:impact-sounds/impactPlate_heavy_* + synth:shatter dur=0.8 pieces=25 low=1200 brightness=0.6,0.749,-2.3,-22.3,20.0,4725,0.226,0.126,0.184,0.269,19.4,7.7,0.0,
Assets/_Project/Audio/Physics/phys_break_ceramic_03.ogg,phys_break_ceramic,3,physics,library-cc0,kenney:impact-sounds/impactPlate_heavy_* + synth:shatter dur=0.8 pieces=25 low=1200 brightness=0.6,0.573,-1.4,-20.4,19.0,5926,0.316,0.194,0.229,0.15,18.8,4.9,0.0,
Assets/_Project/Audio/Physics/phys_break_glass_01.ogg,phys_break_glass,1,physics,library-cc0,kenney:impact-sounds/impactGlass_heavy_* + synth:shatter dur=1.0 pieces=40,0.701,-1.8,-21.8,19.9,6765,0.469,0.309,0.195,0.001,19.7,1.5,0.0,
Assets/_Project/Audio/Physics/phys_break_glass_02.ogg,phys_break_glass,2,physics,library-cc0,kenney:impact-sounds/impactGlass_heavy_* + synth:shatter dur=1.0 pieces=40,0.621,-1.6,-20.6,19.0,7541,0.235,0.526,0.214,0.0,18.2,1.6,0.0,
Assets/_Project/Audio/Physics/phys_break_glass_03.ogg,phys_break_glass,3,physics,library-cc0,kenney:impact-sounds/impactGlass_heavy_* + synth:shatter dur=1.0 pieces=40,0.715,-1.8,-22.1,20.2,7883,0.291,0.432,0.249,0.001,18.3,1.3,0.0,
Assets/_Project/Audio/Physics/phys_break_glass_large_01.ogg,phys_break_glass_large,1,physics,library-cc0,synth:shatter dur=2.5 pieces=160 + kenney:impact-sounds/impactGlass_heavy_*,2.321,-1.1,-23.2,22.1,6606,0.283,0.633,0.074,0.0,19.2,1.6,0.0,
Assets/_Project/Audio/Physics/phys_break_glass_large_02.ogg,phys_break_glass_large,2,physics,library-cc0,synth:shatter dur=2.5 pieces=160 + kenney:impact-sounds/impactGlass_heavy_*,2.084,-1.3,-22.0,20.6,6455,0.338,0.57,0.082,0.0,18.7,1.5,0.0,
Assets/_Project/Audio/Physics/phys_break_wood_01.ogg,phys_break_wood,1,physics,library-cc0,kenney:impact-sounds/impactWood_heavy_* + synth:crumble dur=0.9 density=40 size=0.3 gain=-8,0.892,-1.1,-20.8,19.6,84,0.001,0.0,0.0,0.748,21.8,3.4,0.0001,
Assets/_Project/Audio/Physics/phys_break_wood_02.ogg,phys_break_wood,2,physics,library-cc0,kenney:impact-sounds/impactWood_heavy_* + synth:crumble dur=0.9 density=40 size=0.3 gain=-8,0.899,-1.2,-22.8,21.6,183,0.002,0.0,0.0,0.604,20.9,3.3,0.0,
Assets/_Project/Audio/Physics/phys_break_wood_03.ogg,phys_break_wood,3,physics,library-cc0,kenney:impact-sounds/impactWood_heavy_* + synth:crumble dur=0.9 density=40 size=0.3 gain=-8,0.884,-1.3,-22.4,21.1,179,0.003,0.0,0.0,0.77,20.8,4.0,0.0007,
Assets/_Project/Audio/Physics/phys_break_book_01.ogg,phys_break_book,1,physics,library-cc0,kenney:rpg-audio/bookFlip* + synth:hiss dur=0.4 low=1000 high=6000 decay=6,0.635,-1.4,-21.9,20.5,4245,0.515,0.326,0.019,0.001,8.8,512.6,0.0,
Assets/_Project/Audio/Physics/phys_break_liquid_01.ogg,phys_break_liquid,1,physics,placeholder,synth:whoosh dur=0.6 f0=300 f1=1200 q=0.8 + synth:drips dur=0.6 rate=20,0.607,-1.6,-19.4,17.8,1058,0.003,0.0,0.0,0.008,16.2,286.9,0.0,
Assets/_Project/Audio/Physics/phys_break_liquid_02.ogg,phys_break_liquid,2,physics,placeholder,synth:whoosh dur=0.6 f0=300 f1=1200 q=0.8 + synth:drips dur=0.6 rate=20,0.572,-1.3,-16.4,15.1,1144,0.001,0.0,0.0,0.008,16.3,81.5,0.0,
Assets/_Project/Audio/Physics/phys_coin_spill_01.ogg,phys_coin_spill,1,physics,library-cc0,synth:coins dur=1.2 count=30 + kenney:casino-audio/chips-stack-*,1.089,-1.2,-17.0,15.8,5439,0.696,0.196,0.106,0.0,18.1,706.2,0.0,
Assets/_Project/Audio/Physics/phys_coin_spill_02.ogg,phys_coin_spill,2,physics,library-cc0,synth:coins dur=1.2 count=30 + kenney:casino-audio/chips-stack-*,1.01,-1.1,-19.2,18.1,5766,0.694,0.172,0.129,0.0,19.5,104.0,0.0,
Assets/_Project/Audio/Physics/phys_coin_spill_03.ogg,phys_coin_spill,3,physics,library-cc0,synth:coins dur=1.2 count=30 + kenney:casino-audio/chips-stack-*,1.085,-2.0,-18.6,16.6,5663,0.708,0.169,0.122,0.0,18.8,100.4,0.0,
Assets/_Project/Audio/SFX/Loot/sfx_loot_value_lost_01.ogg,sfx_loot_value_lost,1,ui,generated,synth:coin_drain steps=6,0.77,-1.1,-15.5,14.4,3044,0.491,0.129,0.008,0.0,21.6,367.6,0.0,"harsh: 49% of a tonal sound's energy at 2-5 kHz | level: -15.5 dB RMS, ui sits at -34..-22 | too long: 0.77 s for a ui one-shot (max 0.6)"
Assets/_Project/Audio/SFX/Loot/sfx_loot_value_lost_02.ogg,sfx_loot_value_lost,2,ui,generated,synth:coin_drain steps=6,0.77,-1.1,-15.5,14.4,3044,0.491,0.129,0.008,0.0,21.6,367.6,0.0,"harsh: 49% of a tonal sound's energy at 2-5 kHz | level: -15.5 dB RMS, ui sits at -34..-22 | too long: 0.77 s for a ui one-shot (max 0.6)"
Assets/_Project/Audio/SFX/Loot/sfx_loot_highlight_01.ogg,sfx_loot_highlight,1,ui,generated,synth:chime notes=2637 dur=0.5 gold=1 decay=8,0.52,-1.1,-19.0,17.9,4207,0.714,0.2,0.086,0.0,21.8,5.3,0.0,"level: -19.0 dB RMS, ui sits at -34..-22"
Assets/_Project/Audio/SFX/Loot/sfx_loot_pickup_gold_01.ogg,sfx_loot_pickup_gold,1,physics,generated,synth:coins dur=0.5 count=4,0.456,-1.6,-19.0,17.4,5590,0.7,0.214,0.077,0.0,21.5,14.1,0.0,
Assets/_Project/Audio/SFX/Loot/sfx_loot_pickup_gold_02.ogg,sfx_loot_pickup_gold,2,physics,generated,synth:coins dur=0.5 count=4,0.488,-1.3,-16.1,14.7,5554,0.689,0.186,0.124,0.0,21.5,77.1,0.0,
Assets/_Project/Audio/SFX/Weapons/sfx_wpn_blade_swing_01.ogg,sfx_wpn_blade_swing,1,weapons,placeholder,synth:whoosh dur=0.3 f0=900 f1=4500 q=2.5,0.32,-2.3,-17.9,15.6,2143,0.55,0.005,0.0,0.0,12.6,87.0,0.0,
Assets/_Project/Audio/SFX/Weapons/sfx_wpn_blade_swing_02.ogg,sfx_wpn_blade_swing,2,weapons,placeholder,synth:whoosh dur=0.3 f0=900 f1=4500 q=2.5,0.31,-1.6,-17.9,16.2,1980,0.424,0.003,0.0,0.0,13.9,91.7,0.0,
Assets/_Project/Audio/SFX/Weapons/sfx_wpn_blade_swing_03.ogg,sfx_wpn_blade_swing,3,weapons,placeholder,synth:whoosh dur=0.3 f0=900 f1=4500 q=2.5,0.32,-1.5,-17.0,15.5,2048,0.435,0.004,0.0,0.0,13.5,88.7,0.0,
Assets/_Project/Audio/SFX/Weapons/sfx_wpn_blade_swing_04.ogg,sfx_wpn_blade_swing,4,weapons,placeholder,synth:whoosh dur=0.3 f0=900 f1=4500 q=2.5,0.312,-1.5,-18.1,16.6,2021,0.426,0.004,0.0,0.0,12.8,81.0,0.0,
Assets/_Project/Audio/SFX/Weapons/sfx_wpn_blade_hit_flesh_01.ogg,sfx_wpn_blade_hit_flesh,1,weapons,library-cc0,kenney:rpg-audio/knifeSlice* shift=1.0 + kenney:impact-sounds/impactPunch_medium_* gain=-6,0.371,-1.4,-16.2,14.9,3130,0.298,0.256,0.026,0.182,13.1,29.7,0.0,
Assets/_Project/Audio/SFX/Weapons/sfx_wpn_blade_hit_flesh_02.ogg,sfx_wpn_blade_hit_flesh,2,weapons,library-cc0,kenney:rpg-audio/knifeSlice* shift=1.0 + kenney:impact-sounds/impactPunch_medium_* gain=-6,0.44,-1.6,-19.1,17.5,4161,0.272,0.37,0.054,0.133,13.7,1.7,0.0,
Assets/_Project/Audio/SFX/Weapons/sfx_wpn_blade_hit_flesh_03.ogg,sfx_wpn_blade_hit_flesh,3,weapons,library-cc0,kenney:rpg-audio/knifeSlice* shift=1.0 + kenney:impact-sounds/impactPunch_medium_* gain=-6,0.355,-2.4,-16.7,14.3,3509,0.286,0.296,0.032,0.214,12.8,37.8,0.0,
Assets/_Project/Audio/SFX/Weapons/sfx_wpn_blade_hit_armour_01.ogg,sfx_wpn_blade_hit_armour,1,weapons,library-cc0,kenney:impact-sounds/impactMetal_medium_* shift=1.0,0.272,-1.3,-18.4,17.1,1245,0.145,0.0,0.0,0.002,20.9,1.9,0.0,
Assets/_Project/Audio/SFX/Weapons/sfx_wpn_blade_hit_armour_02.ogg,sfx_wpn_blade_hit_armour,2,weapons,library-cc0,kenney:impact-sounds/impactMetal_medium_* shift=1.0,0.143,-1.2,-18.3,17.1,1028,0.03,0.0,0.0,0.006,21.1,4.6,0.0,
Assets/_Project/Audio/SFX/Weapons/sfx_wpn_blade_hit_armour_03.ogg,sfx_wpn_blade_hit_armour,3,weapons,library-cc0,kenney:impact-sounds/impactMetal_medium_* shift=1.0,0.119,-1.3,-18.8,17.5,1012,0.049,0.0,0.0,0.017,21.4,0.8,0.0,
Assets/_Project/Audio/SFX/Weapons/sfx_wpn_blade_hit_wood_01.ogg,sfx_wpn_blade_hit_wood,1,weapons,library-cc0,kenney:rpg-audio/chop* shift=1.0,0.239,-1.2,-20.3,19.1,1673,0.376,0.009,0.001,0.002,14.9,3.6,0.0,
Assets/_Project/Audio/SFX/Weapons/sfx_wpn_blade_hit_wood_02.ogg,sfx_wpn_blade_hit_wood,2,weapons,library-cc0,kenney:rpg-audio/chop* shift=1.0,0.228,-1.8,-20.7,19.0,1865,0.455,0.012,0.001,0.002,15.5,3.5,0.0,
Assets/_Project/Audio/SFX/Weapons/sfx_wpn_blade_hit_stone_01.ogg,sfx_wpn_blade_hit_stone,1,weapons,library-cc0,kenney:impact-sounds/impactMining_* shift=1.20,0.562,-1.1,-19.1,18.1,127,0.004,0.001,0.0,0.986,20.3,11.1,0.0,
Assets/_Project/Audio/SFX/Weapons/sfx_wpn_blade_hit_stone_02.ogg,sfx_wpn_blade_hit_stone,2,weapons,library-cc0,kenney:impact-sounds/impactMining_* shift=1.20,0.521,-1.3,-19.8,18.6,171,0.007,0.001,0.001,0.97,20.1,8.2,0.0,
Assets/_Project/Audio/SFX/Weapons/sfx_wpn_blade_clash_01.ogg,sfx_wpn_blade_clash,1,weapons,placeholder,synth:metal_ring dur=0.9 freq=1300 clank=1.0,0.9,-1.3,-20.0,18.7,1759,0.094,0.018,0.008,0.0,22.9,8.1,0.0,
Assets/_Project/Audio/SFX/Weapons/sfx_wpn_blade_clash_02.ogg,sfx_wpn_blade_clash,2,weapons,placeholder,synth:metal_ring dur=0.9 freq=1300 clank=1.0,0.9,-1.2,-19.6,18.3,1860,0.274,0.017,0.009,0.0,22.1,1.7,0.0,
Assets/_Project/Audio/SFX/Weapons/sfx_wpn_blade_clash_03.ogg,sfx_wpn_blade_clash,3,weapons,placeholder,synth:metal_ring dur=0.9 freq=1300 clank=1.0,0.9,-1.0,-19.9,18.9,1857,0.272,0.017,0.008,0.0,22.0,4.4,0.0,
Assets/_Project/Audio/SFX/Weapons/sfx_wpn_blade_draw_01.ogg,sfx_wpn_blade_draw,1,weapons,library-cc0,kenney:rpg-audio/drawKnife* shift=1.0,0.391,-2.3,-20.5,18.2,6099,0.384,0.385,0.146,0.001,10.3,81.9,0.0,
Assets/_Project/Audio/SFX/Weapons/sfx_wpn_bronze_swing_01.ogg,sfx_wpn_bronze_swing,1,weapons,placeholder,synth:whoosh dur=0.3 f0=720 f1=3600 q=2.5,0.313,-1.6,-18.0,16.4,1611,0.188,0.001,0.0,0.0,13.4,79.5,0.0,
Assets/_Project/Audio/SFX/Weapons/sfx_wpn_bronze_swing_02.ogg,sfx_wpn_bronze_swing,2,weapons,placeholder,synth:whoosh dur=0.3 f0=720 f1=3600 q=2.5,0.29,-1.3,-17.7,16.4,1645,0.173,0.001,0.0,0.0,14.0,84.1,0.0,
Assets/_Project/Audio/SFX/Weapons/sfx_wpn_bronze_swing_03.ogg,sfx_wpn_bronze_swing,3,weapons,placeholder,synth:whoosh dur=0.3 f0=720 f1=3600 q=2.5,0.294,-1.2,-17.8,16.6,1632,0.208,0.001,0.0,0.0,14.4,85.9,0.0,
Assets/_Project/Audio/SFX/Weapons/sfx_wpn_bronze_swing_04.ogg,sfx_wpn_bronze_swing,4,weapons,placeholder,synth:whoosh dur=0.3 f0=720 f1=3600 q=2.5,0.322,-1.4,-18.3,16.9,1569,0.172,0.001,0.0,0.0,13.5,111.1,0.0,
Assets/_Project/Audio/SFX/Weapons/sfx_wpn_bronze_hit_flesh_01.ogg,sfx_wpn_bronze_hit_flesh,1,weapons,library-cc0,kenney:rpg-audio/knifeSlice* shift=0.8 + kenney:impact-sounds/impactPunch_medium_* gain=-6,0.464,-1.9,-16.8,14.9,2767,0.392,0.172,0.015,0.159,12.7,28.9,0.0,
Assets/_Project/Audio/SFX/Weapons/sfx_wpn_bronze_hit_flesh_02.ogg,sfx_wpn_bronze_hit_flesh,2,weapons,library-cc0,kenney:rpg-audio/knifeSlice* shift=0.8 + kenney:impact-sounds/impactPunch_medium_* gain=-6,0.55,-1.7,-19.4,17.7,3480,0.446,0.187,0.033,0.117,13.5,1.0,0.0,
Assets/_Project/Audio/SFX/Weapons/sfx_wpn_bronze_hit_flesh_03.ogg,sfx_wpn_bronze_hit_flesh,3,weapons,library-cc0,kenney:rpg-audio/knifeSlice* shift=0.8 + kenney:impact-sounds/impactPunch_medium_* gain=-6,0.442,-1.3,-17.0,15.7,3020,0.416,0.205,0.018,0.188,13.2,37.2,0.0,
Assets/_Project/Audio/SFX/Weapons/sfx_wpn_bronze_hit_armour_01.ogg,sfx_wpn_bronze_hit_armour,1,weapons,library-cc0,kenney:impact-sounds/impactMetal_medium_* shift=0.8,0.34,-1.2,-19.8,18.6,995,0.125,0.0,0.0,0.002,21.8,0.7,0.0,
Assets/_Project/Audio/SFX/Weapons/sfx_wpn_bronze_hit_armour_02.ogg,sfx_wpn_bronze_hit_armour,2,weapons,library-cc0,kenney:impact-sounds/impactMetal_medium_* shift=0.8,0.179,-1.0,-18.9,17.8,827,0.031,0.0,0.0,0.006,21.5,0.7,0.0,
Assets/_Project/Audio/SFX/Weapons/sfx_wpn_bronze_hit_armour_03.ogg,sfx_wpn_bronze_hit_armour,3,weapons,library-cc0,kenney:impact-sounds/impactMetal_medium_* shift=0.8,0.149,-1.6,-20.3,18.7,829,0.025,0.0,0.0,0.012,22.0,0.7,0.0,
Assets/_Project/Audio/SFX/Weapons/sfx_wpn_bronze_hit_wood_01.ogg,sfx_wpn_bronze_hit_wood,1,weapons,library-cc0,kenney:rpg-audio/chop* shift=0.8,0.299,-1.4,-20.2,18.8,1500,0.165,0.005,0.0,0.002,14.8,4.4,0.0,
Assets/_Project/Audio/SFX/Weapons/sfx_wpn_bronze_hit_wood_02.ogg,sfx_wpn_bronze_hit_wood,2,weapons,library-cc0,kenney:rpg-audio/chop* shift=0.8,0.284,-1.4,-20.4,19.0,1506,0.176,0.004,0.0,0.002,14.8,4.2,0.0,
Assets/_Project/Audio/SFX/Weapons/sfx_wpn_bronze_hit_stone_01.ogg,sfx_wpn_bronze_hit_stone,1,weapons,library-cc0,kenney:impact-sounds/impactMining_* shift=0.96,0.703,-1.2,-19.1,17.9,103,0.004,0.001,0.0,0.984,20.1,13.8,0.0,
Assets/_Project/Audio/SFX/Weapons/sfx_wpn_bronze_hit_stone_02.ogg,sfx_wpn_bronze_hit_stone,2,weapons,library-cc0,kenney:impact-sounds/impactMining_* shift=0.96,0.651,-1.2,-19.7,18.5,134,0.006,0.002,0.0,0.974,21.0,10.5,0.0,
Assets/_Project/Audio/SFX/Weapons/sfx_wpn_bronze_clash_01.ogg,sfx_wpn_bronze_clash,1,weapons,placeholder,synth:metal_ring dur=0.9 freq=1040 clank=1.0,0.9,-1.5,-20.8,19.4,1354,0.104,0.007,0.008,0.0,22.2,2.2,0.0,
Assets/_Project/Audio/SFX/Weapons/sfx_wpn_bronze_clash_02.ogg,sfx_wpn_bronze_clash,2,weapons,placeholder,synth:metal_ring dur=0.9 freq=1040 clank=1.0,0.9,-1.1,-20.2,19.1,1381,0.106,0.009,0.008,0.0,23.0,2.2,0.0,
Assets/_Project/Audio/SFX/Weapons/sfx_wpn_bronze_clash_03.ogg,sfx_wpn_bronze_clash,3,weapons,placeholder,synth:metal_ring dur=0.9 freq=1040 clank=1.0,0.9,-1.1,-20.0,18.9,1369,0.104,0.008,0.007,0.0,21.9,2.1,0.0,
Assets/_Project/Audio/SFX/Weapons/sfx_wpn_bronze_draw_01.ogg,sfx_wpn_bronze_draw,1,weapons,library-cc0,kenney:rpg-audio/drawKnife* shift=0.8,0.489,-1.3,-20.8,19.5,4929,0.461,0.313,0.085,0.002,10.7,119.7,0.0,
Assets/_Project/Audio/SFX/Weapons/sfx_wpn_bronze_bend_01.ogg,sfx_wpn_bronze_bend,1,weapons,generated,synth:creak dur=0.5 rate=60 pitch=900 rise=0.6 + synth:metal_ring dur=0.6 freq=500 clank=0.2,0.6,-1.2,-16.2,15.0,657,0.008,0.0,0.0,0.0,22.1,12.6,0.0,
Assets/_Project/Audio/SFX/Weapons/sfx_wpn_rapier_swing_01.ogg,sfx_wpn_rapier_swing,1,weapons,placeholder,synth:whoosh dur=0.18 f0=2500 f1=8000 q=4,0.181,-1.9,-18.3,16.4,4797,0.569,0.428,0.001,0.0,12.3,46.0,0.0,
Assets/_Project/Audio/SFX/Weapons/sfx_wpn_rapier_swing_02.ogg,sfx_wpn_rapier_swing,2,weapons,placeholder,synth:whoosh dur=0.18 f0=2500 f1=8000 q=4,0.171,-2.0,-17.9,16.0,4175,0.825,0.169,0.001,0.0,12.8,65.2,0.0,
Assets/_Project/Audio/SFX/Weapons/sfx_wpn_rapier_swing_03.ogg,sfx_wpn_rapier_swing,3,weapons,placeholder,synth:whoosh dur=0.18 f0=2500 f1=8000 q=4,0.178,-1.9,-17.4,15.4,4571,0.708,0.289,0.001,0.0,11.6,51.2,0.0,
Assets/_Project/Audio/SFX/Weapons/sfx_wpn_rapier_hit_01.ogg,sfx_wpn_rapier_hit,1,weapons,library-cc0,kenney:rpg-audio/knifeSlice* shift=1.3,0.286,-2.1,-18.2,16.1,6624,0.345,0.505,0.136,0.0,12.2,120.9,0.0,
Assets/_Project/Audio/SFX/Weapons/sfx_wpn_rapier_hit_02.ogg,sfx_wpn_rapier_hit,2,weapons,library-cc0,kenney:rpg-audio/knifeSlice* shift=1.3,0.339,-1.1,-20.2,19.0,7228,0.223,0.619,0.145,0.0,13.8,2.0,0.0,
Assets/_Project/Audio/SFX/Weapons/sfx_wpn_rapier_snap_01.ogg,sfx_wpn_rapier_snap,1,weapons,placeholder,synth:metal_ring dur=0.5 freq=2400 clank=1.5,0.5,-1.2,-19.5,18.3,3193,0.935,0.042,0.023,0.0,22.4,2.2,0.0,
Assets/_Project/Audio/SFX/Weapons/sfx_wpn_blunt_swing_01.ogg,sfx_wpn_blunt_swing,1,weapons,placeholder,synth:whoosh dur=0.5 f0=150 f1=1200 q=1.2,0.467,-1.2,-17.0,15.8,418,0.001,0.0,0.0,0.219,16.9,143.3,0.0,
Assets/_Project/Audio/SFX/Weapons/sfx_wpn_blunt_swing_02.ogg,sfx_wpn_blunt_swing,2,weapons,placeholder,synth:whoosh dur=0.5 f0=150 f1=1200 q=1.2,0.519,-1.0,-16.0,14.9,417,0.001,0.0,0.0,0.237,16.7,165.0,0.0,
Assets/_Project/Audio/SFX/Weapons/sfx_wpn_blunt_swing_03.ogg,sfx_wpn_blunt_swing,3,weapons,placeholder,synth:whoosh dur=0.5 f0=150 f1=1200 q=1.2,0.484,-1.1,-16.0,14.9,450,0.001,0.0,0.0,0.164,17.3,168.7,0.0,
Assets/_Project/Audio/SFX/Weapons/sfx_wpn_blunt_hit_armour_01.ogg,sfx_wpn_blunt_hit_armour,1,weapons,library-cc0,kenney:impact-sounds/impactMetal_heavy_* + synth:metal_ring dur=1.5 freq=450 clank=0.8 gain=-4,1.5,-1.4,-22.1,20.7,635,0.006,0.002,0.005,0.001,23.0,2.3,0.0,
Assets/_Project/Audio/SFX/Weapons/sfx_wpn_blunt_hit_armour_02.ogg,sfx_wpn_blunt_hit_armour,2,weapons,library-cc0,kenney:impact-sounds/impactMetal_heavy_* + synth:metal_ring dur=1.5 freq=450 clank=0.8 gain=-4,1.5,-1.1,-23.4,22.3,683,0.008,0.002,0.007,0.001,23.1,2.2,0.0,
Assets/_Project/Audio/SFX/Weapons/sfx_wpn_blunt_hit_armour_03.ogg,sfx_wpn_blunt_hit_armour,3,weapons,library-cc0,kenney:impact-sounds/impactMetal_heavy_* + synth:metal_ring dur=1.5 freq=450 clank=0.8 gain=-4,1.5,-1.9,-23.5,21.7,640,0.007,0.002,0.006,0.001,22.8,2.2,0.0,
Assets/_Project/Audio/SFX/Weapons/sfx_wpn_blunt_hit_flesh_01.ogg,sfx_wpn_blunt_hit_flesh,1,weapons,library-cc0,kenney:impact-sounds/impactPunch_heavy_* shift=0.8,0.617,-1.2,-17.1,15.9,90,0.0,0.0,0.0,0.924,22.0,1.6,0.0,
Assets/_Project/Audio/SFX/Weapons/sfx_wpn_blunt_hit_flesh_02.ogg,sfx_wpn_blunt_hit_flesh,2,weapons,library-cc0,kenney:impact-sounds/impactPunch_heavy_* shift=0.8,0.517,-1.2,-16.5,15.3,114,0.0,0.0,0.0,0.859,21.0,1.5,0.0,
Assets/_Project/Audio/SFX/Weapons/sfx_wpn_blunt_hit_door_01.ogg,sfx_wpn_blunt_hit_door,1,weapons,library-cc0,kenney:impact-sounds/impactWood_heavy_* shift=0.8,0.391,-1.3,-19.9,18.7,92,0.0,0.0,0.0,0.969,21.8,4.2,0.0011,
Assets/_Project/Audio/SFX/Weapons/sfx_wpn_blunt_hit_door_02.ogg,sfx_wpn_blunt_hit_door,2,weapons,library-cc0,kenney:impact-sounds/impactWood_heavy_* shift=0.8,0.391,-1.2,-20.0,18.8,98,0.0,0.0,0.0,0.974,21.8,4.1,0.0006,
Assets/_Project/Audio/SFX/Weapons/sfx_wpn_shield_bash_01.ogg,sfx_wpn_shield_bash,1,weapons,library-cc0,kenney:impact-sounds/impactPlank_medium_* shift=0.8,0.523,-1.1,-21.1,20.0,147,0.001,0.0,0.0,0.947,18.2,10.8,0.0,
Assets/_Project/Audio/SFX/Weapons/sfx_wpn_shield_bash_02.ogg,sfx_wpn_shield_bash,2,weapons,library-cc0,kenney:impact-sounds/impactPlank_medium_* shift=0.8,0.511,-1.4,-17.9,16.5,114,0.0,0.0,0.0,0.962,18.8,29.3,0.0,
Assets/_Project/Audio/SFX/Weapons/sfx_wpn_shield_block_01.ogg,sfx_wpn_shield_block,1,weapons,library-cc0,kenney:impact-sounds/impactWood_medium_*,0.333,-1.1,-22.8,21.7,211,0.0,0.0,0.0,0.613,21.1,1.4,0.0,
Assets/_Project/Audio/SFX/Weapons/sfx_wpn_shield_block_02.ogg,sfx_wpn_shield_block,2,weapons,library-cc0,kenney:impact-sounds/impactWood_medium_*,0.333,-1.2,-22.7,21.6,202,0.0,0.0,0.0,0.641,21.1,1.4,0.0,
Assets/_Project/Audio/SFX/Weapons/sfx_wpn_shield_block_03.ogg,sfx_wpn_shield_block,3,weapons,library-cc0,kenney:impact-sounds/impactWood_medium_*,0.333,-1.2,-22.9,21.7,252,0.0,0.0,0.0,0.526,20.3,1.3,0.0,
Assets/_Project/Audio/SFX/Weapons/sfx_wpn_shield_arrow_thunk_01.ogg,sfx_wpn_shield_arrow_thunk,1,weapons,library-cc0,kenney:impact-sounds/impactWood_light_* shift=0.7,0.176,-1.4,-19.2,17.8,261,0.0,0.0,0.0,0.589,20.7,1.2,0.0,
Assets/_Project/Audio/SFX/Weapons/sfx_wpn_shield_arrow_thunk_02.ogg,sfx_wpn_shield_arrow_thunk,2,weapons,library-cc0,kenney:impact-sounds/impactWood_light_* shift=0.7,0.379,-1.2,-24.6,23.4,228,0.0,0.0,0.0,0.767,19.9,1.2,0.0,
Assets/_Project/Audio/SFX/Weapons/sfx_wpn_shield_arrow_thunk_03.ogg,sfx_wpn_shield_arrow_thunk,3,weapons,library-cc0,kenney:impact-sounds/impactWood_light_* shift=0.7,0.182,-1.2,-19.0,17.9,245,0.0,0.0,0.0,0.728,21.5,1.2,0.0,
Assets/_Project/Audio/SFX/Weapons/sfx_wpn_shield_pavise_plant_01.ogg,sfx_wpn_shield_pavise_plant,1,weapons,library-cc0,kenney:impact-sounds/impactWood_heavy_* shift=0.6 + synth:thump dur=0.3 freq=60,0.522,-1.0,-18.8,17.7,75,0.0,0.0,0.0,0.997,21.3,3.2,0.0002,
Assets/_Project/Audio/SFX/Weapons/sfx_wpn_xbow_span_loop_01.ogg,sfx_wpn_xbow_span_loop,1,weapons,placeholder,synth:creak dur=2.5 rate=14 pitch=700 rise=1.0 + synth:rattle dur=2.5 density=10 freq=1800,2.0,-1.6,-22.9,21.3,2908,0.472,0.083,0.019,0.001,19.3,1006.7,0.0,
Assets/_Project/Audio/SFX/Weapons/sfx_wpn_xbow_loose_01.ogg,sfx_wpn_xbow_loose,1,weapons,placeholder,synth:thump dur=0.25 freq=180 click=1.0 decay=25 + synth:metal_ring dur=0.4 freq=300 clank=0.2 gain=-8,0.4,-1.6,-16.1,14.5,303,0.0,0.0,0.0,0.489,22.0,4.9,0.0,
Assets/_Project/Audio/SFX/Weapons/sfx_wpn_xbow_loose_02.ogg,sfx_wpn_xbow_loose,2,weapons,placeholder,synth:thump dur=0.25 freq=180 click=1.0 decay=25 + synth:metal_ring dur=0.4 freq=300 clank=0.2 gain=-8,0.4,-1.3,-16.4,15.1,306,0.0,0.0,0.0,0.482,22.0,2.7,0.0,
Assets/_Project/Audio/SFX/Weapons/sfx_wpn_xbow_bolt_fly_01.ogg,sfx_wpn_xbow_bolt_fly,1,weapons,placeholder,synth:whoosh dur=0.3 f0=3000 f1=1500 q=3,0.282,-1.9,-16.9,15.0,2102,0.509,0.002,0.0,0.0,13.3,109.8,0.0,
Assets/_Project/Audio/SFX/Weapons/sfx_wpn_xbow_bolt_hit_wood_01.ogg,sfx_wpn_xbow_bolt_hit_wood,1,weapons,library-cc0,kenney:impact-sounds/impactWood_light_*,0.123,-1.2,-19.7,18.4,371,0.0,0.0,0.0,0.01,19.8,2.9,0.0,
Assets/_Project/Audio/SFX/Weapons/sfx_wpn_xbow_bolt_hit_wood_02.ogg,sfx_wpn_xbow_bolt_hit_wood,2,weapons,library-cc0,kenney:impact-sounds/impactWood_light_*,0.266,-1.0,-24.6,23.6,311,0.0,0.0,0.0,0.142,19.3,1.0,0.0,
Assets/_Project/Audio/SFX/Weapons/sfx_wpn_xbow_bolt_hit_stone_01.ogg,sfx_wpn_xbow_bolt_hit_stone,1,weapons,library-cc0,kenney:impact-sounds/impactMining_* shift=1.3,0.519,-1.1,-19.1,18.0,139,0.004,0.001,0.001,0.986,20.5,10.3,0.0,
Assets/_Project/Audio/SFX/Weapons/sfx_wpn_xbow_bolt_hit_stone_02.ogg,sfx_wpn_xbow_bolt_hit_stone,2,weapons,library-cc0,kenney:impact-sounds/impactMining_* shift=1.3,0.481,-1.2,-19.8,18.7,187,0.007,0.002,0.001,0.962,20.3,7.5,0.0,
Assets/_Project/Audio/SFX/Weapons/sfx_wpn_xbow_bolt_hit_flesh_01.ogg,sfx_wpn_xbow_bolt_hit_flesh,1,weapons,library-cc0,kenney:impact-sounds/impactPunch_medium_*,0.284,-1.1,-15.3,14.2,161,0.001,0.0,0.0,0.464,20.0,25.2,0.0,
Assets/_Project/Audio/SFX/Weapons/sfx_wpn_xbow_bolt_hit_flesh_02.ogg,sfx_wpn_xbow_bolt_hit_flesh,2,weapons,library-cc0,kenney:impact-sounds/impactPunch_medium_*,0.267,-1.2,-15.2,14.0,192,0.0,0.0,0.0,0.45,19.9,27.0,0.0,
Assets/_Project/Audio/SFX/Weapons/sfx_wpn_sling_whirl_loop_01.ogg,sfx_wpn_sling_whirl_loop,1,weapons,placeholder,synth:whoosh dur=0.35 f0=300 f1=900 q=1.5 attack=0.5,0.275,-1.2,-14.4,13.2,538,0.001,0.0,0.0,0.026,16.4,178.6,0.0,
Assets/_Project/Audio/SFX/Weapons/sfx_wpn_sling_release_01.ogg,sfx_wpn_sling_release,1,weapons,placeholder,synth:whoosh dur=0.2 f0=1500 f1=4000 + synth:tick dur=0.03 freq=600,0.2,-2.0,-20.8,18.9,1989,0.429,0.027,0.002,0.0,11.5,1.5,0.0,
Assets/_Project/Audio/SFX/Weapons/sfx_wpn_sling_release_02.ogg,sfx_wpn_sling_release,2,weapons,placeholder,synth:whoosh dur=0.2 f0=1500 f1=4000 + synth:tick dur=0.03 freq=600,0.203,-1.1,-20.8,19.8,1799,0.369,0.014,0.002,0.0,12.1,1.6,0.0,
Assets/_Project/Audio/SFX/Weapons/sfx_wpn_sling_stone_hit_01.ogg,sfx_wpn_sling_stone_hit,1,weapons,library-cc0,kenney:impact-sounds/impactMining_*,0.675,-1.0,-19.1,18.0,107,0.004,0.001,0.0,0.985,20.4,13.3,0.0,
Assets/_Project/Audio/SFX/Weapons/sfx_wpn_sling_stone_hit_02.ogg,sfx_wpn_sling_stone_hit,2,weapons,library-cc0,kenney:impact-sounds/impactMining_*,0.625,-1.3,-19.9,18.6,140,0.006,0.002,0.0,0.974,20.3,9.9,0.0,
Assets/_Project/Audio/SFX/Weapons/sfx_wpn_match_hiss_loop_01.ogg,sfx_wpn_match_hiss_loop,1,weapons,placeholder,synth:hiss dur=3 low=2500 high=9000 flutter=7 + synth:crackle dur=3 density=10 body=0,2.5,-1.1,-15.2,14.1,6218,0.348,0.564,0.077,0.0,9.0,2171.8,0.0,
Assets/_Project/Audio/SFX/Weapons/sfx_wpn_match_fire_01.ogg,sfx_wpn_match_fire,1,weapons,placeholder,synth:gunshot dur=1.6 size=1.3,1.593,-2.3,-13.1,10.8,125,0.002,0.002,0.003,0.905,21.3,126.4,0.0,
Assets/_Project/Audio/SFX/Weapons/sfx_wpn_match_fire_02.ogg,sfx_wpn_match_fire,2,weapons,placeholder,synth:gunshot dur=1.6 size=1.3,1.6,-1.3,-10.1,8.8,85,0.001,0.001,0.002,0.846,21.3,85.6,0.0,
Assets/_Project/Audio/SFX/Weapons/sfx_wpn_match_fire_03.ogg,sfx_wpn_match_fire,3,weapons,placeholder,synth:gunshot dur=1.6 size=1.3,1.592,-1.4,-12.6,11.2,98,0.001,0.001,0.003,0.81,21.2,107.2,0.0,
Assets/_Project/Audio/SFX/Weapons/sfx_wpn_match_tail_small_01.ogg,sfx_wpn_match_tail_small,1,weapons,placeholder,synth:crumble dur=1.5 density=5 size=0.4 gain=-10,1.497,-1.2,-16.2,15.0,44,0.001,0.0,0.0,0.701,21.5,471.2,0.0,
Assets/_Project/Audio/SFX/Weapons/sfx_wpn_match_tail_large_01.ogg,sfx_wpn_match_tail_large,1,weapons,placeholder,synth:explosion dur=3.5 size=0.6 gain=-14,3.441,-1.2,-10.2,9.1,40,0.0,0.0,0.0,0.756,21.1,204.1,0.0023,
Assets/_Project/Audio/SFX/Weapons/sfx_wpn_match_reload_01.ogg,sfx_wpn_match_reload,1,weapons,library-cc0,kenney:rpg-audio/metalClick* + kenney:rpg-audio/metalLatch* + synth:hiss dur=0.5 low=800 high=4000 decay=5 gain=-10,0.5,-1.6,-25.6,24.0,6042,0.222,0.479,0.157,0.027,10.8,33.2,0.0,
Assets/_Project/Audio/SFX/Weapons/sfx_wpn_match_flash_in_pan_01.ogg,sfx_wpn_match_flash_in_pan,1,weapons,placeholder,synth:whumph dur=0.4 size=1.5 + synth:hiss dur=0.5 low=2000 high=8000 decay=6,0.5,-1.4,-15.9,14.5,1559,0.121,0.132,0.012,0.696,9.9,84.5,0.0,
Assets/_Project/Audio/SFX/Weapons/sfx_wpn_wheellock_spin_01.ogg,sfx_wpn_wheellock_spin,1,weapons,placeholder,synth:rattle dur=0.3 density=120 freq=4000 spread=0.2,0.3,-1.4,-15.2,13.9,5754,0.692,0.232,0.074,0.0,17.2,38.5,0.0,
Assets/_Project/Audio/SFX/Weapons/sfx_wpn_flint_click_01.ogg,sfx_wpn_flint_click,1,weapons,library-cc0,kenney:rpg-audio/metalClick*,0.373,-2.0,-27.6,25.6,4870,0.296,0.435,0.047,0.0,13.2,183.8,0.0,"level: -27.6 dB RMS, weapons sits at -26..-8"
Assets/_Project/Audio/SFX/Weapons/sfx_wpn_pistol_fire_01.ogg,sfx_wpn_pistol_fire,1,weapons,placeholder,synth:gunshot dur=1.2 size=0.9,1.184,-1.3,-12.7,11.4,144,0.002,0.002,0.005,0.855,21.0,57.1,0.0,
Assets/_Project/Audio/SFX/Weapons/sfx_wpn_pistol_fire_02.ogg,sfx_wpn_pistol_fire,2,weapons,placeholder,synth:gunshot dur=1.2 size=0.9,1.199,-1.2,-12.5,11.4,145,0.002,0.002,0.005,0.853,20.4,96.0,0.0,
Assets/_Project/Audio/SFX/Weapons/sfx_wpn_pistol_fire_03.ogg,sfx_wpn_pistol_fire,3,weapons,placeholder,synth:gunshot dur=1.2 size=0.9,1.189,-1.2,-9.9,8.7,84,0.001,0.001,0.002,0.661,21.0,33.2,0.0,
Assets/_Project/Audio/SFX/Weapons/sfx_wpn_pistol_reload_01.ogg,sfx_wpn_pistol_reload,1,weapons,library-cc0,kenney:rpg-audio/metalLatch* + kenney:rpg-audio/metalClick*,0.373,-1.4,-24.7,23.2,6600,0.164,0.54,0.181,0.032,13.3,3.0,0.0,
Assets/_Project/Audio/SFX/Weapons/sfx_wpn_ball_ricochet_01.ogg,sfx_wpn_ball_ricochet,1,weapons,placeholder,synth:whine dur=0.4 f0=3000 f1=1200 wobble=0 depth=0 + synth:tick dur=0.04 freq=3000,0.4,-1.8,-12.1,10.3,2273,0.65,0.008,0.0,0.0,19.8,1.4,0.0,
Assets/_Project/Audio/SFX/Weapons/sfx_wpn_ball_ricochet_02.ogg,sfx_wpn_ball_ricochet,2,weapons,placeholder,synth:whine dur=0.4 f0=3000 f1=1200 wobble=0 depth=0 + synth:tick dur=0.04 freq=3000,0.4,-1.2,-10.9,9.7,2271,0.647,0.008,0.0,0.0,19.8,1.3,0.0,
Assets/_Project/Audio/SFX/Weapons/sfx_wpn_ball_ricochet_03.ogg,sfx_wpn_ball_ricochet,3,weapons,placeholder,synth:whine dur=0.4 f0=3000 f1=1200 wobble=0 depth=0 + synth:tick dur=0.04 freq=3000,0.4,-2.2,-11.5,9.3,2269,0.648,0.008,0.0,0.0,19.8,1.5,0.0,
Assets/_Project/Audio/SFX/Weapons/sfx_wpn_ball_hit_flesh_01.ogg,sfx_wpn_ball_hit_flesh,1,weapons,library-cc0,kenney:impact-sounds/impactPunch_medium_* shift=1.2,0.237,-1.5,-15.8,14.3,209,0.001,0.0,0.0,0.467,19.8,21.2,0.0,
Assets/_Project/Audio/SFX/Weapons/sfx_wpn_ball_hit_flesh_02.ogg,sfx_wpn_ball_hit_flesh,2,weapons,library-cc0,kenney:impact-sounds/impactPunch_medium_* shift=1.2,0.223,-1.1,-15.2,14.1,216,0.0,0.0,0.0,0.42,19.3,22.7,0.0,
Assets/_Project/Audio/SFX/Weapons/sfx_wpn_ball_hit_stone_01.ogg,sfx_wpn_ball_hit_stone,1,weapons,library-cc0,kenney:impact-sounds/impactMining_* shift=1.4,0.482,-1.2,-19.2,17.9,150,0.004,0.001,0.001,0.983,19.7,9.6,0.0,
Assets/_Project/Audio/SFX/Weapons/sfx_wpn_ball_hit_stone_02.ogg,sfx_wpn_ball_hit_stone,2,weapons,library-cc0,kenney:impact-sounds/impactMining_* shift=1.4,0.447,-1.0,-19.6,18.5,202,0.011,0.001,0.002,0.956,21.1,7.0,0.0,
Assets/_Project/Audio/SFX/Weapons/sfx_wpn_fuse_light_01.ogg,sfx_wpn_fuse_light,1,weapons,placeholder,synth:whumph dur=0.3 size=2 + synth:hiss dur=0.3 low=3000 high=9000,0.3,-1.4,-14.0,12.6,4009,0.194,0.378,0.045,0.354,9.3,55.5,0.0,
Assets/_Project/Audio/SFX/Weapons/sfx_wpn_fuse_loop_01.ogg,sfx_wpn_fuse_loop,1,weapons,placeholder,synth:hiss dur=2 low=3000 high=10000 flutter=12 + synth:crackle dur=2 density=40 body=0,1.5,-1.2,-15.4,14.2,6912,0.261,0.606,0.126,0.0,9.3,595.5,0.0,
Assets/_Project/Audio/SFX/Weapons/sfx_wpn_explosion_small_01.ogg,sfx_wpn_explosion_small,1,weapons,placeholder,synth:explosion dur=2.5 size=0.8,2.417,-1.2,-11.6,10.4,59,0.001,0.0,0.0,0.97,20.4,3.9,0.0017,
Assets/_Project/Audio/SFX/Weapons/sfx_wpn_explosion_small_02.ogg,sfx_wpn_explosion_small,2,weapons,placeholder,synth:explosion dur=2.5 size=0.8,2.376,-1.2,-11.8,10.6,59,0.001,0.0,0.0,0.971,21.2,3.8,0.0002,
Assets/_Project/Audio/SFX/Weapons/sfx_wpn_explosion_large_01.ogg,sfx_wpn_explosion_large,1,weapons,placeholder,synth:explosion dur=4 size=1.6,4.0,-1.2,-10.0,8.8,49,0.001,0.0,0.0,0.86,20.7,21.8,0.0078,distorted: 0.8% of samples squashed against the peak
Assets/_Project/Audio/SFX/Weapons/sfx_wpn_explosion_large_02.ogg,sfx_wpn_explosion_large,2,weapons,placeholder,synth:explosion dur=4 size=1.6,4.0,-1.1,-11.0,9.9,57,0.001,0.0,0.0,0.979,19.4,2.6,0.0018,
Assets/_Project/Audio/SFX/Weapons/sfx_wpn_debris_01.ogg,sfx_wpn_debris,1,weapons,placeholder,synth:crumble dur=2 density=40 size=0.6,1.987,-1.2,-16.0,14.8,75,0.001,0.0,0.0,0.665,21.5,316.4,0.0,
Assets/_Project/Audio/SFX/Weapons/sfx_wpn_debris_02.ogg,sfx_wpn_debris,2,weapons,placeholder,synth:crumble dur=2 density=40 size=0.6,1.965,-1.2,-18.1,16.9,220,0.003,0.0,0.0,0.487,21.4,1068.1,0.0,
Assets/_Project/Audio/SFX/Weapons/sfx_wpn_caltrops_scatter_01.ogg,sfx_wpn_caltrops_scatter,1,weapons,library-cc0,kenney:casino-audio/chips-collide-* shift=0.8 + synth:rattle dur=0.5 density=40 freq=1500,0.5,-1.4,-17.8,16.4,2318,0.321,0.038,0.013,0.002,18.9,336.2,0.0,
Assets/_Project/Audio/SFX/Weapons/sfx_wpn_caltrops_scatter_02.ogg,sfx_wpn_caltrops_scatter,2,weapons,library-cc0,kenney:casino-audio/chips-collide-* shift=0.8 + synth:rattle dur=0.5 density=40 freq=1500,0.489,-1.3,-20.6,19.3,2121,0.36,0.045,0.017,0.003,19.1,169.8,0.0,
Assets/_Project/Audio/SFX/Weapons/sfx_wpn_caltrops_step_on_01.ogg,sfx_wpn_caltrops_step_on,1,weapons,library-cc0,synth:tick dur=0.05 freq=1400 noise=0.8 + kenney:impact-sounds/impactPunch_medium_* gain=-8,0.284,-1.9,-24.0,22.1,346,0.001,0.001,0.002,0.405,20.0,1.2,0.0,
Assets/_Project/Audio/SFX/Weapons/sfx_wpn_caltrops_step_on_02.ogg,sfx_wpn_caltrops_step_on,2,weapons,library-cc0,synth:tick dur=0.05 freq=1400 noise=0.8 + kenney:impact-sounds/impactPunch_medium_* gain=-8,0.267,-1.6,-23.0,21.4,402,0.001,0.001,0.003,0.399,19.7,1.3,0.0,
Assets/_Project/Audio/SFX/Weapons/sfx_wpn_equip_01.ogg,sfx_wpn_equip,1,weapons,library-cc0,kenney:rpg-audio/beltHandle*,0.228,-1.3,-24.5,23.2,10720,0.048,0.594,0.349,0.0,14.1,100.0,0.0,fizzy: 35% of energy above 10 kHz
Assets/_Project/Audio/SFX/Weapons/sfx_wpn_equip_02.ogg,sfx_wpn_equip,2,weapons,library-cc0,kenney:rpg-audio/beltHandle*,0.394,-1.5,-29.4,27.9,11127,0.126,0.341,0.519,0.0,15.0,192.8,0.0,"fizzy: 52% of energy above 10 kHz | level: -29.4 dB RMS, weapons sits at -26..-8"
Assets/_Project/Audio/SFX/Weapons/sfx_wpn_break_01.ogg,sfx_wpn_break,1,weapons,library-cc0,synth:metal_ring dur=0.6 freq=1100 clank=1.2 + kenney:impact-sounds/impactWood_medium_*,0.6,-2.4,-21.3,19.0,1632,0.106,0.009,0.012,0.007,22.2,1.4,0.0,
Assets/_Project/Audio/SFX/Weapons/sfx_wpn_break_02.ogg,sfx_wpn_break,2,weapons,library-cc0,synth:metal_ring dur=0.6 freq=1100 clank=1.2 + kenney:impact-sounds/impactWood_medium_*,0.6,-1.4,-20.9,19.5,1551,0.107,0.01,0.012,0.007,22.5,1.3,0.0,
Assets/_Project/Audio/Foley/foley_gear_linen_move_01.ogg,foley_gear_linen_move,1,foley,library-cc0,kenney:rpg-audio/cloth*,0.585,-1.3,-23.2,21.9,463,0.037,0.006,0.001,0.549,15.3,193.1,0.0,
Assets/_Project/Audio/Foley/foley_gear_linen_move_02.ogg,foley_gear_linen_move,2,foley,library-cc0,kenney:rpg-audio/cloth*,0.363,-1.1,-19.8,18.7,621,0.048,0.008,0.001,0.377,16.2,23.1,0.0,
Assets/_Project/Audio/Foley/foley_gear_linen_move_03.ogg,foley_gear_linen_move,3,foley,library-cc0,kenney:rpg-audio/cloth*,0.477,-1.4,-20.2,18.8,318,0.018,0.003,0.0,0.651,18.4,116.2,0.0,
Assets/_Project/Audio/Foley/foley_gear_linen_move_04.ogg,foley_gear_linen_move,4,foley,library-cc0,kenney:rpg-audio/cloth*,0.384,-1.4,-21.6,20.3,1108,0.079,0.038,0.014,0.248,16.9,60.8,0.0,
Assets/_Project/Audio/Foley/foley_gear_leather_move_01.ogg,foley_gear_leather_move,1,foley,library-cc0,kenney:rpg-audio/clothBelt* + kenney:rpg-audio/handleSmallLeather* gain=-6,0.698,-1.5,-28.8,27.4,5926,0.591,0.228,0.096,0.015,15.4,501.0,0.0,
Assets/_Project/Audio/Foley/foley_gear_leather_move_02.ogg,foley_gear_leather_move,2,foley,library-cc0,kenney:rpg-audio/clothBelt* + kenney:rpg-audio/handleSmallLeather* gain=-6,0.559,-1.9,-24.7,22.8,5863,0.368,0.284,0.135,0.046,14.7,50.7,0.0,
Assets/_Project/Audio/Foley/foley_gear_leather_move_03.ogg,foley_gear_leather_move,3,foley,library-cc0,kenney:rpg-audio/clothBelt* + kenney:rpg-audio/handleSmallLeather* gain=-6,0.665,-1.0,-28.1,27.1,6247,0.194,0.607,0.102,0.018,15.2,477.0,0.0,
Assets/_Project/Audio/Foley/foley_gear_leather_move_04.ogg,foley_gear_leather_move,4,foley,library-cc0,kenney:rpg-audio/clothBelt* + kenney:rpg-audio/handleSmallLeather* gain=-6,0.532,-1.5,-24.8,23.3,6045,0.197,0.453,0.134,0.042,14.4,54.1,0.0,
Assets/_Project/Audio/Foley/foley_gear_mail_move_01.ogg,foley_gear_mail_move,1,foley,library-cc0,synth:rattle dur=0.4 density=60 freq=3500 + kenney:rpg-audio/cloth* gain=-6,0.536,-1.1,-18.3,17.2,4811,0.632,0.232,0.06,0.002,18.1,163.4,0.0,
Assets/_Project/Audio/Foley/foley_gear_mail_move_02.ogg,foley_gear_mail_move,2,foley,library-cc0,synth:rattle dur=0.4 density=60 freq=3500 + kenney:rpg-audio/cloth* gain=-6,0.385,-1.3,-17.7,16.4,5132,0.576,0.265,0.095,0.001,18.6,30.9,0.0,"level: -17.7 dB RMS, foley sits at -32..-18"
Assets/_Project/Audio/Foley/foley_gear_mail_move_03.ogg,foley_gear_mail_move,3,foley,library-cc0,synth:rattle dur=0.4 density=60 freq=3500 + kenney:rpg-audio/cloth* gain=-6,0.426,-1.9,-17.7,15.8,5256,0.668,0.231,0.09,0.001,19.5,240.9,0.0,"level: -17.7 dB RMS, foley sits at -32..-18"
Assets/_Project/Audio/Foley/foley_gear_mail_move_04.ogg,foley_gear_mail_move,4,foley,library-cc0,synth:rattle dur=0.4 density=60 freq=3500 + kenney:rpg-audio/cloth* gain=-6,0.399,-1.9,-17.1,15.1,4799,0.689,0.228,0.062,0.0,19.1,93.9,0.0,"level: -17.1 dB RMS, foley sits at -32..-18"
Assets/_Project/Audio/Foley/foley_gear_plate_move_01.ogg,foley_gear_plate_move,1,foley,library-cc0,kenney:impact-sounds/impactPlate_light_* gain=-6 + synth:rattle dur=0.3 density=25 freq=1800,0.386,-1.0,-20.6,19.6,2828,0.379,0.121,0.023,0.004,18.5,160.3,0.0,
Assets/_Project/Audio/Foley/foley_gear_plate_move_02.ogg,foley_gear_plate_move,2,foley,library-cc0,kenney:impact-sounds/impactPlate_light_* gain=-6 + synth:rattle dur=0.3 density=25 freq=1800,0.54,-1.6,-23.3,21.7,2903,0.46,0.12,0.021,0.004,19.1,77.2,0.0,
Assets/_Project/Audio/Foley/foley_gear_plate_move_03.ogg,foley_gear_plate_move,3,foley,library-cc0,kenney:impact-sounds/impactPlate_light_* gain=-6 + synth:rattle dur=0.3 density=25 freq=1800,0.427,-1.4,-21.3,19.9,2325,0.364,0.037,0.013,0.003,19.3,73.3,0.0,
Assets/_Project/Audio/Foley/foley_gear_plate_move_04.ogg,foley_gear_plate_move,4,foley,library-cc0,kenney:impact-sounds/impactPlate_light_* gain=-6 + synth:rattle dur=0.3 density=25 freq=1800,0.465,-2.0,-22.1,20.1,3336,0.716,0.112,0.031,0.005,20.0,185.8,0.0,
Assets/_Project/Audio/Foley/foley_gear_bronze_plate_move_01.ogg,foley_gear_bronze_plate_move,1,foley,library-cc0,kenney:impact-sounds/impactBell_heavy_* shift=1.6 gain=-12 + synth:rattle dur=0.3 density=15 freq=900,0.715,-1.5,-22.7,21.2,1470,0.174,0.018,0.008,0.01,19.6,2.4,0.0,
Assets/_Project/Audio/Foley/foley_gear_bronze_plate_move_02.ogg,foley_gear_bronze_plate_move,2,foley,library-cc0,kenney:impact-sounds/impactBell_heavy_* shift=1.6 gain=-12 + synth:rattle dur=0.3 density=15 freq=900,0.86,-1.6,-24.3,22.7,1230,0.137,0.019,0.0,0.005,20.2,97.6,0.0,too long: 0.86 s for a foley one-shot (max 0.8)
Assets/_Project/Audio/Foley/foley_gear_bronze_plate_move_03.ogg,foley_gear_bronze_plate_move,3,foley,library-cc0,kenney:impact-sounds/impactBell_heavy_* shift=1.6 gain=-12 + synth:rattle dur=0.3 density=15 freq=900,0.321,-1.7,-20.5,18.9,1606,0.208,0.021,0.009,0.007,20.1,43.2,0.0,
Assets/_Project/Audio/Foley/foley_gear_bronze_plate_move_04.ogg,foley_gear_bronze_plate_move,4,foley,library-cc0,kenney:impact-sounds/impactBell_heavy_* shift=1.6 gain=-12 + synth:rattle dur=0.3 density=15 freq=900,0.316,-1.3,-19.5,18.2,1016,0.084,0.01,0.002,0.007,20.4,9.7,0.0,
Assets/_Project/Audio/Foley/foley_step_hound_01.ogg,foley_step_hound,1,foley,placeholder,synth:tick dur=0.05 freq=2500 noise=0.8 + synth:tick dur=0.05 freq=2300 noise=0.8,0.05,-1.5,-18.2,16.6,2749,0.968,0.01,0.021,0.0,19.8,3.4,0.0,
Assets/_Project/Audio/Foley/foley_step_hound_02.ogg,foley_step_hound,2,foley,placeholder,synth:tick dur=0.05 freq=2500 noise=0.8 + synth:tick dur=0.05 freq=2300 noise=0.8,0.05,-1.3,-18.5,17.2,2625,0.969,0.009,0.021,0.0,19.6,1.0,0.0,
Assets/_Project/Audio/Foley/foley_step_hound_03.ogg,foley_step_hound,3,foley,placeholder,synth:tick dur=0.05 freq=2500 noise=0.8 + synth:tick dur=0.05 freq=2300 noise=0.8,0.05,-2.4,-19.5,17.1,2582,0.969,0.009,0.018,0.0,19.9,1.2,0.0,
Assets/_Project/Audio/Foley/foley_step_hound_04.ogg,foley_step_hound,4,foley,placeholder,synth:tick dur=0.05 freq=2500 noise=0.8 + synth:tick dur=0.05 freq=2300 noise=0.8,0.05,-1.6,-18.6,17.0,3219,0.926,0.019,0.052,0.0,19.5,1.3,0.0,
Assets/_Project/Audio/Foley/foley_step_hound_05.ogg,foley_step_hound,5,foley,placeholder,synth:tick dur=0.05 freq=2500 noise=0.8 + synth:tick dur=0.05 freq=2300 noise=0.8,0.05,-1.7,-19.5,17.7,2727,0.966,0.011,0.021,0.0,19.4,1.2,0.0,
Assets/_Project/Audio/Foley/foley_step_hound_06.ogg,foley_step_hound,6,foley,placeholder,synth:tick dur=0.05 freq=2500 noise=0.8 + synth:tick dur=0.05 freq=2300 noise=0.8,0.05,-2.2,-20.3,18.1,2874,0.951,0.016,0.032,0.0,19.2,1.4,0.0,
Assets/_Project/Audio/SFX/Enemies/sfx_enemy_dendra_boar_tusk_rattle_01.ogg,sfx_enemy_dendra_boar_tusk_rattle,1,creatures,placeholder,synth:rattle dur=0.4 density=30 freq=1200 spread=0.3,0.382,-1.0,-17.7,16.6,1962,0.247,0.033,0.009,0.003,17.6,9.6,0.0,
Assets/_Project/Audio/SFX/Enemies/sfx_enemy_dendra_boar_tusk_rattle_02.ogg,sfx_enemy_dendra_boar_tusk_rattle,2,creatures,placeholder,synth:rattle dur=0.4 density=30 freq=1200 spread=0.3,0.396,-1.5,-17.7,16.2,1998,0.228,0.033,0.008,0.003,18.9,100.7,0.0,
Assets/_Project/Audio/SFX/Enemies/sfx_enemy_keeper_firepot_throw_01.ogg,sfx_enemy_keeper_firepot_throw,1,creatures,placeholder,synth:whoosh dur=0.4 f0=300 f1=1500 + synth:crackle dur=0.4 density=40 body=0,0.421,-1.9,-25.6,23.8,1889,0.204,0.092,0.006,0.009,13.6,189.9,0.0,
Assets/_Project/Audio/SFX/Enemies/sfx_enemy_keeper_firepot_throw_02.ogg,sfx_enemy_keeper_firepot_throw,2,creatures,placeholder,synth:whoosh dur=0.4 f0=300 f1=1500 + synth:crackle dur=0.4 density=40 body=0,0.431,-1.7,-23.9,22.2,1298,0.101,0.048,0.003,0.012,14.7,166.6,0.0,
Assets/_Project/Audio/SFX/Enemies/sfx_enemy_keeper_firepot_shatter_01.ogg,sfx_enemy_keeper_firepot_shatter,1,creatures,placeholder,synth:whumph dur=0.9 size=1.2 + kenney:impact-sounds/impactPlate_heavy_*,0.893,-1.2,-13.8,12.7,95,0.001,0.0,0.0,0.955,17.6,204.6,0.0,"level: -13.8 dB RMS, creatures sits at -28..-14"
Assets/_Project/Audio/SFX/Enemies/sfx_enemy_keeper_firepot_shatter_02.ogg,sfx_enemy_keeper_firepot_shatter,2,creatures,placeholder,synth:whumph dur=0.9 size=1.2 + kenney:impact-sounds/impactPlate_heavy_*,0.893,-1.5,-13.4,11.9,92,0.001,0.0,0.0,0.932,17.3,154.8,0.0,"level: -13.4 dB RMS, creatures sits at -28..-14"
Assets/_Project/Audio/SFX/Enemies/amb_enemy_lantern_creak_loop_01.ogg,amb_enemy_lantern_creak_loop,1,ambience,placeholder,synth:creak dur=2.5 rate=6 pitch=900 rise=1.1,2.0,-1.1,-33.4,32.3,1673,0.265,0.008,0.0,0.0,7.3,837.1,0.0,
Assets/_Project/Audio/SFX/Enemies/sfx_enemy_musket_rest_plant_01.ogg,sfx_enemy_musket_rest_plant,1,creatures,library-cc0,kenney:impact-sounds/impactPlank_medium_*,0.418,-1.2,-21.0,19.9,180,0.001,0.0,0.0,0.934,20.7,8.6,0.0,
Assets/_Project/Audio/SFX/Enemies/sfx_enemy_petard_plant_01.ogg,sfx_enemy_petard_plant,1,creatures,library-cc0,kenney:impact-sounds/impactMetal_heavy_* shift=0.8,0.21,-1.3,-21.1,19.8,1009,0.192,0.0,0.0,0.108,19.8,2.3,0.0,
Assets/_Project/Audio/VO/hound/vo_hound_pant_loop_01.ogg,vo_hound_pant_loop,1,creatures,placeholder,synth:hound dur=2.0 kind=pant,1.5,-1.3,-18.4,17.1,1807,0.327,0.015,0.0,0.001,12.1,357.6,0.0,
Assets/_Project/Audio/VO/hound/vo_hound_growl_01.ogg,vo_hound_growl,1,creatures,placeholder,synth:hound dur=1.0 kind=growl,1.0,-1.2,-17.2,16.0,485,0.023,0.002,0.0,0.255,19.0,921.6,0.0,
Assets/_Project/Audio/VO/hound/vo_hound_growl_02.ogg,vo_hound_growl,2,creatures,placeholder,synth:hound dur=1.0 kind=growl,1.0,-1.3,-15.8,14.5,423,0.02,0.002,0.0,0.351,19.2,921.2,0.0,
Assets/_Project/Audio/VO/hound/vo_hound_growl_03.ogg,vo_hound_growl,3,creatures,placeholder,synth:hound dur=1.0 kind=growl,1.0,-1.1,-14.8,13.7,346,0.015,0.001,0.0,0.469,20.0,683.1,0.0,
Assets/_Project/Audio/VO/hound/vo_hound_bark_01.ogg,vo_hound_bark,1,creatures,placeholder,synth:hound dur=0.35 kind=bark,0.35,-1.2,-10.5,9.3,740,0.043,0.001,0.0,0.066,21.6,107.8,0.0,"level: -10.5 dB RMS, creatures sits at -28..-14"
Assets/_Project/Audio/VO/hound/vo_hound_bark_02.ogg,vo_hound_bark,2,creatures,placeholder,synth:hound dur=0.35 kind=bark,0.35,-1.2,-9.0,7.8,414,0.013,0.0,0.0,0.022,22.0,276.1,0.0,"level: -9.0 dB RMS, creatures sits at -28..-14"
Assets/_Project/Audio/VO/hound/vo_hound_bark_03.ogg,vo_hound_bark,3,creatures,placeholder,synth:hound dur=0.35 kind=bark,0.35,-1.2,-10.7,9.6,742,0.044,0.001,0.0,0.066,21.6,110.8,0.0,"level: -10.7 dB RMS, creatures sits at -28..-14"
Assets/_Project/Audio/VO/hound/vo_hound_bark_04.ogg,vo_hound_bark,4,creatures,placeholder,synth:hound dur=0.35 kind=bark,0.35,-1.1,-9.8,8.7,388,0.014,0.0,0.0,0.022,22.1,58.1,0.0,"level: -9.8 dB RMS, creatures sits at -28..-14"
Assets/_Project/Audio/VO/hound/vo_hound_bite_01.ogg,vo_hound_bite,1,creatures,placeholder,synth:hound dur=0.3 kind=growl,0.3,-1.4,-12.9,11.5,286,0.011,0.001,0.0,0.586,21.3,42.8,0.0,"level: -12.9 dB RMS, creatures sits at -28..-14"
Assets/_Project/Audio/VO/hound/vo_hound_bite_02.ogg,vo_hound_bite,2,creatures,placeholder,synth:hound dur=0.3 kind=growl,0.3,-1.4,-14.8,13.3,759,0.045,0.004,0.0,0.001,18.7,233.2,0.0,
Assets/_Project/Audio/VO/hound/vo_hound_bite_03.ogg,vo_hound_bite,3,creatures,placeholder,synth:hound dur=0.3 kind=growl,0.3,-1.6,-16.7,15.1,917,0.054,0.005,0.0,0.0,18.4,207.3,0.0,
Assets/_Project/Audio/VO/hound/vo_hound_yelp_01.ogg,vo_hound_yelp,1,creatures,placeholder,synth:hound dur=0.3 kind=yelp,0.3,-1.2,-11.2,9.9,1784,0.279,0.002,0.0,0.0,20.4,140.7,0.0,"level: -11.2 dB RMS, creatures sits at -28..-14"
Assets/_Project/Audio/VO/hound/vo_hound_yelp_02.ogg,vo_hound_yelp,2,creatures,placeholder,synth:hound dur=0.3 kind=yelp,0.3,-1.3,-9.1,7.8,885,0.046,0.0,0.0,0.0,21.8,57.2,0.0,"level: -9.1 dB RMS, creatures sits at -28..-14"
Assets/_Project/Audio/VO/hound/vo_hound_yelp_03.ogg,vo_hound_yelp,3,creatures,placeholder,synth:hound dur=0.3 kind=yelp,0.3,-1.0,-14.9,13.9,2264,0.743,0.014,0.001,0.006,18.0,51.7,0.0,
Assets/_Project/Audio/VO/hound/vo_hound_howl_01.ogg,vo_hound_howl,1,creatures,placeholder,synth:hound dur=3.0 kind=howl,3.0,-1.2,-9.3,8.1,469,0.0,0.0,0.0,0.0,22.6,424.7,0.0,"level: -9.3 dB RMS, creatures sits at -28..-14"
Assets/_Project/Audio/VO/hound/vo_hound_whimper_grabbed_01.ogg,vo_hound_whimper_grabbed,1,creatures,placeholder,synth:hound dur=0.8 kind=yelp,0.8,-1.1,-10.4,9.3,875,0.048,0.0,0.0,0.0,22.6,617.3,0.0,"level: -10.4 dB RMS, creatures sits at -28..-14"
Assets/_Project/Audio/VO/hound/vo_hound_whimper_grabbed_02.ogg,vo_hound_whimper_grabbed,2,creatures,placeholder,synth:hound dur=0.8 kind=yelp,0.8,-1.1,-9.0,7.9,947,0.075,0.001,0.0,0.0,22.5,199.5,0.0,"level: -9.0 dB RMS, creatures sits at -28..-14"
Assets/_Project/Audio/VO/bronze/vo_bronze_levy_murmur_01.ogg,vo_bronze_levy_murmur,1,creatures,placeholder,synth:babble dur=2.0 pitch=130 mood=calm,2.0,-1.3,-14.3,13.0,576,0.026,0.002,0.0,0.018,21.1,872.6,0.0,
Assets/_Project/Audio/VO/bronze/vo_bronze_levy_murmur_02.ogg,vo_bronze_levy_murmur,2,creatures,placeholder,synth:babble dur=2.0 pitch=130 mood=calm,2.0,-1.1,-13.2,12.1,430,0.018,0.001,0.0,0.085,21.5,608.8,0.0,"level: -13.2 dB RMS, creatures sits at -28..-14"
Assets/_Project/Audio/VO/bronze/vo_bronze_levy_murmur_03.ogg,vo_bronze_levy_murmur,3,creatures,placeholder,synth:babble dur=2.0 pitch=130 mood=calm,2.0,-1.2,-12.0,10.8,378,0.014,0.001,0.0,0.078,21.7,610.9,0.0,"level: -12.0 dB RMS, creatures sits at -28..-14"
Assets/_Project/Audio/VO/bronze/vo_bronze_levy_murmur_04.ogg,vo_bronze_levy_murmur,4,creatures,placeholder,synth:babble dur=2.0 pitch=130 mood=calm,2.0,-1.1,-12.8,11.7,400,0.016,0.001,0.0,0.091,21.5,1614.5,0.0,"level: -12.8 dB RMS, creatures sits at -28..-14"
Assets/_Project/Audio/VO/bronze/vo_bronze_levy_alert_01.ogg,vo_bronze_levy_alert,1,creatures,placeholder,synth:babble dur=1.0 pitch=130 mood=alert,1.0,-1.1,-12.4,11.2,439,0.019,0.001,0.0,0.095,21.4,884.5,0.0,"level: -12.4 dB RMS, creatures sits at -28..-14"
Assets/_Project/Audio/VO/bronze/vo_bronze_levy_alert_02.ogg,vo_bronze_levy_alert,2,creatures,placeholder,synth:babble dur=1.0 pitch=130 mood=alert,1.0,-1.2,-11.5,10.2,374,0.014,0.001,0.0,0.168,22.1,285.5,0.0,"level: -11.5 dB RMS, creatures sits at -28..-14"
Assets/_Project/Audio/VO/bronze/vo_bronze_levy_alert_03.ogg,vo_bronze_levy_alert,3,creatures,placeholder,synth:babble dur=1.0 pitch=130 mood=alert,1.0,-1.1,-12.5,11.4,409,0.018,0.001,0.0,0.174,21.3,898.1,0.0,"level: -12.5 dB RMS, creatures sits at -28..-14"
Assets/_Project/Audio/VO/bronze/vo_bronze_levy_chase_01.ogg,vo_bronze_levy_chase,1,creatures,placeholder,synth:babble dur=1.2 pitch=130 mood=shout,1.2,-1.2,-11.5,10.3,440,0.016,0.001,0.0,0.117,21.7,1090.7,0.0,"level: -11.5 dB RMS, creatures sits at -28..-14"
Assets/_Project/Audio/VO/bronze/vo_bronze_levy_chase_02.ogg,vo_bronze_levy_chase,2,creatures,placeholder,synth:babble dur=1.2 pitch=130 mood=shout,1.2,-1.1,-11.7,10.6,687,0.032,0.002,0.0,0.001,21.0,928.0,0.0,"level: -11.7 dB RMS, creatures sits at -28..-14"
Assets/_Project/Audio/VO/bronze/vo_bronze_levy_chase_03.ogg,vo_bronze_levy_chase,3,creatures,placeholder,synth:babble dur=1.2 pitch=130 mood=shout,1.2,-1.3,-13.3,12.0,571,0.025,0.001,0.0,0.057,21.8,1112.1,0.0,"level: -13.3 dB RMS, creatures sits at -28..-14"
Assets/_Project/Audio/VO/bronze/vo_bronze_levy_search_01.ogg,vo_bronze_levy_search,1,creatures,placeholder,synth:babble dur=1.4 pitch=130 mood=calm,1.4,-1.2,-13.9,12.7,531,0.023,0.001,0.0,0.026,21.3,415.6,0.0,"level: -13.9 dB RMS, creatures sits at -28..-14"
Assets/_Project/Audio/VO/bronze/vo_bronze_levy_search_02.ogg,vo_bronze_levy_search,2,creatures,placeholder,synth:babble dur=1.4 pitch=130 mood=calm,1.4,-1.1,-12.8,11.7,722,0.037,0.002,0.0,0.0,21.2,388.6,0.0,"level: -12.8 dB RMS, creatures sits at -28..-14"
Assets/_Project/Audio/VO/bronze/vo_bronze_levy_lost_01.ogg,vo_bronze_levy_lost,1,creatures,placeholder,synth:babble dur=0.9 pitch=130 mood=calm,0.9,-1.1,-10.5,9.4,310,0.011,0.001,0.0,0.121,22.5,454.5,0.0,"level: -10.5 dB RMS, creatures sits at -28..-14"
Assets/_Project/Audio/VO/bronze/vo_bronze_levy_lost_02.ogg,vo_bronze_levy_lost,2,creatures,placeholder,synth:babble dur=0.9 pitch=130 mood=calm,0.9,-1.1,-10.4,9.4,308,0.011,0.001,0.0,0.121,22.5,758.4,0.0,"level: -10.4 dB RMS, creatures sits at -28..-14"
Assets/_Project/Audio/VO/bronze/vo_bronze_levy_attack_01.ogg,vo_bronze_levy_attack,1,creatures,placeholder,synth:babble dur=0.4 pitch=130 mood=grunt,0.4,-1.1,-12.2,11.2,730,0.036,0.002,0.0,0.0,20.9,198.9,0.0,"level: -12.2 dB RMS, creatures sits at -28..-14"
Assets/_Project/Audio/VO/bronze/vo_bronze_levy_attack_02.ogg,vo_bronze_levy_attack,2,creatures,placeholder,synth:babble dur=0.4 pitch=130 mood=grunt,0.4,-1.2,-11.1,9.9,358,0.012,0.001,0.0,0.105,21.9,53.6,0.0,"level: -11.1 dB RMS, creatures sits at -28..-14"
Assets/_Project/Audio/VO/bronze/vo_bronze_levy_attack_03.ogg,vo_bronze_levy_attack,3,creatures,placeholder,synth:babble dur=0.4 pitch=130 mood=grunt,0.4,-1.2,-12.7,11.5,472,0.019,0.001,0.0,0.036,21.2,53.4,0.0,"level: -12.7 dB RMS, creatures sits at -28..-14"
Assets/_Project/Audio/VO/bronze/vo_bronze_levy_hurt_01.ogg,vo_bronze_levy_hurt,1,creatures,placeholder,synth:babble dur=0.5 pitch=130 mood=pain,0.5,-1.0,-10.5,9.4,657,0.028,0.001,0.0,0.001,21.8,239.2,0.0,"level: -10.5 dB RMS, creatures sits at -28..-14"
Assets/_Project/Audio/VO/bronze/vo_bronze_levy_hurt_02.ogg,vo_bronze_levy_hurt,2,creatures,placeholder,synth:babble dur=0.5 pitch=130 mood=pain,0.5,-1.3,-9.9,8.5,350,0.012,0.0,0.0,0.398,22.1,253.6,0.0,"level: -9.9 dB RMS, creatures sits at -28..-14"
Assets/_Project/Audio/VO/bronze/vo_bronze_levy_hurt_03.ogg,vo_bronze_levy_hurt,3,creatures,placeholder,synth:babble dur=0.5 pitch=130 mood=pain,0.5,-1.2,-10.5,9.3,640,0.027,0.001,0.0,0.002,22.0,176.8,0.0,"level: -10.5 dB RMS, creatures sits at -28..-14"
Assets/_Project/Audio/VO/bronze/vo_bronze_levy_death_01.ogg,vo_bronze_levy_death,1,creatures,placeholder,synth:babble dur=1.0 pitch=130 mood=pain,1.0,-1.2,-13.0,11.8,459,0.022,0.001,0.0,0.321,21.6,158.1,0.0,"level: -13.0 dB RMS, creatures sits at -28..-14"
Assets/_Project/Audio/VO/bronze/vo_bronze_levy_death_02.ogg,vo_bronze_levy_death,2,creatures,placeholder,synth:babble dur=1.0 pitch=130 mood=pain,1.0,-1.4,-11.2,9.9,631,0.027,0.001,0.0,0.001,21.9,495.8,0.0,"level: -11.2 dB RMS, creatures sits at -28..-14"
Assets/_Project/Audio/VO/bronze/vo_bronze_levy_asleep_01.ogg,vo_bronze_levy_asleep,1,creatures,placeholder,synth:snore dur=3.0 pitch=65,2.5,-1.3,-20.7,19.4,185,0.004,0.001,0.001,0.459,15.7,537.9,0.0,
Assets/_Project/Audio/VO/bronze/vo_bronze_levy_asleep_02.ogg,vo_bronze_levy_asleep,2,creatures,placeholder,synth:snore dur=3.0 pitch=65,2.5,-1.4,-18.9,17.6,140,0.003,0.001,0.0,0.486,16.5,690.0,0.0,
Assets/_Project/Audio/VO/bronze/vo_bronze_levy_grabbed_01.ogg,vo_bronze_levy_grabbed,1,creatures,placeholder,synth:babble dur=1.0 pitch=130 mood=alert,1.0,-1.2,-12.9,11.7,439,0.019,0.001,0.0,0.165,21.5,682.5,0.0,"level: -12.9 dB RMS, creatures sits at -28..-14"
Assets/_Project/Audio/VO/bronze/vo_bronze_levy_grabbed_02.ogg,vo_bronze_levy_grabbed,2,creatures,placeholder,synth:babble dur=1.0 pitch=130 mood=alert,1.0,-1.2,-11.3,10.1,352,0.014,0.001,0.0,0.258,22.2,496.5,0.0,"level: -11.3 dB RMS, creatures sits at -28..-14"
Assets/_Project/Audio/VO/bronze/vo_bronze_levy_grabbed_03.ogg,vo_bronze_levy_grabbed,3,creatures,placeholder,synth:babble dur=1.0 pitch=130 mood=alert,1.0,-1.1,-12.7,11.6,435,0.019,0.001,0.0,0.208,21.3,495.6,0.0,"level: -12.7 dB RMS, creatures sits at -28..-14"
Assets/_Project/Audio/VO/bronze/vo_bronze_levy_thrown_01.ogg,vo_bronze_levy_thrown,1,creatures,placeholder,synth:babble dur=0.7 pitch=130 mood=shout,0.7,-1.3,-9.5,8.2,302,0.01,0.0,0.0,0.38,22.6,265.8,0.0,"level: -9.5 dB RMS, creatures sits at -28..-14"
Assets/_Project/Audio/VO/bronze/vo_bronze_levy_thrown_02.ogg,vo_bronze_levy_thrown,2,creatures,placeholder,synth:babble dur=0.7 pitch=130 mood=shout,0.7,-1.1,-10.3,9.2,343,0.012,0.001,0.0,0.302,22.4,254.3,0.0,"level: -10.3 dB RMS, creatures sits at -28..-14"
Assets/_Project/Audio/VO/bronze/vo_bronze_slinger_murmur_01.ogg,vo_bronze_slinger_murmur,1,creatures,placeholder,synth:babble dur=2.0 pitch=150 mood=calm,2.0,-1.2,-13.9,12.7,500,0.023,0.001,0.0,0.152,20.8,1105.9,0.0,"level: -13.9 dB RMS, creatures sits at -28..-14"
Assets/_Project/Audio/VO/bronze/vo_bronze_slinger_murmur_02.ogg,vo_bronze_slinger_murmur,2,creatures,placeholder,synth:babble dur=2.0 pitch=150 mood=calm,2.0,-1.1,-13.0,11.9,414,0.019,0.001,0.0,0.278,21.6,871.2,0.0,"level: -13.0 dB RMS, creatures sits at -28..-14"
Assets/_Project/Audio/VO/bronze/vo_bronze_slinger_murmur_03.ogg,vo_bronze_slinger_murmur,3,creatures,placeholder,synth:babble dur=2.0 pitch=150 mood=calm,2.0,-1.2,-12.9,11.7,444,0.018,0.001,0.0,0.142,21.5,1111.7,0.0,"level: -12.9 dB RMS, creatures sits at -28..-14"
Assets/_Project/Audio/VO/bronze/vo_bronze_slinger_murmur_04.ogg,vo_bronze_slinger_murmur,4,creatures,placeholder,synth:babble dur=2.0 pitch=150 mood=calm,2.0,-1.1,-13.0,11.9,440,0.019,0.001,0.0,0.199,20.9,1368.7,0.0,"level: -13.0 dB RMS, creatures sits at -28..-14"
Assets/_Project/Audio/VO/bronze/vo_bronze_slinger_alert_01.ogg,vo_bronze_slinger_alert,1,creatures,placeholder,synth:babble dur=1.0 pitch=150 mood=alert,1.0,-1.0,-13.5,12.5,454,0.021,0.001,0.0,0.513,21.3,481.4,0.0,"level: -13.5 dB RMS, creatures sits at -28..-14"
Assets/_Project/Audio/VO/bronze/vo_bronze_slinger_alert_02.ogg,vo_bronze_slinger_alert,2,creatures,placeholder,synth:babble dur=1.0 pitch=150 mood=alert,1.0,-1.2,-12.4,11.2,376,0.016,0.001,0.0,0.495,22.1,482.4,0.0,"level: -12.4 dB RMS, creatures sits at -28..-14"
Assets/_Project/Audio/VO/bronze/vo_bronze_slinger_alert_03.ogg,vo_bronze_slinger_alert,3,creatures,placeholder,synth:babble dur=1.0 pitch=150 mood=alert,1.0,-1.2,-11.5,10.4,409,0.016,0.001,0.0,0.246,22.1,886.4,0.0,"level: -11.5 dB RMS, creatures sits at -28..-14"
Assets/_Project/Audio/VO/bronze/vo_bronze_slinger_chase_01.ogg,vo_bronze_slinger_chase,1,creatures,placeholder,synth:babble dur=1.2 pitch=150 mood=shout,1.2,-1.2,-11.9,10.7,403,0.016,0.001,0.0,0.441,22.1,424.4,0.0,"level: -11.9 dB RMS, creatures sits at -28..-14"
Assets/_Project/Audio/VO/bronze/vo_bronze_slinger_chase_02.ogg,vo_bronze_slinger_chase,2,creatures,placeholder,synth:babble dur=1.2 pitch=150 mood=shout,1.2,-1.2,-13.2,12.0,526,0.024,0.001,0.0,0.351,21.4,261.4,0.0,"level: -13.2 dB RMS, creatures sits at -28..-14"
Assets/_Project/Audio/VO/bronze/vo_bronze_slinger_chase_03.ogg,vo_bronze_slinger_chase,3,creatures,placeholder,synth:babble dur=1.2 pitch=150 mood=shout,1.2,-1.2,-11.4,10.3,371,0.014,0.001,0.0,0.495,22.3,600.1,0.0,"level: -11.4 dB RMS, creatures sits at -28..-14"
Assets/_Project/Audio/VO/bronze/vo_bronze_slinger_search_01.ogg,vo_bronze_slinger_search,1,creatures,placeholder,synth:babble dur=1.4 pitch=150 mood=calm,1.4,-1.2,-12.3,11.1,463,0.019,0.001,0.0,0.088,21.0,418.0,0.0,"level: -12.3 dB RMS, creatures sits at -28..-14"
Assets/_Project/Audio/VO/bronze/vo_bronze_slinger_search_02.ogg,vo_bronze_slinger_search,2,creatures,placeholder,synth:babble dur=1.4 pitch=150 mood=calm,1.4,-1.1,-11.8,10.7,379,0.015,0.001,0.0,0.198,22.2,1251.8,0.0,"level: -11.8 dB RMS, creatures sits at -28..-14"
Assets/_Project/Audio/VO/bronze/vo_bronze_slinger_lost_01.ogg,vo_bronze_slinger_lost,1,creatures,placeholder,synth:babble dur=0.9 pitch=150 mood=calm,0.9,-1.1,-12.6,11.4,424,0.017,0.001,0.0,0.186,21.9,724.6,0.0,"level: -12.6 dB RMS, creatures sits at -28..-14"
Assets/_Project/Audio/VO/bronze/vo_bronze_slinger_lost_02.ogg,vo_bronze_slinger_lost,2,creatures,placeholder,synth:babble dur=0.9 pitch=150 mood=calm,0.9,-1.2,-10.3,9.1,314,0.012,0.0,0.0,0.288,22.8,439.0,0.0,"level: -10.3 dB RMS, creatures sits at -28..-14"
Assets/_Project/Audio/VO/bronze/vo_bronze_slinger_attack_01.ogg,vo_bronze_slinger_attack,1,creatures,placeholder,synth:babble dur=0.4 pitch=150 mood=grunt,0.4,-1.1,-12.1,11.0,687,0.032,0.002,0.0,0.001,21.0,333.0,0.0,"level: -12.1 dB RMS, creatures sits at -28..-14"
Assets/_Project/Audio/VO/bronze/vo_bronze_slinger_attack_02.ogg,vo_bronze_slinger_attack,2,creatures,placeholder,synth:babble dur=0.4 pitch=150 mood=grunt,0.4,-1.1,-12.6,11.6,451,0.02,0.001,0.0,0.26,21.3,324.0,0.0,"level: -12.6 dB RMS, creatures sits at -28..-14"
Assets/_Project/Audio/VO/bronze/vo_bronze_slinger_attack_03.ogg,vo_bronze_slinger_attack,3,creatures,placeholder,synth:babble dur=0.4 pitch=150 mood=grunt,0.4,-1.1,-11.9,10.8,858,0.044,0.002,0.0,0.0,20.7,190.6,0.0,"level: -11.9 dB RMS, creatures sits at -28..-14"
Assets/_Project/Audio/VO/bronze/vo_bronze_slinger_hurt_01.ogg,vo_bronze_slinger_hurt,1,creatures,placeholder,synth:babble dur=0.5 pitch=150 mood=pain,0.5,-1.3,-10.5,9.2,705,0.037,0.002,0.0,0.003,21.0,268.6,0.0,"level: -10.5 dB RMS, creatures sits at -28..-14"
Assets/_Project/Audio/VO/bronze/vo_bronze_slinger_hurt_02.ogg,vo_bronze_slinger_hurt,2,creatures,placeholder,synth:babble dur=0.5 pitch=150 mood=pain,0.5,-1.2,-10.1,8.9,290,0.008,0.0,0.0,0.796,22.3,245.5,0.0,"level: -10.1 dB RMS, creatures sits at -28..-14"
Assets/_Project/Audio/VO/bronze/vo_bronze_slinger_hurt_03.ogg,vo_bronze_slinger_hurt,3,creatures,placeholder,synth:babble dur=0.5 pitch=150 mood=pain,0.5,-1.1,-10.0,8.8,291,0.008,0.0,0.0,0.797,22.3,245.4,0.0,"level: -10.0 dB RMS, creatures sits at -28..-14"
Assets/_Project/Audio/VO/bronze/vo_bronze_slinger_death_01.ogg,vo_bronze_slinger_death,1,creatures,placeholder,synth:babble dur=1.0 pitch=150 mood=pain,1.0,-1.2,-10.4,9.1,302,0.009,0.0,0.0,0.754,22.3,472.3,0.0,"level: -10.4 dB RMS, creatures sits at -28..-14"
Assets/_Project/Audio/VO/bronze/vo_bronze_slinger_death_02.ogg,vo_bronze_slinger_death,2,creatures,placeholder,synth:babble dur=1.0 pitch=150 mood=pain,1.0,-1.1,-11.0,9.9,339,0.012,0.0,0.0,0.621,22.3,819.2,0.0,"level: -11.0 dB RMS, creatures sits at -28..-14"
Assets/_Project/Audio/VO/bronze/vo_bronze_slinger_asleep_01.ogg,vo_bronze_slinger_asleep,1,creatures,placeholder,synth:snore dur=3.0 pitch=75,2.5,-1.1,-20.3,19.2,116,0.003,0.001,0.001,0.497,16.7,563.8,0.0,
Assets/_Project/Audio/VO/bronze/vo_bronze_slinger_asleep_02.ogg,vo_bronze_slinger_asleep,2,creatures,placeholder,synth:snore dur=3.0 pitch=75,2.5,-1.0,-20.0,19.0,138,0.003,0.001,0.0,0.478,16.9,626.4,0.0,
Assets/_Project/Audio/VO/bronze/vo_bronze_slinger_grabbed_01.ogg,vo_bronze_slinger_grabbed,1,creatures,placeholder,synth:babble dur=1.0 pitch=150 mood=alert,1.0,-1.2,-11.0,9.8,335,0.012,0.001,0.0,0.432,22.2,688.9,0.0,"level: -11.0 dB RMS, creatures sits at -28..-14"
Assets/_Project/Audio/VO/bronze/vo_bronze_slinger_grabbed_02.ogg,vo_bronze_slinger_grabbed,2,creatures,placeholder,synth:babble dur=1.0 pitch=150 mood=alert,1.0,-1.2,-12.3,11.1,453,0.018,0.001,0.0,0.183,22.3,96.9,0.0,"level: -12.3 dB RMS, creatures sits at -28..-14"
Assets/_Project/Audio/VO/bronze/vo_bronze_slinger_grabbed_03.ogg,vo_bronze_slinger_grabbed,3,creatures,placeholder,synth:babble dur=1.0 pitch=150 mood=alert,1.0,-1.3,-12.8,11.5,393,0.016,0.001,0.0,0.486,21.8,481.4,0.0,"level: -12.8 dB RMS, creatures sits at -28..-14"
Assets/_Project/Audio/VO/bronze/vo_bronze_slinger_thrown_01.ogg,vo_bronze_slinger_thrown,1,creatures,placeholder,synth:babble dur=0.7 pitch=150 mood=shout,0.7,-1.0,-11.3,10.2,414,0.018,0.001,0.0,0.324,21.6,87.7,0.0,"level: -11.3 dB RMS, creatures sits at -28..-14"
Assets/_Project/Audio/VO/bronze/vo_bronze_slinger_thrown_02.ogg,vo_bronze_slinger_thrown,2,creatures,placeholder,synth:babble dur=0.7 pitch=150 mood=shout,0.7,-1.0,-9.8,8.8,324,0.013,0.001,0.0,0.562,22.0,600.0,0.0,"level: -9.8 dB RMS, creatures sits at -28..-14"
Assets/_Project/Audio/VO/bronze/vo_bronze_champion_murmur_01.ogg,vo_bronze_champion_murmur,1,creatures,placeholder,synth:babble dur=2.0 pitch=95 mood=calm,2.0,-1.0,-14.1,13.0,376,0.015,0.001,0.0,0.363,20.7,875.1,0.0,
Assets/_Project/Audio/VO/bronze/vo_bronze_champion_murmur_02.ogg,vo_bronze_champion_murmur,2,creatures,placeholder,synth:babble dur=2.0 pitch=95 mood=calm,2.0,-1.0,-14.1,13.1,379,0.016,0.001,0.0,0.383,20.3,1107.0,0.0,
Assets/_Project/Audio/VO/bronze/vo_bronze_champion_murmur_03.ogg,vo_bronze_champion_murmur,3,creatures,placeholder,synth:babble dur=2.0 pitch=95 mood=calm,2.0,-1.3,-14.3,13.1,358,0.015,0.001,0.0,0.472,20.3,1107.0,0.0,
Assets/_Project/Audio/VO/bronze/vo_bronze_champion_murmur_04.ogg,vo_bronze_champion_murmur,4,creatures,placeholder,synth:babble dur=2.0 pitch=95 mood=calm,2.0,-1.2,-15.3,14.1,427,0.018,0.001,0.0,0.303,19.9,609.4,0.0,
Assets/_Project/Audio/VO/bronze/vo_bronze_champion_alert_01.ogg,vo_bronze_champion_alert,1,creatures,placeholder,synth:babble dur=1.0 pitch=95 mood=alert,1.0,-1.1,-12.7,11.5,364,0.013,0.001,0.0,0.459,20.5,488.9,0.0,"level: -12.7 dB RMS, creatures sits at -28..-14"
Assets/_Project/Audio/VO/bronze/vo_bronze_champion_alert_02.ogg,vo_bronze_champion_alert,2,creatures,placeholder,synth:babble dur=1.0 pitch=95 mood=alert,1.0,-1.1,-14.4,13.3,520,0.023,0.002,0.0,0.135,20.2,91.6,0.0,
Assets/_Project/Audio/VO/bronze/vo_bronze_champion_alert_03.ogg,vo_bronze_champion_alert,3,creatures,placeholder,synth:babble dur=1.0 pitch=95 mood=alert,1.0,-1.2,-13.6,12.4,422,0.016,0.001,0.0,0.404,20.2,479.6,0.0,"level: -13.6 dB RMS, creatures sits at -28..-14"
Assets/_Project/Audio/VO/bronze/vo_bronze_champion_chase_01.ogg,vo_bronze_champion_chase,1,creatures,placeholder,synth:babble dur=1.2 pitch=95 mood=shout,1.2,-1.3,-13.2,11.9,458,0.019,0.001,0.0,0.197,20.9,420.7,0.0,"level: -13.2 dB RMS, creatures sits at -28..-14"
Assets/_Project/Audio/VO/bronze/vo_bronze_champion_chase_02.ogg,vo_bronze_champion_chase,2,creatures,placeholder,synth:babble dur=1.2 pitch=95 mood=shout,1.2,-1.2,-13.4,12.2,448,0.018,0.001,0.0,0.334,20.5,939.6,0.0,"level: -13.4 dB RMS, creatures sits at -28..-14"
Assets/_Project/Audio/VO/bronze/vo_bronze_champion_chase_03.ogg,vo_bronze_champion_chase,3,creatures,placeholder,synth:babble dur=1.2 pitch=95 mood=shout,1.2,-1.2,-12.0,10.8,362,0.012,0.001,0.0,0.416,20.6,81.9,0.0,"level: -12.0 dB RMS, creatures sits at -28..-14"
Assets/_Project/Audio/VO/bronze/vo_bronze_champion_search_01.ogg,vo_bronze_champion_search,1,creatures,placeholder,synth:babble dur=1.4 pitch=95 mood=calm,1.4,-1.2,-13.9,12.7,374,0.015,0.001,0.0,0.329,20.7,136.5,0.0,"level: -13.9 dB RMS, creatures sits at -28..-14"
Assets/_Project/Audio/VO/bronze/vo_bronze_champion_search_02.ogg,vo_bronze_champion_search,2,creatures,placeholder,synth:babble dur=1.4 pitch=95 mood=calm,1.4,-1.0,-13.6,12.6,684,0.035,0.003,0.0,0.001,19.9,1238.5,0.0,"level: -13.6 dB RMS, creatures sits at -28..-14"
Assets/_Project/Audio/VO/bronze/vo_bronze_champion_lost_01.ogg,vo_bronze_champion_lost,1,creatures,placeholder,synth:babble dur=0.9 pitch=95 mood=calm,0.9,-1.0,-13.1,12.1,343,0.013,0.001,0.0,0.411,20.7,135.5,0.0,"level: -13.1 dB RMS, creatures sits at -28..-14"
Assets/_Project/Audio/VO/bronze/vo_bronze_champion_lost_02.ogg,vo_bronze_champion_lost,2,creatures,placeholder,synth:babble dur=0.9 pitch=95 mood=calm,0.9,-1.2,-14.6,13.3,482,0.021,0.002,0.0,0.167,20.4,145.5,0.0,
Assets/_Project/Audio/VO/bronze/vo_bronze_champion_attack_01.ogg,vo_bronze_champion_attack,1,creatures,placeholder,synth:babble dur=0.4 pitch=95 mood=grunt,0.4,-1.1,-14.1,13.1,399,0.016,0.001,0.0,0.473,19.5,52.3,0.0,
Assets/_Project/Audio/VO/bronze/vo_bronze_champion_attack_02.ogg,vo_bronze_champion_attack,2,creatures,placeholder,synth:babble dur=0.4 pitch=95 mood=grunt,0.4,-1.1,-11.2,10.1,287,0.009,0.001,0.0,0.587,20.7,324.0,0.0,"level: -11.2 dB RMS, creatures sits at -28..-14"
Assets/_Project/Audio/VO/bronze/vo_bronze_champion_attack_03.ogg,vo_bronze_champion_attack,3,creatures,placeholder,synth:babble dur=0.4 pitch=95 mood=grunt,0.4,-1.1,-13.1,12.0,337,0.012,0.001,0.0,0.533,20.5,193.7,0.0,"level: -13.1 dB RMS, creatures sits at -28..-14"
Assets/_Project/Audio/VO/bronze/vo_bronze_champion_hurt_01.ogg,vo_bronze_champion_hurt,1,creatures,placeholder,synth:babble dur=0.5 pitch=95 mood=pain,0.5,-1.0,-9.9,8.9,291,0.01,0.0,0.0,0.259,22.5,246.1,0.0,"level: -9.9 dB RMS, creatures sits at -28..-14"
Assets/_Project/Audio/VO/bronze/vo_bronze_champion_hurt_02.ogg,vo_bronze_champion_hurt,2,creatures,placeholder,synth:babble dur=0.5 pitch=95 mood=pain,0.5,-1.2,-9.6,8.4,329,0.009,0.0,0.0,0.148,21.8,258.8,0.0,"level: -9.6 dB RMS, creatures sits at -28..-14"
Assets/_Project/Audio/VO/bronze/vo_bronze_champion_hurt_03.ogg,vo_bronze_champion_hurt,3,creatures,placeholder,synth:babble dur=0.5 pitch=95 mood=pain,0.5,-1.3,-12.0,10.8,674,0.034,0.002,0.0,0.001,20.4,233.1,0.0,"level: -12.0 dB RMS, creatures sits at -28..-14"
Assets/_Project/Audio/VO/bronze/vo_bronze_champion_death_01.ogg,vo_bronze_champion_death,1,creatures,placeholder,synth:babble dur=1.0 pitch=95 mood=pain,1.0,-1.1,-11.7,10.6,367,0.011,0.001,0.0,0.184,21.5,175.8,0.0,"level: -11.7 dB RMS, creatures sits at -28..-14"
Assets/_Project/Audio/VO/bronze/vo_bronze_champion_death_02.ogg,vo_bronze_champion_death,2,creatures,placeholder,synth:babble dur=1.0 pitch=95 mood=pain,1.0,-1.2,-12.1,10.9,373,0.012,0.001,0.0,0.194,21.0,158.9,0.0,"level: -12.1 dB RMS, creatures sits at -28..-14"
Assets/_Project/Audio/VO/bronze/vo_bronze_champion_asleep_01.ogg,vo_bronze_champion_asleep,1,creatures,placeholder,synth:snore dur=3.0 pitch=48,2.5,-1.0,-20.9,19.9,147,0.003,0.001,0.0,0.49,16.0,633.5,0.0,
Assets/_Project/Audio/VO/bronze/vo_bronze_champion_asleep_02.ogg,vo_bronze_champion_asleep,2,creatures,placeholder,synth:snore dur=3.0 pitch=48,2.5,-1.2,-19.8,18.7,150,0.003,0.001,0.0,0.523,15.9,667.3,0.0,
Assets/_Project/Audio/VO/bronze/vo_bronze_champion_grabbed_01.ogg,vo_bronze_champion_grabbed,1,creatures,placeholder,synth:babble dur=1.0 pitch=95 mood=alert,1.0,-1.1,-12.7,11.6,342,0.012,0.001,0.0,0.513,20.5,898.1,0.0,"level: -12.7 dB RMS, creatures sits at -28..-14"
Assets/_Project/Audio/VO/bronze/vo_bronze_champion_grabbed_02.ogg,vo_bronze_champion_grabbed,2,creatures,placeholder,synth:babble dur=1.0 pitch=95 mood=alert,1.0,-1.0,-14.1,13.1,409,0.017,0.001,0.0,0.37,20.4,101.8,0.0,
Assets/_Project/Audio/VO/bronze/vo_bronze_champion_grabbed_03.ogg,vo_bronze_champion_grabbed,3,creatures,placeholder,synth:babble dur=1.0 pitch=95 mood=alert,1.0,-1.2,-13.6,12.3,392,0.014,0.001,0.0,0.466,20.3,283.5,0.0,"level: -13.6 dB RMS, creatures sits at -28..-14"
Assets/_Project/Audio/VO/bronze/vo_bronze_champion_thrown_01.ogg,vo_bronze_champion_thrown,1,creatures,placeholder,synth:babble dur=0.7 pitch=95 mood=shout,0.7,-1.2,-13.2,11.9,473,0.019,0.001,0.0,0.155,20.9,249.3,0.0,"level: -13.2 dB RMS, creatures sits at -28..-14"
Assets/_Project/Audio/VO/bronze/vo_bronze_champion_thrown_02.ogg,vo_bronze_champion_thrown,2,creatures,placeholder,synth:babble dur=0.7 pitch=95 mood=shout,0.7,-1.0,-13.9,12.9,529,0.023,0.002,0.0,0.26,19.7,598.6,0.0,"level: -13.9 dB RMS, creatures sits at -28..-14"
Assets/_Project/Audio/VO/bronze/vo_bronze_keeper_murmur_01.ogg,vo_bronze_keeper_murmur,1,creatures,placeholder,synth:babble dur=2.0 pitch=115 mood=calm,2.0,-1.2,-12.6,11.4,345,0.013,0.001,0.0,0.418,21.1,1364.1,0.0,"level: -12.6 dB RMS, creatures sits at -28..-14"
Assets/_Project/Audio/VO/bronze/vo_bronze_keeper_murmur_02.ogg,vo_bronze_keeper_murmur,2,creatures,placeholder,synth:babble dur=2.0 pitch=115 mood=calm,2.0,-1.1,-13.4,12.3,420,0.016,0.001,0.0,0.256,20.7,1112.9,0.0,"level: -13.4 dB RMS, creatures sits at -28..-14"
Assets/_Project/Audio/VO/bronze/vo_bronze_keeper_murmur_03.ogg,vo_bronze_keeper_murmur,3,creatures,placeholder,synth:babble dur=2.0 pitch=115 mood=calm,2.0,-1.2,-13.0,11.8,369,0.015,0.001,0.0,0.411,21.1,365.4,0.0,"level: -13.0 dB RMS, creatures sits at -28..-14"
Assets/_Project/Audio/VO/bronze/vo_bronze_keeper_murmur_04.ogg,vo_bronze_keeper_murmur,4,creatures,placeholder,synth:babble dur=2.0 pitch=115 mood=calm,2.0,-1.1,-12.3,11.2,345,0.013,0.001,0.0,0.434,21.0,356.9,0.0,"level: -12.3 dB RMS, creatures sits at -28..-14"
Assets/_Project/Audio/VO/bronze/vo_bronze_keeper_alert_01.ogg,vo_bronze_keeper_alert,1,creatures,placeholder,synth:babble dur=1.0 pitch=115 mood=alert,1.0,-1.0,-12.9,11.8,721,0.037,0.002,0.0,0.001,20.8,481.9,0.0,"level: -12.9 dB RMS, creatures sits at -28..-14"
Assets/_Project/Audio/VO/bronze/vo_bronze_keeper_alert_02.ogg,vo_bronze_keeper_alert,2,creatures,placeholder,synth:babble dur=1.0 pitch=115 mood=alert,1.0,-1.0,-13.2,12.2,502,0.021,0.001,0.0,0.022,21.0,289.7,0.0,"level: -13.2 dB RMS, creatures sits at -28..-14"
Assets/_Project/Audio/VO/bronze/vo_bronze_keeper_alert_03.ogg,vo_bronze_keeper_alert,3,creatures,placeholder,synth:babble dur=1.0 pitch=115 mood=alert,1.0,-1.3,-13.6,12.3,514,0.022,0.001,0.0,0.023,20.7,288.8,0.0,"level: -13.6 dB RMS, creatures sits at -28..-14"
Assets/_Project/Audio/VO/bronze/vo_bronze_keeper_chase_01.ogg,vo_bronze_keeper_chase,1,creatures,placeholder,synth:babble dur=1.2 pitch=115 mood=shout,1.2,-1.2,-12.0,10.8,411,0.016,0.001,0.0,0.253,21.3,76.5,0.0,"level: -12.0 dB RMS, creatures sits at -28..-14"
Assets/_Project/Audio/VO/bronze/vo_bronze_keeper_chase_02.ogg,vo_bronze_keeper_chase,2,creatures,placeholder,synth:babble dur=1.2 pitch=115 mood=shout,1.2,-1.0,-12.8,11.8,562,0.025,0.001,0.0,0.03,20.9,420.5,0.0,"level: -12.8 dB RMS, creatures sits at -28..-14"
Assets/_Project/Audio/VO/bronze/vo_bronze_keeper_chase_03.ogg,vo_bronze_keeper_chase,3,creatures,placeholder,synth:babble dur=1.2 pitch=115 mood=shout,1.2,-1.3,-12.1,10.8,492,0.019,0.001,0.0,0.046,21.0,420.4,0.0,"level: -12.1 dB RMS, creatures sits at -28..-14"
Assets/_Project/Audio/VO/bronze/vo_bronze_keeper_search_01.ogg,vo_bronze_keeper_search,1,creatures,placeholder,synth:babble dur=1.4 pitch=115 mood=calm,1.4,-1.2,-13.2,11.9,410,0.015,0.001,0.0,0.285,20.9,410.4,0.0,"level: -13.2 dB RMS, creatures sits at -28..-14"
Assets/_Project/Audio/VO/bronze/vo_bronze_keeper_search_02.ogg,vo_bronze_keeper_search,2,creatures,placeholder,synth:babble dur=1.4 pitch=115 mood=calm,1.4,-1.2,-13.9,12.7,393,0.018,0.001,0.0,0.362,20.8,953.5,0.0,"level: -13.9 dB RMS, creatures sits at -28..-14"
Assets/_Project/Audio/VO/bronze/vo_bronze_keeper_lost_01.ogg,vo_bronze_keeper_lost,1,creatures,placeholder,synth:babble dur=0.9 pitch=115 mood=calm,0.9,-1.1,-14.2,13.1,412,0.018,0.001,0.0,0.433,21.1,146.4,0.0,
Assets/_Project/Audio/VO/bronze/vo_bronze_keeper_lost_02.ogg,vo_bronze_keeper_lost,2,creatures,placeholder,synth:babble dur=0.9 pitch=115 mood=calm,0.9,-1.3,-13.7,12.3,437,0.016,0.001,0.0,0.306,20.7,723.7,0.0,"level: -13.7 dB RMS, creatures sits at -28..-14"
Assets/_Project/Audio/VO/bronze/vo_bronze_keeper_attack_01.ogg,vo_bronze_keeper_attack,1,creatures,placeholder,synth:babble dur=0.4 pitch=115 mood=grunt,0.4,-1.1,-13.3,12.2,418,0.018,0.001,0.0,0.115,20.2,191.9,0.0,"level: -13.3 dB RMS, creatures sits at -28..-14"
Assets/_Project/Audio/VO/bronze/vo_bronze_keeper_attack_02.ogg,vo_bronze_keeper_attack,2,creatures,placeholder,synth:babble dur=0.4 pitch=115 mood=grunt,0.4,-1.1,-11.8,10.6,353,0.012,0.001,0.0,0.355,21.2,322.8,0.0,"level: -11.8 dB RMS, creatures sits at -28..-14"
Assets/_Project/Audio/VO/bronze/vo_bronze_keeper_attack_03.ogg,vo_bronze_keeper_attack,3,creatures,placeholder,synth:babble dur=0.4 pitch=115 mood=grunt,0.4,-1.3,-11.3,10.0,364,0.011,0.001,0.0,0.198,21.3,321.9,0.0,"level: -11.3 dB RMS, creatures sits at -28..-14"
Assets/_Project/Audio/VO/bronze/vo_bronze_keeper_hurt_01.ogg,vo_bronze_keeper_hurt,1,creatures,placeholder,synth:babble dur=0.5 pitch=115 mood=pain,0.5,-1.2,-12.2,10.9,859,0.044,0.002,0.0,0.0,20.4,259.5,0.0,"level: -12.2 dB RMS, creatures sits at -28..-14"
Assets/_Project/Audio/VO/bronze/vo_bronze_keeper_hurt_02.ogg,vo_bronze_keeper_hurt,2,creatures,placeholder,synth:babble dur=0.5 pitch=115 mood=pain,0.5,-1.1,-11.3,10.2,611,0.026,0.001,0.0,0.001,21.5,225.3,0.0,"level: -11.3 dB RMS, creatures sits at -28..-14"
Assets/_Project/Audio/VO/bronze/vo_bronze_keeper_hurt_03.ogg,vo_bronze_keeper_hurt,3,creatures,placeholder,synth:babble dur=0.5 pitch=115 mood=pain,0.5,-1.2,-11.2,10.0,609,0.026,0.001,0.0,0.001,21.5,242.5,0.0,"level: -11.2 dB RMS, creatures sits at -28..-14"
Assets/_Project/Audio/VO/bronze/vo_bronze_keeper_death_01.ogg,vo_bronze_keeper_death,1,creatures,placeholder,synth:babble dur=1.0 pitch=115 mood=pain,1.0,-1.1,-10.4,9.3,387,0.012,0.001,0.0,0.08,22.0,148.1,0.0,"level: -10.4 dB RMS, creatures sits at -28..-14"
Assets/_Project/Audio/VO/bronze/vo_bronze_keeper_death_02.ogg,vo_bronze_keeper_death,2,creatures,placeholder,synth:babble dur=1.0 pitch=115 mood=pain,1.0,-1.2,-12.2,11.0,486,0.02,0.001,0.0,0.133,21.5,503.2,0.0,"level: -12.2 dB RMS, creatures sits at -28..-14"
Assets/_Project/Audio/VO/bronze/vo_bronze_keeper_asleep_01.ogg,vo_bronze_keeper_asleep,1,creatures,placeholder,synth:snore dur=3.0 pitch=58,2.5,-1.1,-21.5,20.4,183,0.004,0.001,0.0,0.498,16.2,619.6,0.0,
Assets/_Project/Audio/VO/bronze/vo_bronze_keeper_asleep_02.ogg,vo_bronze_keeper_asleep,2,creatures,placeholder,synth:snore dur=3.0 pitch=58,2.5,-1.2,-19.8,18.6,130,0.003,0.001,0.0,0.52,16.3,669.1,0.0,
Assets/_Project/Audio/VO/bronze/vo_bronze_keeper_grabbed_01.ogg,vo_bronze_keeper_grabbed,1,creatures,placeholder,synth:babble dur=1.0 pitch=115 mood=alert,1.0,-1.2,-12.7,11.5,414,0.017,0.001,0.0,0.072,21.6,690.4,0.0,"level: -12.7 dB RMS, creatures sits at -28..-14"
Assets/_Project/Audio/VO/bronze/vo_bronze_keeper_grabbed_02.ogg,vo_bronze_keeper_grabbed,2,creatures,placeholder,synth:babble dur=1.0 pitch=115 mood=alert,1.0,-1.2,-12.9,11.7,441,0.017,0.001,0.0,0.136,21.0,895.9,0.0,"level: -12.9 dB RMS, creatures sits at -28..-14"
Assets/_Project/Audio/VO/bronze/vo_bronze_keeper_grabbed_03.ogg,vo_bronze_keeper_grabbed,3,creatures,placeholder,synth:babble dur=1.0 pitch=115 mood=alert,1.0,-1.2,-13.1,11.9,407,0.018,0.001,0.0,0.13,21.1,683.2,0.0,"level: -13.1 dB RMS, creatures sits at -28..-14"
Assets/_Project/Audio/VO/bronze/vo_bronze_keeper_thrown_01.ogg,vo_bronze_keeper_thrown,1,creatures,placeholder,synth:babble dur=0.7 pitch=115 mood=shout,0.7,-1.2,-10.9,9.6,412,0.013,0.001,0.0,0.073,21.5,607.7,0.0,"level: -10.9 dB RMS, creatures sits at -28..-14"
Assets/_Project/Audio/VO/bronze/vo_bronze_keeper_thrown_02.ogg,vo_bronze_keeper_thrown,2,creatures,placeholder,synth:babble dur=0.7 pitch=115 mood=shout,0.7,-1.1,-10.3,9.1,351,0.011,0.001,0.0,0.145,22.2,432.3,0.0,"level: -10.3 dB RMS, creatures sits at -28..-14"
Assets/_Project/Audio/VO/high/vo_high_warden_murmur_01.ogg,vo_high_warden_murmur,1,creatures,placeholder,synth:babble dur=2.0 pitch=120 mood=calm,2.0,-1.0,-13.4,12.4,423,0.017,0.001,0.0,0.252,21.0,1115.5,0.0,"level: -13.4 dB RMS, creatures sits at -28..-14"
Assets/_Project/Audio/VO/high/vo_high_warden_murmur_02.ogg,vo_high_warden_murmur,2,creatures,placeholder,synth:babble dur=2.0 pitch=120 mood=calm,2.0,-1.2,-14.2,13.0,459,0.019,0.001,0.0,0.18,21.1,359.9,0.0,
Assets/_Project/Audio/VO/high/vo_high_warden_murmur_03.ogg,vo_high_warden_murmur,3,creatures,placeholder,synth:babble dur=2.0 pitch=120 mood=calm,2.0,-1.2,-12.2,11.0,359,0.013,0.001,0.0,0.244,21.3,1363.0,0.0,"level: -12.2 dB RMS, creatures sits at -28..-14"
Assets/_Project/Audio/VO/high/vo_high_warden_murmur_04.ogg,vo_high_warden_murmur,4,creatures,placeholder,synth:babble dur=2.0 pitch=120 mood=calm,2.0,-1.1,-13.3,12.3,401,0.017,0.001,0.0,0.234,21.6,108.6,0.0,"level: -13.3 dB RMS, creatures sits at -28..-14"
Assets/_Project/Audio/VO/high/vo_high_warden_alert_01.ogg,vo_high_warden_alert,1,creatures,placeholder,synth:babble dur=1.0 pitch=120 mood=alert,1.0,-1.1,-11.1,10.0,391,0.013,0.001,0.0,0.085,21.5,901.2,0.0,"level: -11.1 dB RMS, creatures sits at -28..-14"
Assets/_Project/Audio/VO/high/vo_high_warden_alert_02.ogg,vo_high_warden_alert,2,creatures,placeholder,synth:babble dur=1.0 pitch=120 mood=alert,1.0,-1.1,-10.8,9.8,320,0.013,0.001,0.0,0.199,22.6,89.3,0.0,"level: -10.8 dB RMS, creatures sits at -28..-14"
Assets/_Project/Audio/VO/high/vo_high_warden_alert_03.ogg,vo_high_warden_alert,3,creatures,placeholder,synth:babble dur=1.0 pitch=120 mood=alert,1.0,-1.3,-12.9,11.6,423,0.017,0.001,0.0,0.108,21.5,895.1,0.0,"level: -12.9 dB RMS, creatures sits at -28..-14"
Assets/_Project/Audio/VO/high/vo_high_warden_chase_01.ogg,vo_high_warden_chase,1,creatures,placeholder,synth:babble dur=1.2 pitch=120 mood=shout,1.2,-1.1,-11.9,10.8,502,0.02,0.001,0.0,0.063,21.2,767.3,0.0,"level: -11.9 dB RMS, creatures sits at -28..-14"
Assets/_Project/Audio/VO/high/vo_high_warden_chase_02.ogg,vo_high_warden_chase,2,creatures,placeholder,synth:babble dur=1.2 pitch=120 mood=shout,1.2,-1.1,-11.9,10.7,423,0.017,0.001,0.0,0.145,21.2,1094.8,0.0,"level: -11.9 dB RMS, creatures sits at -28..-14"
Assets/_Project/Audio/VO/high/vo_high_warden_chase_03.ogg,vo_high_warden_chase,3,creatures,placeholder,synth:babble dur=1.2 pitch=120 mood=shout,1.2,-1.3,-11.9,10.6,427,0.016,0.001,0.0,0.11,21.3,747.1,0.0,"level: -11.9 dB RMS, creatures sits at -28..-14"
Assets/_Project/Audio/VO/high/vo_high_warden_search_01.ogg,vo_high_warden_search,1,creatures,placeholder,synth:babble dur=1.4 pitch=120 mood=calm,1.4,-1.2,-13.3,12.2,411,0.017,0.001,0.0,0.219,21.1,1231.1,0.0,"level: -13.3 dB RMS, creatures sits at -28..-14"
Assets/_Project/Audio/VO/high/vo_high_warden_search_02.ogg,vo_high_warden_search,2,creatures,placeholder,synth:babble dur=1.4 pitch=120 mood=calm,1.4,-1.2,-12.0,10.7,373,0.013,0.001,0.0,0.16,21.7,952.8,0.0,"level: -12.0 dB RMS, creatures sits at -28..-14"
Assets/_Project/Audio/VO/high/vo_high_warden_lost_01.ogg,vo_high_warden_lost,1,creatures,placeholder,synth:babble dur=0.9 pitch=120 mood=calm,0.9,-1.2,-12.9,11.7,433,0.016,0.001,0.0,0.093,21.8,421.2,0.0,"level: -12.9 dB RMS, creatures sits at -28..-14"
Assets/_Project/Audio/VO/high/vo_high_warden_lost_02.ogg,vo_high_warden_lost,2,creatures,placeholder,synth:babble dur=0.9 pitch=120 mood=calm,0.9,-1.0,-11.4,10.4,357,0.011,0.001,0.0,0.281,21.2,156.1,0.0,"level: -11.4 dB RMS, creatures sits at -28..-14"
Assets/_Project/Audio/VO/high/vo_high_warden_attack_01.ogg,vo_high_warden_attack,1,creatures,placeholder,synth:babble dur=0.4 pitch=120 mood=grunt,0.4,-1.0,-10.1,9.1,291,0.011,0.0,0.0,0.211,22.4,192.1,0.0,"level: -10.1 dB RMS, creatures sits at -28..-14"
Assets/_Project/Audio/VO/high/vo_high_warden_attack_02.ogg,vo_high_warden_attack,2,creatures,placeholder,synth:babble dur=0.4 pitch=120 mood=grunt,0.4,-1.3,-11.3,10.0,350,0.012,0.001,0.0,0.126,21.9,192.2,0.0,"level: -11.3 dB RMS, creatures sits at -28..-14"
Assets/_Project/Audio/VO/high/vo_high_warden_attack_03.ogg,vo_high_warden_attack,3,creatures,placeholder,synth:babble dur=0.4 pitch=120 mood=grunt,0.4,-1.2,-12.9,11.7,416,0.017,0.001,0.0,0.139,21.7,65.4,0.0,"level: -12.9 dB RMS, creatures sits at -28..-14"
Assets/_Project/Audio/VO/high/vo_high_warden_hurt_01.ogg,vo_high_warden_hurt,1,creatures,placeholder,synth:babble dur=0.5 pitch=120 mood=pain,0.5,-1.1,-10.8,9.7,645,0.027,0.001,0.0,0.001,21.2,222.9,0.0,"level: -10.8 dB RMS, creatures sits at -28..-14"
Assets/_Project/Audio/VO/high/vo_high_warden_hurt_02.ogg,vo_high_warden_hurt,2,creatures,placeholder,synth:babble dur=0.5 pitch=120 mood=pain,0.5,-1.1,-11.0,9.8,616,0.025,0.001,0.0,0.001,21.9,244.8,0.0,"level: -11.0 dB RMS, creatures sits at -28..-14"
Assets/_Project/Audio/VO/high/vo_high_warden_hurt_03.ogg,vo_high_warden_hurt,3,creatures,placeholder,synth:babble dur=0.5 pitch=120 mood=pain,0.5,-1.1,-9.9,8.7,269,0.011,0.0,0.0,0.586,22.5,238.8,0.0,"level: -9.9 dB RMS, creatures sits at -28..-14"
Assets/_Project/Audio/VO/high/vo_high_warden_death_01.ogg,vo_high_warden_death,1,creatures,placeholder,synth:babble dur=1.0 pitch=120 mood=pain,1.0,-1.2,-10.8,9.6,406,0.015,0.001,0.0,0.174,21.9,813.8,0.0,"level: -10.8 dB RMS, creatures sits at -28..-14"
Assets/_Project/Audio/VO/high/vo_high_warden_death_02.ogg,vo_high_warden_death,2,creatures,placeholder,synth:babble dur=1.0 pitch=120 mood=pain,1.0,-1.2,-10.7,9.5,395,0.013,0.001,0.0,0.16,22.1,149.3,0.0,"level: -10.7 dB RMS, creatures sits at -28..-14"
Assets/_Project/Audio/VO/high/vo_high_warden_asleep_01.ogg,vo_high_warden_asleep,1,creatures,placeholder,synth:snore dur=3.0 pitch=60,2.5,-1.2,-20.2,19.0,207,0.004,0.001,0.0,0.485,16.2,539.3,0.0,
Assets/_Project/Audio/VO/high/vo_high_warden_asleep_02.ogg,vo_high_warden_asleep,2,creatures,placeholder,synth:snore dur=3.0 pitch=60,2.5,-1.1,-22.1,21.0,161,0.004,0.001,0.0,0.504,16.1,564.6,0.0,
Assets/_Project/Audio/VO/high/vo_high_warden_grabbed_01.ogg,vo_high_warden_grabbed,1,creatures,placeholder,synth:babble dur=1.0 pitch=120 mood=alert,1.0,-1.0,-12.7,11.7,433,0.018,0.001,0.0,0.101,20.6,683.0,0.0,"level: -12.7 dB RMS, creatures sits at -28..-14"
Assets/_Project/Audio/VO/high/vo_high_warden_grabbed_02.ogg,vo_high_warden_grabbed,2,creatures,placeholder,synth:babble dur=1.0 pitch=120 mood=alert,1.0,-1.1,-11.1,10.0,341,0.012,0.001,0.0,0.149,22.2,689.8,0.0,"level: -11.1 dB RMS, creatures sits at -28..-14"
Assets/_Project/Audio/VO/high/vo_high_warden_grabbed_03.ogg,vo_high_warden_grabbed,3,creatures,placeholder,synth:babble dur=1.0 pitch=120 mood=alert,1.0,-1.1,-14.3,13.2,507,0.024,0.001,0.0,0.099,21.0,691.2,0.0,
Assets/_Project/Audio/VO/high/vo_high_warden_thrown_01.ogg,vo_high_warden_thrown,1,creatures,placeholder,synth:babble dur=0.7 pitch=120 mood=shout,0.7,-1.2,-11.4,10.2,429,0.016,0.001,0.0,0.053,20.5,602.7,0.0,"level: -11.4 dB RMS, creatures sits at -28..-14"
Assets/_Project/Audio/VO/high/vo_high_warden_thrown_02.ogg,vo_high_warden_thrown,2,creatures,placeholder,synth:babble dur=0.7 pitch=120 mood=shout,0.7,-1.3,-12.8,11.5,487,0.022,0.001,0.0,0.075,20.7,608.7,0.0,"level: -12.8 dB RMS, creatures sits at -28..-14"
Assets/_Project/Audio/VO/high/vo_high_crossbowman_murmur_01.ogg,vo_high_crossbowman_murmur,1,creatures,placeholder,synth:babble dur=2.0 pitch=140 mood=calm,2.0,-1.2,-13.3,12.1,511,0.022,0.001,0.0,0.037,21.0,362.7,0.0,"level: -13.3 dB RMS, creatures sits at -28..-14"
Assets/_Project/Audio/VO/high/vo_high_crossbowman_murmur_02.ogg,vo_high_crossbowman_murmur,2,creatures,placeholder,synth:babble dur=2.0 pitch=140 mood=calm,2.0,-1.2,-13.0,11.8,830,0.046,0.003,0.0,0.0,21.0,1879.4,0.0,"level: -13.0 dB RMS, creatures sits at -28..-14"
Assets/_Project/Audio/VO/high/vo_high_crossbowman_murmur_03.ogg,vo_high_crossbowman_murmur,3,creatures,placeholder,synth:babble dur=2.0 pitch=140 mood=calm,2.0,-1.2,-14.3,13.1,504,0.023,0.001,0.0,0.091,21.1,619.4,0.0,
Assets/_Project/Audio/VO/high/vo_high_crossbowman_murmur_04.ogg,vo_high_crossbowman_murmur,4,creatures,placeholder,synth:babble dur=2.0 pitch=140 mood=calm,2.0,-1.1,-13.4,12.3,516,0.022,0.001,0.0,0.037,21.1,128.5,0.0,"level: -13.4 dB RMS, creatures sits at -28..-14"
Assets/_Project/Audio/VO/high/vo_high_crossbowman_alert_01.ogg,vo_high_crossbowman_alert,1,creatures,placeholder,synth:babble dur=1.0 pitch=140 mood=alert,1.0,-1.2,-11.7,10.5,358,0.015,0.001,0.0,0.413,22.0,491.2,0.0,"level: -11.7 dB RMS, creatures sits at -28..-14"
Assets/_Project/Audio/VO/high/vo_high_crossbowman_alert_02.ogg,vo_high_crossbowman_alert,2,creatures,placeholder,synth:babble dur=1.0 pitch=140 mood=alert,1.0,-1.1,-11.6,10.5,391,0.015,0.001,0.0,0.24,22.0,682.7,0.0,"level: -11.6 dB RMS, creatures sits at -28..-14"
Assets/_Project/Audio/VO/high/vo_high_crossbowman_alert_03.ogg,vo_high_crossbowman_alert,3,creatures,placeholder,synth:babble dur=1.0 pitch=140 mood=alert,1.0,-1.2,-12.7,11.5,573,0.024,0.001,0.0,0.038,21.4,900.6,0.0,"level: -12.7 dB RMS, creatures sits at -28..-14"
Assets/_Project/Audio/VO/high/vo_high_crossbowman_chase_01.ogg,vo_high_crossbowman_chase,1,creatures,placeholder,synth:babble dur=1.2 pitch=140 mood=shout,1.2,-1.0,-11.5,10.4,448,0.016,0.001,0.0,0.172,22.0,76.7,0.0,"level: -11.5 dB RMS, creatures sits at -28..-14"
Assets/_Project/Audio/VO/high/vo_high_crossbowman_chase_02.ogg,vo_high_crossbowman_chase,2,creatures,placeholder,synth:babble dur=1.2 pitch=140 mood=shout,1.2,-1.2,-10.4,9.3,338,0.012,0.001,0.0,0.422,22.3,596.6,0.0,"level: -10.4 dB RMS, creatures sits at -28..-14"
Assets/_Project/Audio/VO/high/vo_high_crossbowman_chase_03.ogg,vo_high_crossbowman_chase,3,creatures,placeholder,synth:babble dur=1.2 pitch=140 mood=shout,1.2,-1.2,-11.3,10.1,395,0.014,0.001,0.0,0.278,22.0,756.3,0.0,"level: -11.3 dB RMS, creatures sits at -28..-14"
Assets/_Project/Audio/VO/high/vo_high_crossbowman_search_01.ogg,vo_high_crossbowman_search,1,creatures,placeholder,synth:babble dur=1.4 pitch=140 mood=calm,1.4,-1.0,-12.9,11.9,437,0.019,0.001,0.0,0.123,21.6,693.8,0.0,"level: -12.9 dB RMS, creatures sits at -28..-14"
Assets/_Project/Audio/VO/high/vo_high_crossbowman_search_02.ogg,vo_high_crossbowman_search,2,creatures,placeholder,synth:babble dur=1.4 pitch=140 mood=calm,1.4,-1.1,-12.7,11.5,423,0.017,0.001,0.0,0.117,21.4,686.4,0.0,"level: -12.7 dB RMS, creatures sits at -28..-14"
Assets/_Project/Audio/VO/high/vo_high_crossbowman_lost_01.ogg,vo_high_crossbowman_lost,1,creatures,placeholder,synth:babble dur=0.9 pitch=140 mood=calm,0.9,-1.0,-13.1,12.1,446,0.021,0.001,0.0,0.139,21.1,742.5,0.0,"level: -13.1 dB RMS, creatures sits at -28..-14"
Assets/_Project/Audio/VO/high/vo_high_crossbowman_lost_02.ogg,vo_high_crossbowman_lost,2,creatures,placeholder,synth:babble dur=0.9 pitch=140 mood=calm,0.9,-1.0,-12.6,11.6,480,0.02,0.001,0.0,0.043,21.1,141.0,0.0,"level: -12.6 dB RMS, creatures sits at -28..-14"
Assets/_Project/Audio/VO/high/vo_high_crossbowman_attack_01.ogg,vo_high_crossbowman_attack,1,creatures,placeholder,synth:babble dur=0.4 pitch=140 mood=grunt,0.4,-1.2,-12.4,11.2,427,0.018,0.001,0.0,0.156,21.9,69.6,0.0,"level: -12.4 dB RMS, creatures sits at -28..-14"
Assets/_Project/Audio/VO/high/vo_high_crossbowman_attack_02.ogg,vo_high_crossbowman_attack,2,creatures,placeholder,synth:babble dur=0.4 pitch=140 mood=grunt,0.4,-1.4,-10.0,8.6,296,0.011,0.0,0.0,0.302,22.6,191.1,0.0001,"level: -10.0 dB RMS, creatures sits at -28..-14"
Assets/_Project/Audio/VO/high/vo_high_crossbowman_attack_03.ogg,vo_high_crossbowman_attack,3,creatures,placeholder,synth:babble dur=0.4 pitch=140 mood=grunt,0.4,-1.0,-11.9,10.9,478,0.019,0.001,0.0,0.051,21.5,49.8,0.0,"level: -11.9 dB RMS, creatures sits at -28..-14"
Assets/_Project/Audio/VO/high/vo_high_crossbowman_hurt_01.ogg,vo_high_crossbowman_hurt,1,creatures,placeholder,synth:babble dur=0.5 pitch=140 mood=pain,0.5,-1.2,-9.9,8.6,658,0.033,0.001,0.0,0.003,21.3,201.0,0.0,"level: -9.9 dB RMS, creatures sits at -28..-14"
Assets/_Project/Audio/VO/high/vo_high_crossbowman_hurt_02.ogg,vo_high_crossbowman_hurt,2,creatures,placeholder,synth:babble dur=0.5 pitch=140 mood=pain,0.5,-1.2,-11.9,10.6,889,0.051,0.002,0.0,0.0,20.8,247.3,0.0,"level: -11.9 dB RMS, creatures sits at -28..-14"
Assets/_Project/Audio/VO/high/vo_high_crossbowman_hurt_03.ogg,vo_high_crossbowman_hurt,3,creatures,placeholder,synth:babble dur=0.5 pitch=140 mood=pain,0.5,-1.4,-11.7,10.3,896,0.054,0.002,0.0,0.0,20.9,247.4,0.0,"level: -11.7 dB RMS, creatures sits at -28..-14"
Assets/_Project/Audio/VO/high/vo_high_crossbowman_death_01.ogg,vo_high_crossbowman_death,1,creatures,placeholder,synth:babble dur=1.0 pitch=140 mood=pain,1.0,-1.2,-12.6,11.4,436,0.017,0.001,0.0,0.532,22.0,464.5,0.0,"level: -12.6 dB RMS, creatures sits at -28..-14"
Assets/_Project/Audio/VO/high/vo_high_crossbowman_death_02.ogg,vo_high_crossbowman_death,2,creatures,placeholder,synth:babble dur=1.0 pitch=140 mood=pain,1.0,-1.2,-11.9,10.7,504,0.022,0.001,0.0,0.174,21.0,829.4,0.0,"level: -11.9 dB RMS, creatures sits at -28..-14"
Assets/_Project/Audio/VO/high/vo_high_crossbowman_asleep_01.ogg,vo_high_crossbowman_asleep,1,creatures,placeholder,synth:snore dur=3.0 pitch=70,2.5,-1.0,-19.5,18.5,158,0.003,0.001,0.0,0.518,16.9,600.3,0.0,
Assets/_Project/Audio/VO/high/vo_high_crossbowman_asleep_02.ogg,vo_high_crossbowman_asleep,2,creatures,placeholder,synth:snore dur=3.0 pitch=70,2.5,-1.0,-20.7,19.7,171,0.004,0.001,0.001,0.499,16.4,643.7,0.0,
Assets/_Project/Audio/VO/high/vo_high_crossbowman_grabbed_01.ogg,vo_high_crossbowman_grabbed,1,creatures,placeholder,synth:babble dur=1.0 pitch=140 mood=alert,1.0,-1.1,-12.4,11.3,545,0.023,0.001,0.0,0.035,21.4,880.4,0.0,"level: -12.4 dB RMS, creatures sits at -28..-14"
Assets/_Project/Audio/VO/high/vo_high_crossbowman_grabbed_02.ogg,vo_high_crossbowman_grabbed,2,creatures,placeholder,synth:babble dur=1.0 pitch=140 mood=alert,1.0,-1.0,-13.1,12.1,486,0.022,0.001,0.0,0.252,21.4,289.2,0.0,"level: -13.1 dB RMS, creatures sits at -28..-14"
Assets/_Project/Audio/VO/high/vo_high_crossbowman_grabbed_03.ogg,vo_high_crossbowman_grabbed,3,creatures,placeholder,synth:babble dur=1.0 pitch=140 mood=alert,1.0,-1.0,-11.4,10.4,351,0.015,0.001,0.0,0.4,22.2,684.0,0.0,"level: -11.4 dB RMS, creatures sits at -28..-14"
Assets/_Project/Audio/VO/high/vo_high_crossbowman_thrown_01.ogg,vo_high_crossbowman_thrown,1,creatures,placeholder,synth:babble dur=0.7 pitch=140 mood=shout,0.7,-1.2,-11.3,10.2,360,0.015,0.001,0.0,0.543,21.2,252.2,0.0,"level: -11.3 dB RMS, creatures sits at -28..-14"
Assets/_Project/Audio/VO/high/vo_high_crossbowman_thrown_02.ogg,vo_high_crossbowman_thrown,2,creatures,placeholder,synth:babble dur=0.7 pitch=140 mood=shout,0.7,-1.3,-11.6,10.3,523,0.021,0.001,0.0,0.198,21.8,429.8,0.0,"level: -11.6 dB RMS, creatures sits at -28..-14"
Assets/_Project/Audio/VO/high/vo_high_knight_murmur_01.ogg,vo_high_knight_murmur,1,creatures,placeholder,synth:babble dur=2.0 pitch=100 mood=calm,2.0,-1.2,-15.6,14.4,468,0.022,0.001,0.0,0.314,20.4,361.5,0.0,
Assets/_Project/Audio/VO/high/vo_high_knight_murmur_02.ogg,vo_high_knight_murmur,2,creatures,placeholder,synth:babble dur=2.0 pitch=100 mood=calm,2.0,-1.3,-14.1,12.8,372,0.015,0.001,0.0,0.463,20.1,1869.6,0.0,
Assets/_Project/Audio/VO/high/vo_high_knight_murmur_03.ogg,vo_high_knight_murmur,3,creatures,placeholder,synth:babble dur=2.0 pitch=100 mood=calm,2.0,-1.1,-15.1,14.0,454,0.02,0.001,0.0,0.343,20.1,858.5,0.0,
Assets/_Project/Audio/VO/high/vo_high_knight_murmur_04.ogg,vo_high_knight_murmur,4,creatures,placeholder,synth:babble dur=2.0 pitch=100 mood=calm,2.0,-1.3,-15.4,14.1,435,0.019,0.001,0.0,0.377,19.8,609.8,0.0,
Assets/_Project/Audio/VO/high/vo_high_knight_alert_01.ogg,vo_high_knight_alert,1,creatures,placeholder,synth:babble dur=1.0 pitch=100 mood=alert,1.0,-1.2,-12.7,11.5,343,0.012,0.001,0.0,0.498,21.0,886.5,0.0,"level: -12.7 dB RMS, creatures sits at -28..-14"
Assets/_Project/Audio/VO/high/vo_high_knight_alert_02.ogg,vo_high_knight_alert,2,creatures,placeholder,synth:babble dur=1.0 pitch=100 mood=alert,1.0,-1.1,-13.6,12.6,388,0.016,0.001,0.0,0.49,21.1,903.4,0.0,"level: -13.6 dB RMS, creatures sits at -28..-14"
Assets/_Project/Audio/VO/high/vo_high_knight_alert_03.ogg,vo_high_knight_alert,3,creatures,placeholder,synth:babble dur=1.0 pitch=100 mood=alert,1.0,-1.1,-12.4,11.2,359,0.013,0.001,0.0,0.376,20.2,686.0,0.0,"level: -12.4 dB RMS, creatures sits at -28..-14"
Assets/_Project/Audio/VO/high/vo_high_knight_chase_01.ogg,vo_high_knight_chase,1,creatures,placeholder,synth:babble dur=1.2 pitch=100 mood=shout,1.2,-1.1,-13.4,12.3,485,0.022,0.001,0.0,0.174,19.9,597.2,0.0,"level: -13.4 dB RMS, creatures sits at -28..-14"
Assets/_Project/Audio/VO/high/vo_high_knight_chase_02.ogg,vo_high_knight_chase,2,creatures,placeholder,synth:babble dur=1.2 pitch=100 mood=shout,1.2,-1.1,-12.9,11.8,460,0.019,0.001,0.0,0.074,20.4,580.9,0.0,"level: -12.9 dB RMS, creatures sits at -28..-14"
Assets/_Project/Audio/VO/high/vo_high_knight_chase_03.ogg,vo_high_knight_chase,3,creatures,placeholder,synth:babble dur=1.2 pitch=100 mood=shout,1.2,-1.2,-11.9,10.7,349,0.014,0.001,0.0,0.332,21.9,1105.5,0.0,"level: -11.9 dB RMS, creatures sits at -28..-14"
Assets/_Project/Audio/VO/high/vo_high_knight_search_01.ogg,vo_high_knight_search,1,creatures,placeholder,synth:babble dur=1.4 pitch=100 mood=calm,1.4,-1.1,-14.3,13.2,443,0.019,0.001,0.0,0.32,19.9,415.5,0.0,
Assets/_Project/Audio/VO/high/vo_high_knight_search_02.ogg,vo_high_knight_search,2,creatures,placeholder,synth:babble dur=1.4 pitch=100 mood=calm,1.4,-1.1,-15.9,14.7,477,0.023,0.002,0.0,0.373,20.1,1240.6,0.0,
Assets/_Project/Audio/VO/high/vo_high_knight_lost_01.ogg,vo_high_knight_lost,1,creatures,placeholder,synth:babble dur=0.9 pitch=100 mood=calm,0.9,-1.3,-12.8,11.5,311,0.011,0.001,0.0,0.618,21.8,726.4,0.0,"level: -12.8 dB RMS, creatures sits at -28..-14"
Assets/_Project/Audio/VO/high/vo_high_knight_lost_02.ogg,vo_high_knight_lost,2,creatures,placeholder,synth:babble dur=0.9 pitch=100 mood=calm,0.9,-1.1,-12.9,11.8,647,0.032,0.002,0.0,0.002,20.9,748.5,0.0,"level: -12.9 dB RMS, creatures sits at -28..-14"
Assets/_Project/Audio/VO/high/vo_high_knight_attack_01.ogg,vo_high_knight_attack,1,creatures,placeholder,synth:babble dur=0.4 pitch=100 mood=grunt,0.4,-1.2,-13.6,12.5,755,0.039,0.003,0.0,0.001,19.2,59.2,0.0,"level: -13.6 dB RMS, creatures sits at -28..-14"
Assets/_Project/Audio/VO/high/vo_high_knight_attack_02.ogg,vo_high_knight_attack,2,creatures,placeholder,synth:babble dur=0.4 pitch=100 mood=grunt,0.4,-1.2,-12.4,11.2,366,0.012,0.001,0.0,0.467,19.7,192.9,0.0,"level: -12.4 dB RMS, creatures sits at -28..-14"
Assets/_Project/Audio/VO/high/vo_high_knight_attack_03.ogg,vo_high_knight_attack,3,creatures,placeholder,synth:babble dur=0.4 pitch=100 mood=grunt,0.4,-1.0,-13.7,12.7,440,0.016,0.001,0.0,0.385,19.8,182.8,0.0,"level: -13.7 dB RMS, creatures sits at -28..-14"
Assets/_Project/Audio/VO/high/vo_high_knight_hurt_01.ogg,vo_high_knight_hurt,1,creatures,placeholder,synth:babble dur=0.5 pitch=100 mood=pain,0.5,-1.2,-11.8,10.6,628,0.029,0.002,0.0,0.001,20.6,235.2,0.0,"level: -11.8 dB RMS, creatures sits at -28..-14"
Assets/_Project/Audio/VO/high/vo_high_knight_hurt_02.ogg,vo_high_knight_hurt,2,creatures,placeholder,synth:babble dur=0.5 pitch=100 mood=pain,0.5,-1.2,-12.1,10.9,680,0.033,0.002,0.0,0.001,21.1,256.1,0.0,"level: -12.1 dB RMS, creatures sits at -28..-14"
Assets/_Project/Audio/VO/high/vo_high_knight_hurt_03.ogg,vo_high_knight_hurt,3,creatures,placeholder,synth:babble dur=0.5 pitch=100 mood=pain,0.5,-1.1,-11.5,10.4,630,0.029,0.002,0.0,0.001,20.5,235.2,0.0,"level: -11.5 dB RMS, creatures sits at -28..-14"
Assets/_Project/Audio/VO/high/vo_high_knight_death_01.ogg,vo_high_knight_death,1,creatures,placeholder,synth:babble dur=1.0 pitch=100 mood=pain,1.0,-1.3,-12.3,11.1,654,0.031,0.002,0.0,0.001,21.1,492.6,0.0,"level: -12.3 dB RMS, creatures sits at -28..-14"
Assets/_Project/Audio/VO/high/vo_high_knight_death_02.ogg,vo_high_knight_death,2,creatures,placeholder,synth:babble dur=1.0 pitch=100 mood=pain,1.0,-1.3,-11.7,10.4,335,0.013,0.001,0.0,0.362,21.9,152.3,0.0,"level: -11.7 dB RMS, creatures sits at -28..-14"
Assets/_Project/Audio/VO/high/vo_high_knight_asleep_01.ogg,vo_high_knight_asleep,1,creatures,placeholder,synth:snore dur=3.0 pitch=50,2.5,-1.5,-22.2,20.8,196,0.004,0.001,0.0,0.512,16.1,460.1,0.0,
Assets/_Project/Audio/VO/high/vo_high_knight_asleep_02.ogg,vo_high_knight_asleep,2,creatures,placeholder,synth:snore dur=3.0 pitch=50,2.5,-1.2,-21.2,20.1,120,0.002,0.0,0.0,0.521,16.3,643.4,0.0,
Assets/_Project/Audio/VO/high/vo_high_knight_grabbed_01.ogg,vo_high_knight_grabbed,1,creatures,placeholder,synth:babble dur=1.0 pitch=100 mood=alert,1.0,-1.2,-12.7,11.5,358,0.012,0.001,0.0,0.46,20.9,87.6,0.0,"level: -12.7 dB RMS, creatures sits at -28..-14"
Assets/_Project/Audio/VO/high/vo_high_knight_grabbed_02.ogg,vo_high_knight_grabbed,2,creatures,placeholder,synth:babble dur=1.0 pitch=100 mood=alert,1.0,-1.0,-13.5,12.5,397,0.015,0.001,0.0,0.374,20.0,884.8,0.0,"level: -13.5 dB RMS, creatures sits at -28..-14"
Assets/_Project/Audio/VO/high/vo_high_knight_grabbed_03.ogg,vo_high_knight_grabbed,3,creatures,placeholder,synth:babble dur=1.0 pitch=100 mood=alert,1.0,-1.2,-13.3,12.1,400,0.016,0.001,0.0,0.32,20.9,489.8,0.0,"level: -13.3 dB RMS, creatures sits at -28..-14"
Assets/_Project/Audio/VO/high/vo_high_knight_thrown_01.ogg,vo_high_knight_thrown,1,creatures,placeholder,synth:babble dur=0.7 pitch=100 mood=shout,0.7,-1.2,-11.9,10.7,393,0.015,0.001,0.0,0.26,20.4,425.2,0.0,"level: -11.9 dB RMS, creatures sits at -28..-14"
Assets/_Project/Audio/VO/high/vo_high_knight_thrown_02.ogg,vo_high_knight_thrown,2,creatures,placeholder,synth:babble dur=0.7 pitch=100 mood=shout,0.7,-1.2,-12.0,10.9,374,0.013,0.001,0.0,0.316,21.6,84.8,0.0,"level: -12.0 dB RMS, creatures sits at -28..-14"
Assets/_Project/Audio/VO/late/vo_late_halberdier_murmur_01.ogg,vo_late_halberdier_murmur,1,creatures,placeholder,synth:babble dur=2.0 pitch=125 mood=calm,2.0,-1.3,-11.6,10.4,330,0.013,0.001,0.0,0.177,22.1,1370.8,0.0,"level: -11.6 dB RMS, creatures sits at -28..-14"
Assets/_Project/Audio/VO/late/vo_late_halberdier_murmur_02.ogg,vo_late_halberdier_murmur,2,creatures,placeholder,synth:babble dur=2.0 pitch=125 mood=calm,2.0,-1.1,-12.7,11.6,385,0.016,0.001,0.0,0.129,21.7,1376.3,0.0,"level: -12.7 dB RMS, creatures sits at -28..-14"
Assets/_Project/Audio/VO/late/vo_late_halberdier_murmur_03.ogg,vo_late_halberdier_murmur,3,creatures,placeholder,synth:babble dur=2.0 pitch=125 mood=calm,2.0,-1.2,-12.7,11.5,383,0.016,0.001,0.0,0.137,21.8,1851.3,0.0,"level: -12.7 dB RMS, creatures sits at -28..-14"
Assets/_Project/Audio/VO/late/vo_late_halberdier_murmur_04.ogg,vo_late_halberdier_murmur,4,creatures,placeholder,synth:babble dur=2.0 pitch=125 mood=calm,2.0,-1.3,-12.2,10.9,363,0.013,0.001,0.0,0.129,21.8,367.5,0.0,"level: -12.2 dB RMS, creatures sits at -28..-14"
Assets/_Project/Audio/VO/late/vo_late_halberdier_alert_01.ogg,vo_late_halberdier_alert,1,creatures,placeholder,synth:babble dur=1.0 pitch=125 mood=alert,1.0,-1.0,-11.4,10.4,370,0.015,0.001,0.0,0.162,21.7,490.5,0.0,"level: -11.4 dB RMS, creatures sits at -28..-14"
Assets/_Project/Audio/VO/late/vo_late_halberdier_alert_02.ogg,vo_late_halberdier_alert,2,creatures,placeholder,synth:babble dur=1.0 pitch=125 mood=alert,1.0,-1.1,-12.2,11.1,707,0.037,0.002,0.0,0.001,20.9,491.1,0.0,"level: -12.2 dB RMS, creatures sits at -28..-14"
Assets/_Project/Audio/VO/late/vo_late_halberdier_alert_03.ogg,vo_late_halberdier_alert,3,creatures,placeholder,synth:babble dur=1.0 pitch=125 mood=alert,1.0,-1.1,-11.7,10.7,390,0.015,0.001,0.0,0.092,21.7,901.3,0.0,"level: -11.7 dB RMS, creatures sits at -28..-14"
Assets/_Project/Audio/VO/late/vo_late_halberdier_chase_01.ogg,vo_late_halberdier_chase,1,creatures,placeholder,synth:babble dur=1.2 pitch=125 mood=shout,1.2,-1.1,-11.5,10.4,424,0.016,0.001,0.0,0.11,22.0,925.9,0.0,"level: -11.5 dB RMS, creatures sits at -28..-14"
Assets/_Project/Audio/VO/late/vo_late_halberdier_chase_02.ogg,vo_late_halberdier_chase,2,creatures,placeholder,synth:babble dur=1.2 pitch=125 mood=shout,1.2,-1.2,-10.4,9.2,369,0.012,0.001,0.0,0.129,22.1,939.1,0.0,"level: -10.4 dB RMS, creatures sits at -28..-14"
Assets/_Project/Audio/VO/late/vo_late_halberdier_chase_03.ogg,vo_late_halberdier_chase,3,creatures,placeholder,synth:babble dur=1.2 pitch=125 mood=shout,1.2,-1.3,-13.0,11.7,514,0.023,0.001,0.0,0.091,21.0,78.1,0.0,"level: -13.0 dB RMS, creatures sits at -28..-14"
Assets/_Project/Audio/VO/late/vo_late_halberdier_search_01.ogg,vo_late_halberdier_search,1,creatures,placeholder,synth:babble dur=1.4 pitch=125 mood=calm,1.4,-1.2,-14.2,13.1,531,0.023,0.001,0.0,0.03,20.5,705.9,0.0,
Assets/_Project/Audio/VO/late/vo_late_halberdier_search_02.ogg,vo_late_halberdier_search,2,creatures,placeholder,synth:babble dur=1.4 pitch=125 mood=calm,1.4,-1.1,-14.6,13.5,507,0.024,0.001,0.0,0.141,21.0,135.7,0.0,
Assets/_Project/Audio/VO/late/vo_late_halberdier_lost_01.ogg,vo_late_halberdier_lost,1,creatures,placeholder,synth:babble dur=0.9 pitch=125 mood=calm,0.9,-1.2,-13.9,12.8,431,0.019,0.001,0.0,0.151,21.0,150.4,0.0,"level: -13.9 dB RMS, creatures sits at -28..-14"
Assets/_Project/Audio/VO/late/vo_late_halberdier_lost_02.ogg,vo_late_halberdier_lost,2,creatures,placeholder,synth:babble dur=0.9 pitch=125 mood=calm,0.9,-1.3,-11.9,10.6,352,0.013,0.001,0.0,0.12,22.1,718.9,0.0,"level: -11.9 dB RMS, creatures sits at -28..-14"
Assets/_Project/Audio/VO/late/vo_late_halberdier_attack_01.ogg,vo_late_halberdier_attack,1,creatures,placeholder,synth:babble dur=0.4 pitch=125 mood=grunt,0.4,-1.3,-11.2,9.9,355,0.013,0.001,0.0,0.107,21.9,198.8,0.0,"level: -11.2 dB RMS, creatures sits at -28..-14"
Assets/_Project/Audio/VO/late/vo_late_halberdier_attack_02.ogg,vo_late_halberdier_attack,2,creatures,placeholder,synth:babble dur=0.4 pitch=125 mood=grunt,0.4,-1.3,-12.5,11.1,466,0.018,0.001,0.0,0.037,21.0,184.2,0.0,"level: -12.5 dB RMS, creatures sits at -28..-14"
Assets/_Project/Audio/VO/late/vo_late_halberdier_attack_03.ogg,vo_late_halberdier_attack,3,creatures,placeholder,synth:babble dur=0.4 pitch=125 mood=grunt,0.4,-1.3,-12.2,10.9,451,0.017,0.001,0.0,0.035,21.7,191.0,0.0,"level: -12.2 dB RMS, creatures sits at -28..-14"
Assets/_Project/Audio/VO/late/vo_late_halberdier_hurt_01.ogg,vo_late_halberdier_hurt,1,creatures,placeholder,synth:babble dur=0.5 pitch=125 mood=pain,0.5,-1.2,-10.9,9.7,648,0.028,0.001,0.0,0.001,21.1,280.3,0.0,"level: -10.9 dB RMS, creatures sits at -28..-14"
Assets/_Project/Audio/VO/late/vo_late_halberdier_hurt_02.ogg,vo_late_halberdier_hurt,2,creatures,placeholder,synth:babble dur=0.5 pitch=125 mood=pain,0.5,-1.1,-10.3,9.2,647,0.027,0.001,0.0,0.001,21.2,226.3,0.0,"level: -10.3 dB RMS, creatures sits at -28..-14"
Assets/_Project/Audio/VO/late/vo_late_halberdier_hurt_03.ogg,vo_late_halberdier_hurt,3,creatures,placeholder,synth:babble dur=0.5 pitch=125 mood=pain,0.5,-1.2,-9.2,8.0,357,0.011,0.0,0.0,0.291,22.3,236.9,0.0,"level: -9.2 dB RMS, creatures sits at -28..-14"
Assets/_Project/Audio/VO/late/vo_late_halberdier_death_01.ogg,vo_late_halberdier_death,1,creatures,placeholder,synth:babble dur=1.0 pitch=125 mood=pain,1.0,-1.1,-12.0,10.8,703,0.033,0.002,0.0,0.001,21.5,844.1,0.0,"level: -12.0 dB RMS, creatures sits at -28..-14"
Assets/_Project/Audio/VO/late/vo_late_halberdier_death_02.ogg,vo_late_halberdier_death,2,creatures,placeholder,synth:babble dur=1.0 pitch=125 mood=pain,1.0,-1.1,-11.3,10.2,365,0.014,0.001,0.0,0.334,22.1,176.7,0.0,"level: -11.3 dB RMS, creatures sits at -28..-14"
Assets/_Project/Audio/VO/late/vo_late_halberdier_asleep_01.ogg,vo_late_halberdier_asleep,1,creatures,placeholder,synth:snore dur=3.0 pitch=62,2.5,-1.2,-20.8,19.6,117,0.003,0.001,0.0,0.495,16.3,578.5,0.0,
Assets/_Project/Audio/VO/late/vo_late_halberdier_asleep_02.ogg,vo_late_halberdier_asleep,2,creatures,placeholder,synth:snore dur=3.0 pitch=62,2.5,-1.2,-20.1,18.9,194,0.004,0.001,0.0,0.564,16.1,684.1,0.0,
Assets/_Project/Audio/VO/late/vo_late_halberdier_grabbed_01.ogg,vo_late_halberdier_grabbed,1,creatures,placeholder,synth:babble dur=1.0 pitch=125 mood=alert,1.0,-1.1,-13.4,12.2,533,0.024,0.001,0.0,0.041,20.8,899.8,0.0,"level: -13.4 dB RMS, creatures sits at -28..-14"
Assets/_Project/Audio/VO/late/vo_late_halberdier_grabbed_02.ogg,vo_late_halberdier_grabbed,2,creatures,placeholder,synth:babble dur=1.0 pitch=125 mood=alert,1.0,-1.2,-11.9,10.6,454,0.017,0.001,0.0,0.064,21.2,696.2,0.0,"level: -11.9 dB RMS, creatures sits at -28..-14"
Assets/_Project/Audio/VO/late/vo_late_halberdier_grabbed_03.ogg,vo_late_halberdier_grabbed,3,creatures,placeholder,synth:babble dur=1.0 pitch=125 mood=alert,1.0,-1.3,-12.6,11.3,432,0.018,0.001,0.0,0.13,21.7,696.8,0.0,"level: -12.6 dB RMS, creatures sits at -28..-14"
Assets/_Project/Audio/VO/late/vo_late_halberdier_thrown_01.ogg,vo_late_halberdier_thrown,1,creatures,placeholder,synth:babble dur=0.7 pitch=125 mood=shout,0.7,-1.0,-11.1,10.1,396,0.015,0.001,0.0,0.235,21.5,430.7,0.0,"level: -11.1 dB RMS, creatures sits at -28..-14"
Assets/_Project/Audio/VO/late/vo_late_halberdier_thrown_02.ogg,vo_late_halberdier_thrown,2,creatures,placeholder,synth:babble dur=0.7 pitch=125 mood=shout,0.7,-1.1,-12.2,11.1,511,0.021,0.001,0.0,0.026,21.3,595.9,0.0,"level: -12.2 dB RMS, creatures sits at -28..-14"
Assets/_Project/Audio/VO/late/vo_late_handgunner_murmur_01.ogg,vo_late_handgunner_murmur,1,creatures,placeholder,synth:babble dur=2.0 pitch=145 mood=calm,2.0,-1.1,-13.1,12.0,437,0.019,0.001,0.0,0.148,21.5,1629.4,0.0,"level: -13.1 dB RMS, creatures sits at -28..-14"
Assets/_Project/Audio/VO/late/vo_late_handgunner_murmur_02.ogg,vo_late_handgunner_murmur,2,creatures,placeholder,synth:babble dur=2.0 pitch=145 mood=calm,2.0,-1.1,-13.1,11.9,448,0.019,0.001,0.0,0.098,21.2,365.9,0.0,"level: -13.1 dB RMS, creatures sits at -28..-14"
Assets/_Project/Audio/VO/late/vo_late_handgunner_murmur_03.ogg,vo_late_handgunner_murmur,3,creatures,placeholder,synth:babble dur=2.0 pitch=145 mood=calm,2.0,-1.3,-13.1,11.7,426,0.018,0.001,0.0,0.137,21.1,619.7,0.0,"level: -13.1 dB RMS, creatures sits at -28..-14"
Assets/_Project/Audio/VO/late/vo_late_handgunner_murmur_04.ogg,vo_late_handgunner_murmur,4,creatures,placeholder,synth:babble dur=2.0 pitch=145 mood=calm,2.0,-1.2,-13.4,12.2,550,0.024,0.001,0.0,0.021,21.0,1870.3,0.0,"level: -13.4 dB RMS, creatures sits at -28..-14"
Assets/_Project/Audio/VO/late/vo_late_handgunner_alert_01.ogg,vo_late_handgunner_alert,1,creatures,placeholder,synth:babble dur=1.0 pitch=145 mood=alert,1.0,-1.0,-12.4,11.4,462,0.02,0.001,0.0,0.212,21.8,879.4,0.0,"level: -12.4 dB RMS, creatures sits at -28..-14"
Assets/_Project/Audio/VO/late/vo_late_handgunner_alert_02.ogg,vo_late_handgunner_alert,2,creatures,placeholder,synth:babble dur=1.0 pitch=145 mood=alert,1.0,-1.1,-11.4,10.3,344,0.014,0.001,0.0,0.418,22.0,493.9,0.0,"level: -11.4 dB RMS, creatures sits at -28..-14"
Assets/_Project/Audio/VO/late/vo_late_handgunner_alert_03.ogg,vo_late_handgunner_alert,3,creatures,placeholder,synth:babble dur=1.0 pitch=145 mood=alert,1.0,-1.0,-13.2,12.2,452,0.02,0.001,0.0,0.403,21.5,480.8,0.0,"level: -13.2 dB RMS, creatures sits at -28..-14"
Assets/_Project/Audio/VO/late/vo_late_handgunner_chase_01.ogg,vo_late_handgunner_chase,1,creatures,placeholder,synth:babble dur=1.2 pitch=145 mood=shout,1.2,-1.2,-10.6,9.4,376,0.013,0.001,0.0,0.305,22.0,265.6,0.0,"level: -10.6 dB RMS, creatures sits at -28..-14"
Assets/_Project/Audio/VO/late/vo_late_handgunner_chase_02.ogg,vo_late_handgunner_chase,2,creatures,placeholder,synth:babble dur=1.2 pitch=145 mood=shout,1.2,-1.2,-11.5,10.3,396,0.017,0.001,0.0,0.496,21.5,247.8,0.0,"level: -11.5 dB RMS, creatures sits at -28..-14"
Assets/_Project/Audio/VO/late/vo_late_handgunner_chase_03.ogg,vo_late_handgunner_chase,3,creatures,placeholder,synth:babble dur=1.2 pitch=145 mood=shout,1.2,-1.1,-11.7,10.6,527,0.023,0.001,0.0,0.208,21.4,945.8,0.0,"level: -11.7 dB RMS, creatures sits at -28..-14"
Assets/_Project/Audio/VO/late/vo_late_handgunner_search_01.ogg,vo_late_handgunner_search,1,creatures,placeholder,synth:babble dur=1.4 pitch=145 mood=calm,1.4,-1.3,-12.7,11.5,425,0.018,0.001,0.0,0.13,21.2,394.2,0.0,"level: -12.7 dB RMS, creatures sits at -28..-14"
Assets/_Project/Audio/VO/late/vo_late_handgunner_search_02.ogg,vo_late_handgunner_search,2,creatures,placeholder,synth:babble dur=1.4 pitch=145 mood=calm,1.4,-1.1,-12.9,11.7,430,0.018,0.001,0.0,0.11,21.6,137.4,0.0,"level: -12.9 dB RMS, creatures sits at -28..-14"
Assets/_Project/Audio/VO/late/vo_late_handgunner_lost_01.ogg,vo_late_handgunner_lost,1,creatures,placeholder,synth:babble dur=0.9 pitch=145 mood=calm,0.9,-1.0,-12.0,10.9,710,0.038,0.002,0.0,0.001,20.4,447.8,0.0,"level: -12.0 dB RMS, creatures sits at -28..-14"
Assets/_Project/Audio/VO/late/vo_late_handgunner_lost_02.ogg,vo_late_handgunner_lost,2,creatures,placeholder,synth:babble dur=0.9 pitch=145 mood=calm,0.9,-1.3,-11.1,9.9,401,0.014,0.001,0.0,0.082,22.1,143.0,0.0,"level: -11.1 dB RMS, creatures sits at -28..-14"
Assets/_Project/Audio/VO/late/vo_late_handgunner_attack_01.ogg,vo_late_handgunner_attack,1,creatures,placeholder,synth:babble dur=0.4 pitch=145 mood=grunt,0.4,-1.2,-12.4,11.3,413,0.018,0.001,0.0,0.332,20.2,194.9,0.0,"level: -12.4 dB RMS, creatures sits at -28..-14"
Assets/_Project/Audio/VO/late/vo_late_handgunner_attack_02.ogg,vo_late_handgunner_attack,2,creatures,placeholder,synth:babble dur=0.4 pitch=145 mood=grunt,0.4,-1.1,-11.7,10.6,465,0.017,0.001,0.0,0.09,21.6,196.1,0.0,"level: -11.7 dB RMS, creatures sits at -28..-14"
Assets/_Project/Audio/VO/late/vo_late_handgunner_attack_03.ogg,vo_late_handgunner_attack,3,creatures,placeholder,synth:babble dur=0.4 pitch=145 mood=grunt,0.4,-1.1,-12.8,11.7,449,0.02,0.001,0.0,0.205,20.9,323.2,0.0,"level: -12.8 dB RMS, creatures sits at -28..-14"
Assets/_Project/Audio/VO/late/vo_late_handgunner_hurt_01.ogg,vo_late_handgunner_hurt,1,creatures,placeholder,synth:babble dur=0.5 pitch=145 mood=pain,0.5,-1.1,-10.3,9.2,697,0.034,0.001,0.0,0.003,21.5,241.3,0.0,"level: -10.3 dB RMS, creatures sits at -28..-14"
Assets/_Project/Audio/VO/late/vo_late_handgunner_hurt_02.ogg,vo_late_handgunner_hurt,2,creatures,placeholder,synth:babble dur=0.5 pitch=145 mood=pain,0.5,-1.1,-10.1,9.1,303,0.01,0.0,0.0,0.738,22.4,234.7,0.0,"level: -10.1 dB RMS, creatures sits at -28..-14"
Assets/_Project/Audio/VO/late/vo_late_handgunner_hurt_03.ogg,vo_late_handgunner_hurt,3,creatures,placeholder,synth:babble dur=0.5 pitch=145 mood=pain,0.5,-1.1,-10.2,9.0,644,0.033,0.001,0.0,0.004,21.8,255.3,0.0,"level: -10.2 dB RMS, creatures sits at -28..-14"
Assets/_Project/Audio/VO/late/vo_late_handgunner_death_01.ogg,vo_late_handgunner_death,1,creatures,placeholder,synth:babble dur=1.0 pitch=145 mood=pain,1.0,-1.2,-10.7,9.5,308,0.011,0.0,0.0,0.762,22.4,820.0,0.0,"level: -10.7 dB RMS, creatures sits at -28..-14"
Assets/_Project/Audio/VO/late/vo_late_handgunner_death_02.ogg,vo_late_handgunner_death,2,creatures,placeholder,synth:babble dur=1.0 pitch=145 mood=pain,1.0,-1.1,-10.1,9.0,275,0.008,0.0,0.0,0.843,22.8,476.4,0.0,"level: -10.1 dB RMS, creatures sits at -28..-14"
Assets/_Project/Audio/VO/late/vo_late_handgunner_asleep_01.ogg,vo_late_handgunner_asleep,1,creatures,placeholder,synth:snore dur=3.0 pitch=72,2.5,-1.2,-21.9,20.8,188,0.005,0.001,0.001,0.51,16.2,652.0,0.0,
Assets/_Project/Audio/VO/late/vo_late_handgunner_asleep_02.ogg,vo_late_handgunner_asleep,2,creatures,placeholder,synth:snore dur=3.0 pitch=72,2.5,-1.2,-20.9,19.7,196,0.005,0.001,0.001,0.527,16.2,669.3,0.0,
Assets/_Project/Audio/VO/late/vo_late_handgunner_grabbed_01.ogg,vo_late_handgunner_grabbed,1,creatures,placeholder,synth:babble dur=1.0 pitch=145 mood=alert,1.0,-1.1,-13.4,12.3,525,0.023,0.001,0.0,0.155,22.0,892.1,0.0,"level: -13.4 dB RMS, creatures sits at -28..-14"
Assets/_Project/Audio/VO/late/vo_late_handgunner_grabbed_02.ogg,vo_late_handgunner_grabbed,2,creatures,placeholder,synth:babble dur=1.0 pitch=145 mood=alert,1.0,-1.0,-11.6,10.6,477,0.019,0.001,0.0,0.144,21.8,898.3,0.0,"level: -11.6 dB RMS, creatures sits at -28..-14"
Assets/_Project/Audio/VO/late/vo_late_handgunner_grabbed_03.ogg,vo_late_handgunner_grabbed,3,creatures,placeholder,synth:babble dur=1.0 pitch=145 mood=alert,1.0,-1.2,-10.9,9.7,370,0.014,0.001,0.0,0.269,22.2,892.0,0.0,"level: -10.9 dB RMS, creatures sits at -28..-14"
Assets/_Project/Audio/VO/late/vo_late_handgunner_thrown_01.ogg,vo_late_handgunner_thrown,1,creatures,placeholder,synth:babble dur=0.7 pitch=145 mood=shout,0.7,-1.0,-11.6,10.6,525,0.024,0.001,0.0,0.27,21.0,425.2,0.0,"level: -11.6 dB RMS, creatures sits at -28..-14"
Assets/_Project/Audio/VO/late/vo_late_handgunner_thrown_02.ogg,vo_late_handgunner_thrown,2,creatures,placeholder,synth:babble dur=0.7 pitch=145 mood=shout,0.7,-1.0,-11.0,10.0,409,0.017,0.001,0.0,0.393,21.5,84.6,0.0,"level: -11.0 dB RMS, creatures sits at -28..-14"
Assets/_Project/Audio/VO/late/vo_late_manatarms_murmur_01.ogg,vo_late_manatarms_murmur,1,creatures,placeholder,synth:babble dur=2.0 pitch=98 mood=calm,2.0,-1.1,-16.0,14.9,464,0.021,0.001,0.0,0.32,20.2,1621.5,0.0,
Assets/_Project/Audio/VO/late/vo_late_manatarms_murmur_02.ogg,vo_late_manatarms_murmur,2,creatures,placeholder,synth:babble dur=2.0 pitch=98 mood=calm,2.0,-1.1,-13.3,12.1,341,0.012,0.001,0.0,0.44,20.4,858.7,0.0,"level: -13.3 dB RMS, creatures sits at -28..-14"
Assets/_Project/Audio/VO/late/vo_late_manatarms_murmur_03.ogg,vo_late_manatarms_murmur,3,creatures,placeholder,synth:babble dur=2.0 pitch=98 mood=calm,2.0,-1.2,-13.8,12.7,367,0.013,0.001,0.0,0.383,20.1,368.7,0.0,"level: -13.8 dB RMS, creatures sits at -28..-14"
Assets/_Project/Audio/VO/late/vo_late_manatarms_murmur_04.ogg,vo_late_manatarms_murmur,4,creatures,placeholder,synth:babble dur=2.0 pitch=98 mood=calm,2.0,-1.3,-15.6,14.3,454,0.02,0.001,0.0,0.286,20.7,1352.0,0.0,
Assets/_Project/Audio/VO/late/vo_late_manatarms_alert_01.ogg,vo_late_manatarms_alert,1,creatures,placeholder,synth:babble dur=1.0 pitch=98 mood=alert,1.0,-1.1,-10.9,9.8,291,0.009,0.001,0.0,0.586,21.4,887.1,0.0,"level: -10.9 dB RMS, creatures sits at -28..-14"
Assets/_Project/Audio/VO/late/vo_late_manatarms_alert_02.ogg,vo_late_manatarms_alert,2,creatures,placeholder,synth:babble dur=1.0 pitch=98 mood=alert,1.0,-1.1,-12.7,11.6,350,0.014,0.001,0.0,0.518,20.0,294.4,0.0,"level: -12.7 dB RMS, creatures sits at -28..-14"
Assets/_Project/Audio/VO/late/vo_late_manatarms_alert_03.ogg,vo_late_manatarms_alert,3,creatures,placeholder,synth:babble dur=1.0 pitch=98 mood=alert,1.0,-1.1,-13.6,12.5,413,0.017,0.001,0.0,0.328,20.2,491.4,0.0,"level: -13.6 dB RMS, creatures sits at -28..-14"
Assets/_Project/Audio/VO/late/vo_late_manatarms_chase_01.ogg,vo_late_manatarms_chase,1,creatures,placeholder,synth:babble dur=1.2 pitch=98 mood=shout,1.2,-1.2,-12.0,10.8,417,0.015,0.001,0.0,0.167,20.8,752.3,0.0,"level: -12.0 dB RMS, creatures sits at -28..-14"
Assets/_Project/Audio/VO/late/vo_late_manatarms_chase_02.ogg,vo_late_manatarms_chase,2,creatures,placeholder,synth:babble dur=1.2 pitch=98 mood=shout,1.2,-1.2,-13.1,11.9,447,0.018,0.001,0.0,0.237,20.8,247.9,0.0,"level: -13.1 dB RMS, creatures sits at -28..-14"
Assets/_Project/Audio/VO/late/vo_late_manatarms_chase_03.ogg,vo_late_manatarms_chase,3,creatures,placeholder,synth:babble dur=1.2 pitch=98 mood=shout,1.2,-1.2,-13.3,12.1,437,0.019,0.001,0.0,0.272,21.0,944.7,0.0,"level: -13.3 dB RMS, creatures sits at -28..-14"
Assets/_Project/Audio/VO/late/vo_late_manatarms_search_01.ogg,vo_late_manatarms_search,1,creatures,placeholder,synth:babble dur=1.4 pitch=98 mood=calm,1.4,-1.0,-14.2,13.2,404,0.016,0.001,0.0,0.363,20.2,112.1,0.0,
Assets/_Project/Audio/VO/late/vo_late_manatarms_search_02.ogg,vo_late_manatarms_search,2,creatures,placeholder,synth:babble dur=1.4 pitch=98 mood=calm,1.4,-1.1,-13.6,12.5,343,0.013,0.001,0.0,0.51,20.4,688.0,0.0,"level: -13.6 dB RMS, creatures sits at -28..-14"
Assets/_Project/Audio/VO/late/vo_late_manatarms_lost_01.ogg,vo_late_manatarms_lost,1,creatures,placeholder,synth:babble dur=0.9 pitch=98 mood=calm,0.9,-1.2,-15.0,13.8,481,0.022,0.002,0.0,0.305,20.0,454.6,0.0,
Assets/_Project/Audio/VO/late/vo_late_manatarms_lost_02.ogg,vo_late_manatarms_lost,2,creatures,placeholder,synth:babble dur=0.9 pitch=98 mood=calm,0.9,-1.1,-13.9,12.8,720,0.038,0.003,0.0,0.001,20.2,439.1,0.0,"level: -13.9 dB RMS, creatures sits at -28..-14"
Assets/_Project/Audio/VO/late/vo_late_manatarms_attack_01.ogg,vo_late_manatarms_attack,1,creatures,placeholder,synth:babble dur=0.4 pitch=98 mood=grunt,0.4,-1.0,-14.0,13.0,404,0.017,0.001,0.0,0.505,20.3,60.2,0.0,
Assets/_Project/Audio/VO/late/vo_late_manatarms_attack_02.ogg,vo_late_manatarms_attack,2,creatures,placeholder,synth:babble dur=0.4 pitch=98 mood=grunt,0.4,-1.2,-13.8,12.6,442,0.018,0.001,0.0,0.377,20.0,178.5,0.0001,"level: -13.8 dB RMS, creatures sits at -28..-14"
Assets/_Project/Audio/VO/late/vo_late_manatarms_attack_03.ogg,vo_late_manatarms_attack,3,creatures,placeholder,synth:babble dur=0.4 pitch=98 mood=grunt,0.4,-1.0,-13.9,12.9,440,0.018,0.001,0.0,0.376,20.2,178.4,0.0,"level: -13.9 dB RMS, creatures sits at -28..-14"
Assets/_Project/Audio/VO/late/vo_late_manatarms_hurt_01.ogg,vo_late_manatarms_hurt,1,creatures,placeholder,synth:babble dur=0.5 pitch=98 mood=pain,0.5,-1.1,-11.2,10.1,633,0.029,0.002,0.0,0.001,20.6,252.8,0.0,"level: -11.2 dB RMS, creatures sits at -28..-14"
Assets/_Project/Audio/VO/late/vo_late_manatarms_hurt_02.ogg,vo_late_manatarms_hurt,2,creatures,placeholder,synth:babble dur=0.5 pitch=98 mood=pain,0.5,-1.2,-11.3,10.1,635,0.028,0.002,0.0,0.001,20.6,219.2,0.0,"level: -11.3 dB RMS, creatures sits at -28..-14"
Assets/_Project/Audio/VO/late/vo_late_manatarms_hurt_03.ogg,vo_late_manatarms_hurt,3,creatures,placeholder,synth:babble dur=0.5 pitch=98 mood=pain,0.5,-1.1,-12.6,11.5,884,0.049,0.003,0.0,0.0,20.2,238.4,0.0,"level: -12.6 dB RMS, creatures sits at -28..-14"
Assets/_Project/Audio/VO/late/vo_late_manatarms_death_01.ogg,vo_late_manatarms_death,1,creatures,placeholder,synth:babble dur=1.0 pitch=98 mood=pain,1.0,-1.2,-13.4,12.2,459,0.018,0.001,0.0,0.205,21.0,824.6,0.0,"level: -13.4 dB RMS, creatures sits at -28..-14"
Assets/_Project/Audio/VO/late/vo_late_manatarms_death_02.ogg,vo_late_manatarms_death,2,creatures,placeholder,synth:babble dur=1.0 pitch=98 mood=pain,1.0,-1.2,-13.4,12.2,429,0.019,0.001,0.0,0.29,20.5,823.8,0.0,"level: -13.4 dB RMS, creatures sits at -28..-14"
Assets/_Project/Audio/VO/late/vo_late_manatarms_asleep_01.ogg,vo_late_manatarms_asleep,1,creatures,placeholder,synth:snore dur=3.0 pitch=49,2.5,-1.5,-21.7,20.2,140,0.003,0.001,0.0,0.521,16.2,530.9,0.0,
Assets/_Project/Audio/VO/late/vo_late_manatarms_asleep_02.ogg,vo_late_manatarms_asleep,2,creatures,placeholder,synth:snore dur=3.0 pitch=49,2.5,-1.3,-19.7,18.5,111,0.002,0.0,0.0,0.512,16.2,665.1,0.0,
Assets/_Project/Audio/VO/late/vo_late_manatarms_grabbed_01.ogg,vo_late_manatarms_grabbed,1,creatures,placeholder,synth:babble dur=1.0 pitch=98 mood=alert,1.0,-1.2,-12.4,11.2,342,0.012,0.001,0.0,0.485,21.0,292.5,0.0,"level: -12.4 dB RMS, creatures sits at -28..-14"
Assets/_Project/Audio/VO/late/vo_late_manatarms_grabbed_02.ogg,vo_late_manatarms_grabbed,2,creatures,placeholder,synth:babble dur=1.0 pitch=98 mood=alert,1.0,-1.0,-13.4,12.4,382,0.015,0.001,0.0,0.496,20.9,887.1,0.0,"level: -13.4 dB RMS, creatures sits at -28..-14"
Assets/_Project/Audio/VO/late/vo_late_manatarms_grabbed_03.ogg,vo_late_manatarms_grabbed,3,creatures,placeholder,synth:babble dur=1.0 pitch=98 mood=alert,1.0,-1.2,-14.2,13.0,519,0.022,0.002,0.0,0.179,19.9,886.4,0.0,
Assets/_Project/Audio/VO/late/vo_late_manatarms_thrown_01.ogg,vo_late_manatarms_thrown,1,creatures,placeholder,synth:babble dur=0.7 pitch=98 mood=shout,0.7,-1.3,-12.8,11.5,474,0.019,0.001,0.0,0.08,20.7,249.0,0.0,"level: -12.8 dB RMS, creatures sits at -28..-14"
Assets/_Project/Audio/VO/late/vo_late_manatarms_thrown_02.ogg,vo_late_manatarms_thrown,2,creatures,placeholder,synth:babble dur=0.7 pitch=98 mood=shout,0.7,-1.3,-12.3,11.1,675,0.032,0.002,0.0,0.001,20.3,256.4,0.0,"level: -12.3 dB RMS, creatures sits at -28..-14"
Assets/_Project/Audio/VO/late/vo_late_pavisier_murmur_01.ogg,vo_late_pavisier_murmur,1,creatures,placeholder,synth:babble dur=2.0 pitch=135 mood=calm,2.0,-1.0,-13.0,11.9,437,0.018,0.001,0.0,0.074,21.6,864.3,0.0,"level: -13.0 dB RMS, creatures sits at -28..-14"
Assets/_Project/Audio/VO/late/vo_late_pavisier_murmur_02.ogg,vo_late_pavisier_murmur,2,creatures,placeholder,synth:babble dur=2.0 pitch=135 mood=calm,2.0,-1.2,-12.4,11.2,449,0.018,0.001,0.0,0.039,21.4,1365.1,0.0,"level: -12.4 dB RMS, creatures sits at -28..-14"
Assets/_Project/Audio/VO/late/vo_late_pavisier_murmur_03.ogg,vo_late_pavisier_murmur,3,creatures,placeholder,synth:babble dur=2.0 pitch=135 mood=calm,2.0,-1.1,-12.4,11.3,388,0.017,0.001,0.0,0.116,21.8,1365.2,0.0,"level: -12.4 dB RMS, creatures sits at -28..-14"
Assets/_Project/Audio/VO/late/vo_late_pavisier_murmur_04.ogg,vo_late_pavisier_murmur,4,creatures,placeholder,synth:babble dur=2.0 pitch=135 mood=calm,2.0,-1.3,-12.7,11.4,390,0.016,0.001,0.0,0.118,21.8,1116.4,0.0,"level: -12.7 dB RMS, creatures sits at -28..-14"
Assets/_Project/Audio/VO/late/vo_late_pavisier_alert_01.ogg,vo_late_pavisier_alert,1,creatures,placeholder,synth:babble dur=1.0 pitch=135 mood=alert,1.0,-1.4,-11.2,9.8,414,0.014,0.001,0.0,0.091,22.2,895.6,0.0,"level: -11.2 dB RMS, creatures sits at -28..-14"
Assets/_Project/Audio/VO/late/vo_late_pavisier_alert_02.ogg,vo_late_pavisier_alert,2,creatures,placeholder,synth:babble dur=1.0 pitch=135 mood=alert,1.0,-1.2,-13.8,12.6,494,0.023,0.001,0.0,0.284,21.3,496.2,0.0,"level: -13.8 dB RMS, creatures sits at -28..-14"
Assets/_Project/Audio/VO/late/vo_late_pavisier_alert_03.ogg,vo_late_pavisier_alert,3,creatures,placeholder,synth:babble dur=1.0 pitch=135 mood=alert,1.0,-1.0,-13.6,12.6,513,0.025,0.001,0.0,0.218,21.2,292.3,0.0,"level: -13.6 dB RMS, creatures sits at -28..-14"
Assets/_Project/Audio/VO/late/vo_late_pavisier_chase_01.ogg,vo_late_pavisier_chase,1,creatures,placeholder,synth:babble dur=1.2 pitch=135 mood=shout,1.2,-1.1,-12.0,10.8,449,0.017,0.001,0.0,0.239,21.6,427.1,0.0,"level: -12.0 dB RMS, creatures sits at -28..-14"
Assets/_Project/Audio/VO/late/vo_late_pavisier_chase_02.ogg,vo_late_pavisier_chase,2,creatures,placeholder,synth:babble dur=1.2 pitch=135 mood=shout,1.2,-1.2,-12.2,11.0,469,0.019,0.001,0.0,0.245,21.5,770.1,0.0,"level: -12.2 dB RMS, creatures sits at -28..-14"
Assets/_Project/Audio/VO/late/vo_late_pavisier_chase_03.ogg,vo_late_pavisier_chase,3,creatures,placeholder,synth:babble dur=1.2 pitch=135 mood=shout,1.2,-1.2,-11.6,10.4,421,0.016,0.001,0.0,0.271,21.6,422.9,0.0,"level: -11.6 dB RMS, creatures sits at -28..-14"
Assets/_Project/Audio/VO/late/vo_late_pavisier_search_01.ogg,vo_late_pavisier_search,1,creatures,placeholder,synth:babble dur=1.4 pitch=135 mood=calm,1.4,-1.1,-13.0,11.9,429,0.018,0.001,0.0,0.091,21.7,959.8,0.0,"level: -13.0 dB RMS, creatures sits at -28..-14"
Assets/_Project/Audio/VO/late/vo_late_pavisier_search_02.ogg,vo_late_pavisier_search,2,creatures,placeholder,synth:babble dur=1.4 pitch=135 mood=calm,1.4,-1.1,-12.1,11.0,375,0.015,0.001,0.0,0.113,22.0,967.9,0.0,"level: -12.1 dB RMS, creatures sits at -28..-14"
Assets/_Project/Audio/VO/late/vo_late_pavisier_lost_01.ogg,vo_late_pavisier_lost,1,creatures,placeholder,synth:babble dur=0.9 pitch=135 mood=calm,0.9,-1.2,-13.2,12.0,491,0.021,0.001,0.0,0.046,21.4,456.4,0.0,"level: -13.2 dB RMS, creatures sits at -28..-14"
Assets/_Project/Audio/VO/late/vo_late_pavisier_lost_02.ogg,vo_late_pavisier_lost,2,creatures,placeholder,synth:babble dur=0.9 pitch=135 mood=calm,0.9,-1.3,-13.3,12.0,428,0.019,0.001,0.0,0.131,21.5,451.0,0.0,"level: -13.3 dB RMS, creatures sits at -28..-14"
Assets/_Project/Audio/VO/late/vo_late_pavisier_attack_01.ogg,vo_late_pavisier_attack,1,creatures,placeholder,synth:babble dur=0.4 pitch=135 mood=grunt,0.4,-1.2,-11.4,10.2,376,0.014,0.001,0.0,0.126,22.1,327.3,0.0,"level: -11.4 dB RMS, creatures sits at -28..-14"
Assets/_Project/Audio/VO/late/vo_late_pavisier_attack_02.ogg,vo_late_pavisier_attack,2,creatures,placeholder,synth:babble dur=0.4 pitch=135 mood=grunt,0.4,-1.1,-11.5,10.4,367,0.014,0.001,0.0,0.172,22.0,189.8,0.0,"level: -11.5 dB RMS, creatures sits at -28..-14"
Assets/_Project/Audio/VO/late/vo_late_pavisier_attack_03.ogg,vo_late_pavisier_attack,3,creatures,placeholder,synth:babble dur=0.4 pitch=135 mood=grunt,0.4,-1.2,-13.1,11.9,448,0.021,0.001,0.0,0.228,21.3,196.2,0.0,"level: -13.1 dB RMS, creatures sits at -28..-14"
Assets/_Project/Audio/VO/late/vo_late_pavisier_hurt_01.ogg,vo_late_pavisier_hurt,1,creatures,placeholder,synth:babble dur=0.5 pitch=135 mood=pain,0.5,-1.0,-10.3,9.2,655,0.03,0.001,0.0,0.003,21.4,305.9,0.0,"level: -10.3 dB RMS, creatures sits at -28..-14"
Assets/_Project/Audio/VO/late/vo_late_pavisier_hurt_02.ogg,vo_late_pavisier_hurt,2,creatures,placeholder,synth:babble dur=0.5 pitch=135 mood=pain,0.5,-1.1,-10.1,8.9,335,0.012,0.001,0.0,0.522,22.3,250.1,0.0,"level: -10.1 dB RMS, creatures sits at -28..-14"
Assets/_Project/Audio/VO/late/vo_late_pavisier_hurt_03.ogg,vo_late_pavisier_hurt,3,creatures,placeholder,synth:babble dur=0.5 pitch=135 mood=pain,0.5,-1.2,-9.2,8.0,238,0.007,0.0,0.0,0.86,22.9,240.1,0.0,"level: -9.2 dB RMS, creatures sits at -28..-14"
Assets/_Project/Audio/VO/late/vo_late_pavisier_death_01.ogg,vo_late_pavisier_death,1,creatures,placeholder,synth:babble dur=1.0 pitch=135 mood=pain,1.0,-1.3,-12.2,10.9,442,0.017,0.001,0.0,0.4,22.1,485.9,0.0,"level: -12.2 dB RMS, creatures sits at -28..-14"
Assets/_Project/Audio/VO/late/vo_late_pavisier_death_02.ogg,vo_late_pavisier_death,2,creatures,placeholder,synth:babble dur=1.0 pitch=135 mood=pain,1.0,-1.2,-12.0,10.8,334,0.012,0.001,0.0,0.742,22.0,484.7,0.0,"level: -12.0 dB RMS, creatures sits at -28..-14"
Assets/_Project/Audio/VO/late/vo_late_pavisier_asleep_01.ogg,vo_late_pavisier_asleep,1,creatures,placeholder,synth:snore dur=3.0 pitch=68,2.5,-1.1,-20.3,19.2,165,0.004,0.001,0.001,0.48,16.4,575.1,0.0,
Assets/_Project/Audio/VO/late/vo_late_pavisier_asleep_02.ogg,vo_late_pavisier_asleep,2,creatures,placeholder,synth:snore dur=3.0 pitch=68,2.5,-1.2,-21.3,20.1,156,0.003,0.001,0.0,0.487,16.1,534.9,0.0,
Assets/_Project/Audio/VO/late/vo_late_pavisier_grabbed_01.ogg,vo_late_pavisier_grabbed,1,creatures,placeholder,synth:babble dur=1.0 pitch=135 mood=alert,1.0,-1.2,-11.6,10.4,369,0.015,0.001,0.0,0.303,22.0,688.5,0.0,"level: -11.6 dB RMS, creatures sits at -28..-14"
Assets/_Project/Audio/VO/late/vo_late_pavisier_grabbed_02.ogg,vo_late_pavisier_grabbed,2,creatures,placeholder,synth:babble dur=1.0 pitch=135 mood=alert,1.0,-1.0,-11.5,10.4,374,0.015,0.001,0.0,0.203,22.2,690.4,0.0,"level: -11.5 dB RMS, creatures sits at -28..-14"
Assets/_Project/Audio/VO/late/vo_late_pavisier_grabbed_03.ogg,vo_late_pavisier_grabbed,3,creatures,placeholder,synth:babble dur=1.0 pitch=135 mood=alert,1.0,-1.2,-11.9,10.7,695,0.035,0.002,0.0,0.001,20.8,493.2,0.0,"level: -11.9 dB RMS, creatures sits at -28..-14"
Assets/_Project/Audio/VO/late/vo_late_pavisier_thrown_01.ogg,vo_late_pavisier_thrown,1,creatures,placeholder,synth:babble dur=0.7 pitch=135 mood=shout,0.7,-1.0,-11.0,10.0,386,0.015,0.001,0.0,0.375,21.5,427.1,0.0,"level: -11.0 dB RMS, creatures sits at -28..-14"
Assets/_Project/Audio/VO/late/vo_late_pavisier_thrown_02.ogg,vo_late_pavisier_thrown,2,creatures,placeholder,synth:babble dur=0.7 pitch=135 mood=shout,0.7,-1.1,-10.7,9.6,447,0.016,0.001,0.0,0.142,21.8,90.2,0.0,"level: -10.7 dB RMS, creatures sits at -28..-14"
Assets/_Project/Audio/VO/powder/vo_powder_guard_murmur_01.ogg,vo_powder_guard_murmur,1,creatures,placeholder,synth:babble dur=2.0 pitch=128 mood=calm,2.0,-1.2,-14.3,13.2,480,0.022,0.001,0.0,0.099,21.2,1859.4,0.0,
Assets/_Project/Audio/VO/powder/vo_powder_guard_murmur_02.ogg,vo_powder_guard_murmur,2,creatures,placeholder,synth:babble dur=2.0 pitch=128 mood=calm,2.0,-1.2,-14.0,12.7,479,0.021,0.001,0.0,0.073,21.4,109.7,0.0,
Assets/_Project/Audio/VO/powder/vo_powder_guard_murmur_03.ogg,vo_powder_guard_murmur,3,creatures,placeholder,synth:babble dur=2.0 pitch=128 mood=calm,2.0,-1.1,-12.9,11.8,443,0.017,0.001,0.0,0.058,21.4,124.9,0.0,"level: -12.9 dB RMS, creatures sits at -28..-14"
Assets/_Project/Audio/VO/powder/vo_powder_guard_murmur_04.ogg,vo_powder_guard_murmur,4,creatures,placeholder,synth:babble dur=2.0 pitch=128 mood=calm,2.0,-1.3,-12.0,10.7,402,0.014,0.001,0.0,0.071,21.8,124.9,0.0,"level: -12.0 dB RMS, creatures sits at -28..-14"
Assets/_Project/Audio/VO/powder/vo_powder_guard_alert_01.ogg,vo_powder_guard_alert,1,creatures,placeholder,synth:babble dur=1.0 pitch=128 mood=alert,1.0,-1.1,-12.6,11.5,425,0.017,0.001,0.0,0.175,21.3,497.0,0.0,"level: -12.6 dB RMS, creatures sits at -28..-14"
Assets/_Project/Audio/VO/powder/vo_powder_guard_alert_02.ogg,vo_powder_guard_alert,2,creatures,placeholder,synth:babble dur=1.0 pitch=128 mood=alert,1.0,-1.3,-14.1,12.9,502,0.024,0.001,0.0,0.199,21.1,496.9,0.0,
Assets/_Project/Audio/VO/powder/vo_powder_guard_alert_03.ogg,vo_powder_guard_alert,3,creatures,placeholder,synth:babble dur=1.0 pitch=128 mood=alert,1.0,-1.2,-12.4,11.2,417,0.017,0.001,0.0,0.169,21.5,496.6,0.0,"level: -12.4 dB RMS, creatures sits at -28..-14"
Assets/_Project/Audio/VO/powder/vo_powder_guard_chase_01.ogg,vo_powder_guard_chase,1,creatures,placeholder,synth:babble dur=1.2 pitch=128 mood=shout,1.2,-1.0,-11.7,10.7,510,0.02,0.001,0.0,0.042,21.7,68.9,0.0,"level: -11.7 dB RMS, creatures sits at -28..-14"
Assets/_Project/Audio/VO/powder/vo_powder_guard_chase_02.ogg,vo_powder_guard_chase,2,creatures,placeholder,synth:babble dur=1.2 pitch=128 mood=shout,1.2,-1.2,-12.0,10.9,524,0.022,0.001,0.0,0.092,21.3,935.0,0.0,"level: -12.0 dB RMS, creatures sits at -28..-14"
Assets/_Project/Audio/VO/powder/vo_powder_guard_chase_03.ogg,vo_powder_guard_chase,3,creatures,placeholder,synth:babble dur=1.2 pitch=128 mood=shout,1.2,-1.1,-12.7,11.6,596,0.027,0.001,0.0,0.077,21.0,588.7,0.0,"level: -12.7 dB RMS, creatures sits at -28..-14"
Assets/_Project/Audio/VO/powder/vo_powder_guard_search_01.ogg,vo_powder_guard_search,1,creatures,placeholder,synth:babble dur=1.4 pitch=128 mood=calm,1.4,-1.2,-12.2,11.0,352,0.015,0.001,0.0,0.142,22.1,124.8,0.0,"level: -12.2 dB RMS, creatures sits at -28..-14"
Assets/_Project/Audio/VO/powder/vo_powder_guard_search_02.ogg,vo_powder_guard_search,2,creatures,placeholder,synth:babble dur=1.4 pitch=128 mood=calm,1.4,-1.1,-14.4,13.3,541,0.023,0.001,0.0,0.056,20.9,1257.9,0.0,
Assets/_Project/Audio/VO/powder/vo_powder_guard_lost_01.ogg,vo_powder_guard_lost,1,creatures,placeholder,synth:babble dur=0.9 pitch=128 mood=calm,0.9,-1.2,-12.5,11.3,652,0.031,0.002,0.0,0.001,21.1,132.2,0.0,"level: -12.5 dB RMS, creatures sits at -28..-14"
Assets/_Project/Audio/VO/powder/vo_powder_guard_lost_02.ogg,vo_powder_guard_lost,2,creatures,placeholder,synth:babble dur=0.9 pitch=128 mood=calm,0.9,-1.1,-13.5,12.4,474,0.019,0.001,0.0,0.061,21.0,138.9,0.0,"level: -13.5 dB RMS, creatures sits at -28..-14"
Assets/_Project/Audio/VO/powder/vo_powder_guard_attack_01.ogg,vo_powder_guard_attack,1,creatures,placeholder,synth:babble dur=0.4 pitch=128 mood=grunt,0.4,-1.3,-12.3,11.1,468,0.018,0.001,0.0,0.045,21.4,193.6,0.0,"level: -12.3 dB RMS, creatures sits at -28..-14"
Assets/_Project/Audio/VO/powder/vo_powder_guard_attack_02.ogg,vo_powder_guard_attack,2,creatures,placeholder,synth:babble dur=0.4 pitch=128 mood=grunt,0.4,-1.0,-11.9,10.9,454,0.017,0.001,0.0,0.041,21.5,193.5,0.0,"level: -11.9 dB RMS, creatures sits at -28..-14"
Assets/_Project/Audio/VO/powder/vo_powder_guard_attack_03.ogg,vo_powder_guard_attack,3,creatures,placeholder,synth:babble dur=0.4 pitch=128 mood=grunt,0.4,-1.1,-10.9,9.8,359,0.013,0.001,0.0,0.121,22.0,194.1,0.0001,"level: -10.9 dB RMS, creatures sits at -28..-14"
Assets/_Project/Audio/VO/powder/vo_powder_guard_hurt_01.ogg,vo_powder_guard_hurt,1,creatures,placeholder,synth:babble dur=0.5 pitch=128 mood=pain,0.5,-1.2,-11.5,10.3,874,0.044,0.002,0.0,0.0,21.3,210.6,0.0,"level: -11.5 dB RMS, creatures sits at -28..-14"
Assets/_Project/Audio/VO/powder/vo_powder_guard_hurt_02.ogg,vo_powder_guard_hurt,2,creatures,placeholder,synth:babble dur=0.5 pitch=128 mood=pain,0.5,-1.0,-10.4,9.4,653,0.028,0.001,0.0,0.001,21.5,257.4,0.0,"level: -10.4 dB RMS, creatures sits at -28..-14"
Assets/_Project/Audio/VO/powder/vo_powder_guard_hurt_03.ogg,vo_powder_guard_hurt,3,creatures,placeholder,synth:babble dur=0.5 pitch=128 mood=pain,0.5,-1.2,-10.6,9.5,652,0.028,0.001,0.0,0.001,21.5,258.0,0.0,"level: -10.6 dB RMS, creatures sits at -28..-14"
Assets/_Project/Audio/VO/powder/vo_powder_guard_death_01.ogg,vo_powder_guard_death,1,creatures,placeholder,synth:babble dur=1.0 pitch=128 mood=pain,1.0,-1.1,-12.1,10.9,792,0.04,0.002,0.0,0.0,21.3,829.0,0.0,"level: -12.1 dB RMS, creatures sits at -28..-14"
Assets/_Project/Audio/VO/powder/vo_powder_guard_death_02.ogg,vo_powder_guard_death,2,creatures,placeholder,synth:babble dur=1.0 pitch=128 mood=pain,1.0,-1.1,-11.6,10.5,485,0.019,0.001,0.0,0.074,22.2,815.0,0.0,"level: -11.6 dB RMS, creatures sits at -28..-14"
Assets/_Project/Audio/VO/powder/vo_powder_guard_asleep_01.ogg,vo_powder_guard_asleep,1,creatures,placeholder,synth:snore dur=3.0 pitch=64,2.5,-1.2,-21.0,19.8,142,0.004,0.001,0.0,0.456,16.0,598.8,0.0,
Assets/_Project/Audio/VO/powder/vo_powder_guard_asleep_02.ogg,vo_powder_guard_asleep,2,creatures,placeholder,synth:snore dur=3.0 pitch=64,2.5,-1.2,-19.7,18.5,179,0.004,0.001,0.0,0.457,16.5,393.1,0.0,
Assets/_Project/Audio/VO/powder/vo_powder_guard_grabbed_01.ogg,vo_powder_guard_grabbed,1,creatures,placeholder,synth:babble dur=1.0 pitch=128 mood=alert,1.0,-1.0,-11.5,10.5,372,0.015,0.001,0.0,0.157,21.9,686.5,0.0,"level: -11.5 dB RMS, creatures sits at -28..-14"
Assets/_Project/Audio/VO/powder/vo_powder_guard_grabbed_02.ogg,vo_powder_guard_grabbed,2,creatures,placeholder,synth:babble dur=1.0 pitch=128 mood=alert,1.0,-1.2,-11.6,10.4,390,0.014,0.001,0.0,0.099,21.8,91.2,0.0,"level: -11.6 dB RMS, creatures sits at -28..-14"
Assets/_Project/Audio/VO/powder/vo_powder_guard_grabbed_03.ogg,vo_powder_guard_grabbed,3,creatures,placeholder,synth:babble dur=1.0 pitch=128 mood=alert,1.0,-1.1,-12.2,11.1,459,0.018,0.001,0.0,0.051,21.0,91.0,0.0,"level: -12.2 dB RMS, creatures sits at -28..-14"
Assets/_Project/Audio/VO/powder/vo_powder_guard_thrown_01.ogg,vo_powder_guard_thrown,1,creatures,placeholder,synth:babble dur=0.7 pitch=128 mood=shout,0.7,-1.2,-10.1,8.9,311,0.012,0.001,0.0,0.427,22.2,432.9,0.0,"level: -10.1 dB RMS, creatures sits at -28..-14"
Assets/_Project/Audio/VO/powder/vo_powder_guard_thrown_02.ogg,vo_powder_guard_thrown,2,creatures,placeholder,synth:babble dur=0.7 pitch=128 mood=shout,0.7,-1.1,-11.0,10.0,389,0.015,0.001,0.0,0.258,22.2,420.6,0.0,"level: -11.0 dB RMS, creatures sits at -28..-14"
Assets/_Project/Audio/VO/powder/vo_powder_musketeer_murmur_01.ogg,vo_powder_musketeer_murmur,1,creatures,placeholder,synth:babble dur=2.0 pitch=150 mood=calm,2.0,-1.0,-12.6,11.6,430,0.018,0.001,0.0,0.16,21.7,1857.9,0.0,"level: -12.6 dB RMS, creatures sits at -28..-14"
Assets/_Project/Audio/VO/powder/vo_powder_musketeer_murmur_02.ogg,vo_powder_musketeer_murmur,2,creatures,placeholder,synth:babble dur=2.0 pitch=150 mood=calm,2.0,-1.1,-12.2,11.1,379,0.017,0.001,0.0,0.267,21.9,859.5,0.0,"level: -12.2 dB RMS, creatures sits at -28..-14"
Assets/_Project/Audio/VO/powder/vo_powder_musketeer_murmur_03.ogg,vo_powder_musketeer_murmur,3,creatures,placeholder,synth:babble dur=2.0 pitch=150 mood=calm,2.0,-1.0,-12.5,11.5,421,0.017,0.001,0.0,0.138,21.1,613.1,0.0,"level: -12.5 dB RMS, creatures sits at -28..-14"
Assets/_Project/Audio/VO/powder/vo_powder_musketeer_murmur_04.ogg,vo_powder_musketeer_murmur,4,creatures,placeholder,synth:babble dur=2.0 pitch=150 mood=calm,2.0,-1.3,-12.1,10.8,472,0.019,0.001,0.0,0.074,21.1,1864.8,0.0,"level: -12.1 dB RMS, creatures sits at -28..-14"
Assets/_Project/Audio/VO/powder/vo_powder_musketeer_alert_01.ogg,vo_powder_musketeer_alert,1,creatures,placeholder,synth:babble dur=1.0 pitch=150 mood=alert,1.0,-1.2,-11.5,10.3,473,0.018,0.001,0.0,0.18,21.9,84.3,0.0,"level: -11.5 dB RMS, creatures sits at -28..-14"
Assets/_Project/Audio/VO/powder/vo_powder_musketeer_alert_02.ogg,vo_powder_musketeer_alert,2,creatures,placeholder,synth:babble dur=1.0 pitch=150 mood=alert,1.0,-1.2,-11.3,10.2,473,0.018,0.001,0.0,0.208,21.9,282.1,0.0,"level: -11.3 dB RMS, creatures sits at -28..-14"
Assets/_Project/Audio/VO/powder/vo_powder_musketeer_alert_03.ogg,vo_powder_musketeer_alert,3,creatures,placeholder,synth:babble dur=1.0 pitch=150 mood=alert,1.0,-1.2,-13.4,12.2,516,0.023,0.001,0.0,0.192,21.8,884.4,0.0,"level: -13.4 dB RMS, creatures sits at -28..-14"
Assets/_Project/Audio/VO/powder/vo_powder_musketeer_chase_01.ogg,vo_powder_musketeer_chase,1,creatures,placeholder,synth:babble dur=1.2 pitch=150 mood=shout,1.2,-1.3,-12.6,11.3,438,0.018,0.001,0.0,0.482,21.4,600.1,0.0,"level: -12.6 dB RMS, creatures sits at -28..-14"
Assets/_Project/Audio/VO/powder/vo_powder_musketeer_chase_02.ogg,vo_powder_musketeer_chase,2,creatures,placeholder,synth:babble dur=1.2 pitch=150 mood=shout,1.2,-1.2,-12.4,11.2,471,0.02,0.001,0.0,0.305,21.8,919.0,0.0,"level: -12.4 dB RMS, creatures sits at -28..-14"
Assets/_Project/Audio/VO/powder/vo_powder_musketeer_chase_03.ogg,vo_powder_musketeer_chase,3,creatures,placeholder,synth:babble dur=1.2 pitch=150 mood=shout,1.2,-1.2,-10.2,9.1,307,0.012,0.0,0.0,0.681,22.0,425.6,0.0,"level: -10.2 dB RMS, creatures sits at -28..-14"
Assets/_Project/Audio/VO/powder/vo_powder_musketeer_search_01.ogg,vo_powder_musketeer_search,1,creatures,placeholder,synth:babble dur=1.4 pitch=150 mood=calm,1.4,-1.1,-11.7,10.6,453,0.017,0.001,0.0,0.069,21.6,125.9,0.0,"level: -11.7 dB RMS, creatures sits at -28..-14"
Assets/_Project/Audio/VO/powder/vo_powder_musketeer_search_02.ogg,vo_powder_musketeer_search,2,creatures,placeholder,synth:babble dur=1.4 pitch=150 mood=calm,1.4,-1.3,-11.8,10.5,357,0.016,0.001,0.0,0.305,22.0,413.9,0.0,"level: -11.8 dB RMS, creatures sits at -28..-14"
Assets/_Project/Audio/VO/powder/vo_powder_musketeer_lost_01.ogg,vo_powder_musketeer_lost,1,creatures,placeholder,synth:babble dur=0.9 pitch=150 mood=calm,0.9,-1.2,-12.4,11.2,485,0.019,0.001,0.0,0.083,21.5,430.9,0.0,"level: -12.4 dB RMS, creatures sits at -28..-14"
Assets/_Project/Audio/VO/powder/vo_powder_musketeer_lost_02.ogg,vo_powder_musketeer_lost,2,creatures,placeholder,synth:babble dur=0.9 pitch=150 mood=calm,0.9,-1.0,-11.8,10.8,377,0.015,0.001,0.0,0.195,22.5,151.4,0.0,"level: -11.8 dB RMS, creatures sits at -28..-14"
Assets/_Project/Audio/VO/powder/vo_powder_musketeer_attack_01.ogg,vo_powder_musketeer_attack,1,creatures,placeholder,synth:babble dur=0.4 pitch=150 mood=grunt,0.4,-1.0,-12.1,11.1,516,0.021,0.001,0.0,0.092,21.2,58.9,0.0,"level: -12.1 dB RMS, creatures sits at -28..-14"
Assets/_Project/Audio/VO/powder/vo_powder_musketeer_attack_02.ogg,vo_powder_musketeer_attack,2,creatures,placeholder,synth:babble dur=0.4 pitch=150 mood=grunt,0.4,-1.1,-11.2,10.1,361,0.015,0.001,0.0,0.363,21.9,194.9,0.0,"level: -11.2 dB RMS, creatures sits at -28..-14"
Assets/_Project/Audio/VO/powder/vo_powder_musketeer_attack_03.ogg,vo_powder_musketeer_attack,3,creatures,placeholder,synth:babble dur=0.4 pitch=150 mood=grunt,0.4,-1.4,-11.0,9.7,609,0.025,0.001,0.0,0.001,21.8,202.9,0.0,"level: -11.0 dB RMS, creatures sits at -28..-14"
Assets/_Project/Audio/VO/powder/vo_powder_musketeer_hurt_01.ogg,vo_powder_musketeer_hurt,1,creatures,placeholder,synth:babble dur=0.5 pitch=150 mood=pain,0.5,-1.4,-10.7,9.3,616,0.03,0.001,0.0,0.004,21.9,237.5,0.0,"level: -10.7 dB RMS, creatures sits at -28..-14"
Assets/_Project/Audio/VO/powder/vo_powder_musketeer_hurt_02.ogg,vo_powder_musketeer_hurt,2,creatures,placeholder,synth:babble dur=0.5 pitch=150 mood=pain,0.5,-1.2,-7.9,6.7,239,0.006,0.0,0.0,0.932,22.9,263.4,0.0,"level: -7.9 dB RMS, creatures sits at -28..-14"
Assets/_Project/Audio/VO/powder/vo_powder_musketeer_hurt_03.ogg,vo_powder_musketeer_hurt,3,creatures,placeholder,synth:babble dur=0.5 pitch=150 mood=pain,0.5,-1.2,-10.5,9.3,709,0.039,0.002,0.0,0.003,21.0,233.5,0.0,"level: -10.5 dB RMS, creatures sits at -28..-14"
Assets/_Project/Audio/VO/powder/vo_powder_musketeer_death_01.ogg,vo_powder_musketeer_death,1,creatures,placeholder,synth:babble dur=1.0 pitch=150 mood=pain,1.0,-1.2,-9.5,8.3,274,0.008,0.0,0.0,0.838,22.4,477.1,0.0,"level: -9.5 dB RMS, creatures sits at -28..-14"
Assets/_Project/Audio/VO/powder/vo_powder_musketeer_death_02.ogg,vo_powder_musketeer_death,2,creatures,placeholder,synth:babble dur=1.0 pitch=150 mood=pain,1.0,-1.2,-11.3,10.1,470,0.02,0.001,0.0,0.26,22.1,828.0,0.0,"level: -11.3 dB RMS, creatures sits at -28..-14"
Assets/_Project/Audio/VO/powder/vo_powder_musketeer_asleep_01.ogg,vo_powder_musketeer_asleep,1,creatures,placeholder,synth:snore dur=3.0 pitch=75,2.5,-1.3,-21.9,20.6,115,0.003,0.001,0.001,0.447,16.8,545.3,0.0,
Assets/_Project/Audio/VO/powder/vo_powder_musketeer_asleep_02.ogg,vo_powder_musketeer_asleep,2,creatures,placeholder,synth:snore dur=3.0 pitch=75,2.5,-1.3,-21.7,20.4,120,0.003,0.001,0.001,0.418,16.3,507.1,0.0,
Assets/_Project/Audio/VO/powder/vo_powder_musketeer_grabbed_01.ogg,vo_powder_musketeer_grabbed,1,creatures,placeholder,synth:babble dur=1.0 pitch=150 mood=alert,1.0,-1.1,-12.1,11.0,461,0.019,0.001,0.0,0.2,22.0,886.4,0.0,"level: -12.1 dB RMS, creatures sits at -28..-14"
Assets/_Project/Audio/VO/powder/vo_powder_musketeer_grabbed_02.ogg,vo_powder_musketeer_grabbed,2,creatures,placeholder,synth:babble dur=1.0 pitch=150 mood=alert,1.0,-1.1,-11.9,10.9,389,0.017,0.001,0.0,0.415,22.0,300.2,0.0,"level: -11.9 dB RMS, creatures sits at -28..-14"
Assets/_Project/Audio/VO/powder/vo_powder_musketeer_grabbed_03.ogg,vo_powder_musketeer_grabbed,3,creatures,placeholder,synth:babble dur=1.0 pitch=150 mood=alert,1.0,-1.0,-12.4,11.3,395,0.016,0.001,0.0,0.473,21.9,482.3,0.0,"level: -12.4 dB RMS, creatures sits at -28..-14"
Assets/_Project/Audio/VO/powder/vo_powder_musketeer_thrown_01.ogg,vo_powder_musketeer_thrown,1,creatures,placeholder,synth:babble dur=0.7 pitch=150 mood=shout,0.7,-1.3,-10.0,8.7,294,0.01,0.0,0.0,0.707,22.3,259.2,0.0,"level: -10.0 dB RMS, creatures sits at -28..-14"
Assets/_Project/Audio/VO/powder/vo_powder_musketeer_thrown_02.ogg,vo_powder_musketeer_thrown,2,creatures,placeholder,synth:babble dur=0.7 pitch=150 mood=shout,0.7,-1.2,-10.9,9.7,337,0.012,0.001,0.0,0.694,22.3,257.3,0.0,"level: -10.9 dB RMS, creatures sits at -28..-14"
Assets/_Project/Audio/VO/powder/vo_powder_cuirassier_murmur_01.ogg,vo_powder_cuirassier_murmur,1,creatures,placeholder,synth:babble dur=2.0 pitch=92 mood=calm,2.0,-1.1,-15.8,14.7,595,0.029,0.002,0.0,0.057,19.9,1865.9,0.0,
Assets/_Project/Audio/VO/powder/vo_powder_cuirassier_murmur_02.ogg,vo_powder_cuirassier_murmur,2,creatures,placeholder,synth:babble dur=2.0 pitch=92 mood=calm,2.0,-1.2,-14.5,13.3,392,0.016,0.001,0.0,0.297,20.3,1857.2,0.0,
Assets/_Project/Audio/VO/powder/vo_powder_cuirassier_murmur_03.ogg,vo_powder_cuirassier_murmur,3,creatures,placeholder,synth:babble dur=2.0 pitch=92 mood=calm,2.0,-1.2,-15.7,14.5,467,0.02,0.002,0.0,0.193,20.3,1876.1,0.0,
Assets/_Project/Audio/VO/powder/vo_powder_cuirassier_murmur_04.ogg,vo_powder_cuirassier_murmur,4,creatures,placeholder,synth:babble dur=2.0 pitch=92 mood=calm,2.0,-1.0,-15.0,14.0,434,0.019,0.001,0.0,0.245,20.3,350.5,0.0,
Assets/_Project/Audio/VO/powder/vo_powder_cuirassier_alert_01.ogg,vo_powder_cuirassier_alert,1,creatures,placeholder,synth:babble dur=1.0 pitch=92 mood=alert,1.0,-1.0,-13.8,12.8,726,0.039,0.003,0.0,0.001,20.0,497.4,0.0,"level: -13.8 dB RMS, creatures sits at -28..-14"
Assets/_Project/Audio/VO/powder/vo_powder_cuirassier_alert_02.ogg,vo_powder_cuirassier_alert,2,creatures,placeholder,synth:babble dur=1.0 pitch=92 mood=alert,1.0,-1.1,-13.9,12.8,402,0.016,0.001,0.0,0.427,20.4,878.3,0.0,"level: -13.9 dB RMS, creatures sits at -28..-14"
Assets/_Project/Audio/VO/powder/vo_powder_cuirassier_alert_03.ogg,vo_powder_cuirassier_alert,3,creatures,placeholder,synth:babble dur=1.0 pitch=92 mood=alert,1.0,-1.2,-12.5,11.3,332,0.011,0.001,0.0,0.506,20.5,690.2,0.0,"level: -12.5 dB RMS, creatures sits at -28..-14"
Assets/_Project/Audio/VO/powder/vo_powder_cuirassier_chase_01.ogg,vo_powder_cuirassier_chase,1,creatures,placeholder,synth:babble dur=1.2 pitch=92 mood=shout,1.2,-1.3,-12.1,10.8,352,0.012,0.001,0.0,0.503,21.3,936.9,0.0,"level: -12.1 dB RMS, creatures sits at -28..-14"
Assets/_Project/Audio/VO/powder/vo_powder_cuirassier_chase_02.ogg,vo_powder_cuirassier_chase,2,creatures,placeholder,synth:babble dur=1.2 pitch=92 mood=shout,1.2,-1.3,-11.6,10.2,346,0.011,0.001,0.0,0.409,20.8,764.7,0.0,"level: -11.6 dB RMS, creatures sits at -28..-14"
Assets/_Project/Audio/VO/powder/vo_powder_cuirassier_chase_03.ogg,vo_powder_cuirassier_chase,3,creatures,placeholder,synth:babble dur=1.2 pitch=92 mood=shout,1.2,-1.2,-14.0,12.8,505,0.022,0.002,0.0,0.241,20.4,936.6,0.0,
Assets/_Project/Audio/VO/powder/vo_powder_cuirassier_search_01.ogg,vo_powder_cuirassier_search,1,creatures,placeholder,synth:babble dur=1.4 pitch=92 mood=calm,1.4,-1.1,-14.2,13.1,373,0.015,0.001,0.0,0.311,20.3,421.3,0.0,
Assets/_Project/Audio/VO/powder/vo_powder_cuirassier_search_02.ogg,vo_powder_cuirassier_search,2,creatures,placeholder,synth:babble dur=1.4 pitch=92 mood=calm,1.4,-1.1,-14.0,12.9,378,0.015,0.001,0.0,0.283,20.3,119.4,0.0,
Assets/_Project/Audio/VO/powder/vo_powder_cuirassier_lost_01.ogg,vo_powder_cuirassier_lost,1,creatures,placeholder,synth:babble dur=0.9 pitch=92 mood=calm,0.9,-1.3,-14.6,13.3,490,0.022,0.002,0.0,0.133,19.3,739.2,0.0,
Assets/_Project/Audio/VO/powder/vo_powder_cuirassier_lost_02.ogg,vo_powder_cuirassier_lost,2,creatures,placeholder,synth:babble dur=0.9 pitch=92 mood=calm,0.9,-1.1,-12.9,11.8,385,0.014,0.001,0.0,0.204,20.7,128.9,0.0,"level: -12.9 dB RMS, creatures sits at -28..-14"
Assets/_Project/Audio/VO/powder/vo_powder_cuirassier_attack_01.ogg,vo_powder_cuirassier_attack,1,creatures,placeholder,synth:babble dur=0.4 pitch=92 mood=grunt,0.4,-1.3,-13.3,12.1,660,0.031,0.002,0.0,0.001,19.9,315.4,0.0,"level: -13.3 dB RMS, creatures sits at -28..-14"
Assets/_Project/Audio/VO/powder/vo_powder_cuirassier_attack_02.ogg,vo_powder_cuirassier_attack,2,creatures,placeholder,synth:babble dur=0.4 pitch=92 mood=grunt,0.4,-1.4,-12.6,11.2,312,0.011,0.001,0.0,0.56,21.2,189.7,0.0,"level: -12.6 dB RMS, creatures sits at -28..-14"
Assets/_Project/Audio/VO/powder/vo_powder_cuirassier_attack_03.ogg,vo_powder_cuirassier_attack,3,creatures,placeholder,synth:babble dur=0.4 pitch=92 mood=grunt,0.4,-1.2,-11.4,10.2,287,0.009,0.001,0.0,0.548,21.4,190.2,0.0,"level: -11.4 dB RMS, creatures sits at -28..-14"
Assets/_Project/Audio/VO/powder/vo_powder_cuirassier_hurt_01.ogg,vo_powder_cuirassier_hurt,1,creatures,placeholder,synth:babble dur=0.5 pitch=92 mood=pain,0.5,-1.3,-10.1,8.8,289,0.01,0.0,0.0,0.3,22.3,253.0,0.0,"level: -10.1 dB RMS, creatures sits at -28..-14"
Assets/_Project/Audio/VO/powder/vo_powder_cuirassier_hurt_02.ogg,vo_powder_cuirassier_hurt,2,creatures,placeholder,synth:babble dur=0.5 pitch=92 mood=pain,0.5,-1.3,-10.3,9.0,290,0.011,0.001,0.0,0.302,22.3,231.5,0.0,"level: -10.3 dB RMS, creatures sits at -28..-14"
Assets/_Project/Audio/VO/powder/vo_powder_cuirassier_hurt_03.ogg,vo_powder_cuirassier_hurt,3,creatures,placeholder,synth:babble dur=0.5 pitch=92 mood=pain,0.5,-1.3,-10.3,9.0,288,0.01,0.0,0.0,0.302,22.3,231.5,0.0,"level: -10.3 dB RMS, creatures sits at -28..-14"
Assets/_Project/Audio/VO/powder/vo_powder_cuirassier_death_01.ogg,vo_powder_cuirassier_death,1,creatures,placeholder,synth:babble dur=1.0 pitch=92 mood=pain,1.0,-1.1,-11.6,10.5,348,0.013,0.001,0.0,0.238,21.0,485.9,0.0,"level: -11.6 dB RMS, creatures sits at -28..-14"
Assets/_Project/Audio/VO/powder/vo_powder_cuirassier_death_02.ogg,vo_powder_cuirassier_death,2,creatures,placeholder,synth:babble dur=1.0 pitch=92 mood=pain,1.0,-1.3,-13.5,12.2,768,0.04,0.003,0.0,0.001,20.5,146.2,0.0,"level: -13.5 dB RMS, creatures sits at -28..-14"
Assets/_Project/Audio/VO/powder/vo_powder_cuirassier_asleep_01.ogg,vo_powder_cuirassier_asleep,1,creatures,placeholder,synth:snore dur=3.0 pitch=46,2.5,-1.1,-20.5,19.4,137,0.003,0.0,0.0,0.516,16.2,719.9,0.0,
Assets/_Project/Audio/VO/powder/vo_powder_cuirassier_asleep_02.ogg,vo_powder_cuirassier_asleep,2,creatures,placeholder,synth:snore dur=3.0 pitch=46,2.5,-1.1,-21.7,20.6,140,0.003,0.001,0.0,0.525,16.5,609.0,0.0,
Assets/_Project/Audio/VO/powder/vo_powder_cuirassier_grabbed_01.ogg,vo_powder_cuirassier_grabbed,1,creatures,placeholder,synth:babble dur=1.0 pitch=92 mood=alert,1.0,-1.3,-13.3,12.0,362,0.014,0.001,0.0,0.471,19.9,877.8,0.0,"level: -13.3 dB RMS, creatures sits at -28..-14"
Assets/_Project/Audio/VO/powder/vo_powder_cuirassier_grabbed_02.ogg,vo_powder_cuirassier_grabbed,2,creatures,placeholder,synth:babble dur=1.0 pitch=92 mood=alert,1.0,-1.2,-13.0,11.8,361,0.013,0.001,0.0,0.462,20.2,494.4,0.0,"level: -13.0 dB RMS, creatures sits at -28..-14"
Assets/_Project/Audio/VO/powder/vo_powder_cuirassier_grabbed_03.ogg,vo_powder_cuirassier_grabbed,3,creatures,placeholder,synth:babble dur=1.0 pitch=92 mood=alert,1.0,-1.1,-14.9,13.8,560,0.026,0.002,0.0,0.13,19.9,887.8,0.0,
Assets/_Project/Audio/VO/powder/vo_powder_cuirassier_thrown_01.ogg,vo_powder_cuirassier_thrown,1,creatures,placeholder,synth:babble dur=0.7 pitch=92 mood=shout,0.7,-1.1,-12.9,11.8,454,0.017,0.001,0.0,0.228,20.7,240.0,0.0,"level: -12.9 dB RMS, creatures sits at -28..-14"
Assets/_Project/Audio/VO/powder/vo_powder_cuirassier_thrown_02.ogg,vo_powder_cuirassier_thrown,2,creatures,placeholder,synth:babble dur=0.7 pitch=92 mood=shout,0.7,-1.2,-12.2,11.0,403,0.015,0.001,0.0,0.32,20.5,256.6,0.0,"level: -12.2 dB RMS, creatures sits at -28..-14"
Assets/_Project/Audio/VO/powder/vo_powder_petardier_murmur_01.ogg,vo_powder_petardier_murmur,1,creatures,placeholder,synth:babble dur=2.0 pitch=140 mood=calm,2.0,-1.3,-12.6,11.4,406,0.017,0.001,0.0,0.111,21.6,1365.8,0.0,"level: -12.6 dB RMS, creatures sits at -28..-14"
Assets/_Project/Audio/VO/powder/vo_powder_petardier_murmur_02.ogg,vo_powder_petardier_murmur,2,creatures,placeholder,synth:babble dur=2.0 pitch=140 mood=calm,2.0,-1.1,-13.0,11.9,440,0.018,0.001,0.0,0.089,21.0,1112.1,0.0,"level: -13.0 dB RMS, creatures sits at -28..-14"
Assets/_Project/Audio/VO/powder/vo_powder_petardier_murmur_03.ogg,vo_powder_petardier_murmur,3,creatures,placeholder,synth:babble dur=2.0 pitch=140 mood=calm,2.0,-1.0,-12.3,11.3,457,0.018,0.001,0.0,0.047,21.2,1876.2,0.0,"level: -12.3 dB RMS, creatures sits at -28..-14"
Assets/_Project/Audio/VO/powder/vo_powder_petardier_murmur_04.ogg,vo_powder_petardier_murmur,4,creatures,placeholder,synth:babble dur=2.0 pitch=140 mood=calm,2.0,-1.1,-12.1,11.0,449,0.017,0.001,0.0,0.04,20.7,114.2,0.0,"level: -12.1 dB RMS, creatures sits at -28..-14"
Assets/_Project/Audio/VO/powder/vo_powder_petardier_alert_01.ogg,vo_powder_petardier_alert,1,creatures,placeholder,synth:babble dur=1.0 pitch=140 mood=alert,1.0,-1.4,-12.9,11.5,554,0.023,0.001,0.0,0.035,21.5,893.9,0.0,"level: -12.9 dB RMS, creatures sits at -28..-14"
Assets/_Project/Audio/VO/powder/vo_powder_petardier_alert_02.ogg,vo_powder_petardier_alert,2,creatures,placeholder,synth:babble dur=1.0 pitch=140 mood=alert,1.0,-1.2,-11.4,10.2,341,0.015,0.001,0.0,0.436,22.2,485.5,0.0,"level: -11.4 dB RMS, creatures sits at -28..-14"
Assets/_Project/Audio/VO/powder/vo_powder_petardier_alert_03.ogg,vo_powder_petardier_alert,3,creatures,placeholder,synth:babble dur=1.0 pitch=140 mood=alert,1.0,-1.1,-11.0,9.9,427,0.015,0.001,0.0,0.095,22.0,90.2,0.0,"level: -11.0 dB RMS, creatures sits at -28..-14"
Assets/_Project/Audio/VO/powder/vo_powder_petardier_chase_01.ogg,vo_powder_petardier_chase,1,creatures,placeholder,synth:babble dur=1.2 pitch=140 mood=shout,1.2,-1.2,-11.9,10.7,424,0.016,0.001,0.0,0.362,21.7,424.0,0.0,"level: -11.9 dB RMS, creatures sits at -28..-14"
Assets/_Project/Audio/VO/powder/vo_powder_petardier_chase_02.ogg,vo_powder_petardier_chase,2,creatures,placeholder,synth:babble dur=1.2 pitch=140 mood=shout,1.2,-1.2,-12.0,10.9,438,0.017,0.001,0.0,0.332,22.0,595.3,0.0,"level: -12.0 dB RMS, creatures sits at -28..-14"
Assets/_Project/Audio/VO/powder/vo_powder_petardier_chase_03.ogg,vo_powder_petardier_chase,3,creatures,placeholder,synth:babble dur=1.2 pitch=140 mood=shout,1.2,-1.2,-11.7,10.4,438,0.017,0.001,0.0,0.247,21.9,251.2,0.0,"level: -11.7 dB RMS, creatures sits at -28..-14"
Assets/_Project/Audio/VO/powder/vo_powder_petardier_search_01.ogg,vo_powder_petardier_search,1,creatures,placeholder,synth:babble dur=1.4 pitch=140 mood=calm,1.4,-1.2,-13.2,12.0,442,0.019,0.001,0.0,0.101,21.6,1250.5,0.0,"level: -13.2 dB RMS, creatures sits at -28..-14"
Assets/_Project/Audio/VO/powder/vo_powder_petardier_search_02.ogg,vo_powder_petardier_search,2,creatures,placeholder,synth:babble dur=1.4 pitch=140 mood=calm,1.4,-1.1,-14.3,13.2,512,0.025,0.001,0.0,0.135,20.9,685.5,0.0,
Assets/_Project/Audio/VO/powder/vo_powder_petardier_lost_01.ogg,vo_powder_petardier_lost,1,creatures,placeholder,synth:babble dur=0.9 pitch=140 mood=calm,0.9,-1.2,-11.5,10.3,367,0.014,0.001,0.0,0.124,22.3,141.3,0.0,"level: -11.5 dB RMS, creatures sits at -28..-14"
Assets/_Project/Audio/VO/powder/vo_powder_petardier_lost_02.ogg,vo_powder_petardier_lost,2,creatures,placeholder,synth:babble dur=0.9 pitch=140 mood=calm,0.9,-1.2,-13.0,11.8,434,0.019,0.001,0.0,0.13,21.2,141.3,0.0,"level: -13.0 dB RMS, creatures sits at -28..-14"
Assets/_Project/Audio/VO/powder/vo_powder_petardier_attack_01.ogg,vo_powder_petardier_attack,1,creatures,placeholder,synth:babble dur=0.4 pitch=140 mood=grunt,0.4,-1.2,-12.7,11.6,448,0.019,0.001,0.0,0.151,21.3,328.5,0.0,"level: -12.7 dB RMS, creatures sits at -28..-14"
Assets/_Project/Audio/VO/powder/vo_powder_petardier_attack_02.ogg,vo_powder_petardier_attack,2,creatures,placeholder,synth:babble dur=0.4 pitch=140 mood=grunt,0.4,-1.2,-10.6,9.4,392,0.013,0.001,0.0,0.067,21.8,329.9,0.0,"level: -10.6 dB RMS, creatures sits at -28..-14"
Assets/_Project/Audio/VO/powder/vo_powder_petardier_attack_03.ogg,vo_powder_petardier_attack,3,creatures,placeholder,synth:babble dur=0.4 pitch=140 mood=grunt,0.4,-1.2,-11.9,10.6,691,0.034,0.002,0.0,0.001,20.3,185.5,0.0,"level: -11.9 dB RMS, creatures sits at -28..-14"
Assets/_Project/Audio/VO/powder/vo_powder_petardier_hurt_01.ogg,vo_powder_petardier_hurt,1,creatures,placeholder,synth:babble dur=0.5 pitch=140 mood=pain,0.5,-1.3,-10.5,9.2,683,0.031,0.001,0.0,0.002,21.4,200.2,0.0,"level: -10.5 dB RMS, creatures sits at -28..-14"
Assets/_Project/Audio/VO/powder/vo_powder_petardier_hurt_02.ogg,vo_powder_petardier_hurt,2,creatures,placeholder,synth:babble dur=0.5 pitch=140 mood=pain,0.5,-1.0,-10.3,9.3,685,0.032,0.001,0.0,0.002,21.4,281.0,0.0,"level: -10.3 dB RMS, creatures sits at -28..-14"
Assets/_Project/Audio/VO/powder/vo_powder_petardier_hurt_03.ogg,vo_powder_petardier_hurt,3,creatures,placeholder,synth:babble dur=0.5 pitch=140 mood=pain,0.5,-1.1,-10.3,9.2,683,0.031,0.001,0.0,0.002,21.4,257.3,0.0,"level: -10.3 dB RMS, creatures sits at -28..-14"
Assets/_Project/Audio/VO/powder/vo_powder_petardier_death_01.ogg,vo_powder_petardier_death,1,creatures,placeholder,synth:babble dur=1.0 pitch=140 mood=pain,1.0,-1.2,-11.7,10.5,482,0.02,0.001,0.0,0.161,21.6,813.5,0.0,"level: -11.7 dB RMS, creatures sits at -28..-14"
Assets/_Project/Audio/VO/powder/vo_powder_petardier_death_02.ogg,vo_powder_petardier_death,2,creatures,placeholder,synth:babble dur=1.0 pitch=140 mood=pain,1.0,-1.2,-10.6,9.4,305,0.01,0.0,0.0,0.691,22.5,491.5,0.0,"level: -10.6 dB RMS, creatures sits at -28..-14"
Assets/_Project/Audio/VO/powder/vo_powder_petardier_asleep_01.ogg,vo_powder_petardier_asleep,1,creatures,placeholder,synth:snore dur=3.0 pitch=70,2.5,-1.2,-20.3,19.0,153,0.003,0.001,0.0,0.524,16.3,446.2,0.0001,
Assets/_Project/Audio/VO/powder/vo_powder_petardier_asleep_02.ogg,vo_powder_petardier_asleep,2,creatures,placeholder,synth:snore dur=3.0 pitch=70,2.5,-1.2,-19.7,18.6,159,0.004,0.001,0.0,0.492,16.3,668.8,0.0,
Assets/_Project/Audio/VO/powder/vo_powder_petardier_grabbed_01.ogg,vo_powder_petardier_grabbed,1,creatures,placeholder,synth:babble dur=1.0 pitch=140 mood=alert,1.0,-1.3,-10.9,9.6,341,0.012,0.001,0.0,0.297,22.4,487.5,0.0,"level: -10.9 dB RMS, creatures sits at -28..-14"
Assets/_Project/Audio/VO/powder/vo_powder_petardier_grabbed_02.ogg,vo_powder_petardier_grabbed,2,creatures,placeholder,synth:babble dur=1.0 pitch=140 mood=alert,1.0,-1.2,-11.7,10.6,344,0.015,0.001,0.0,0.452,22.0,491.3,0.0,"level: -11.7 dB RMS, creatures sits at -28..-14"
Assets/_Project/Audio/VO/powder/vo_powder_petardier_grabbed_03.ogg,vo_powder_petardier_grabbed,3,creatures,placeholder,synth:babble dur=1.0 pitch=140 mood=alert,1.0,-1.0,-11.3,10.3,389,0.014,0.001,0.0,0.235,22.2,290.6,0.0,"level: -11.3 dB RMS, creatures sits at -28..-14"
Assets/_Project/Audio/VO/powder/vo_powder_petardier_thrown_01.ogg,vo_powder_petardier_thrown,1,creatures,placeholder,synth:babble dur=0.7 pitch=140 mood=shout,0.7,-1.3,-12.2,10.9,493,0.021,0.001,0.0,0.179,22.1,87.4,0.0,"level: -12.2 dB RMS, creatures sits at -28..-14"
Assets/_Project/Audio/VO/powder/vo_powder_petardier_thrown_02.ogg,vo_powder_petardier_thrown,2,creatures,placeholder,synth:babble dur=0.7 pitch=140 mood=shout,0.7,-1.1,-11.1,10.0,683,0.03,0.001,0.0,0.001,21.6,88.5,0.0,"level: -11.1 dB RMS, creatures sits at -28..-14"
Assets/_Project/Audio/Ambience/Alarm/amb_alarm_bronze_roused_01.ogg,amb_alarm_bronze_roused,1,ambience,placeholder,synth:horn freq=98 dur=3.5 brass=0.3 bend=0.85,3.5,-1.5,-7.3,5.8,135,0.0,0.0,0.0,0.911,19.1,764.6,0.0008,"level: -7.3 dB RMS, ambience sits at -34..-20"
Assets/_Project/Audio/Ambience/Alarm/amb_alarm_bronze_huecry_loop_01.ogg,amb_alarm_bronze_huecry_loop,1,ambience,placeholder,synth:gong freq=90 dur=5 + synth:horn freq=147 dur=3 brass=0.5 gain=-4,4.5,-1.2,-14.1,12.9,168,0.001,0.0,0.0,0.889,19.3,706.0,0.0,
Assets/_Project/Audio/Ambience/Alarm/amb_alarm_high_roused_01.ogg,amb_alarm_high_roused,1,ambience,placeholder,synth:bell_toll freq=196 dur=6 count=1,6.0,-1.5,-20.0,18.5,139,0.0,0.0,0.0,0.944,24.5,52.2,0.0,
Assets/_Project/Audio/Ambience/Alarm/amb_alarm_high_huecry_loop_01.ogg,amb_alarm_high_huecry_loop,1,ambience,placeholder,synth:bell_toll freq=196 dur=3 count=4 interval=0.9,5.2,-1.3,-15.5,14.3,138,0.0,0.0,0.0,0.947,22.8,1801.0,0.0,
Assets/_Project/Audio/Ambience/Alarm/amb_alarm_late_roused_01.ogg,amb_alarm_late_roused,1,ambience,placeholder,synth:horn freq=147 dur=3 brass=0.7,3.0,-1.2,-7.0,5.8,255,0.004,0.0,0.0,0.749,18.7,594.9,0.0006,"level: -7.0 dB RMS, ambience sits at -34..-20"
Assets/_Project/Audio/Ambience/Alarm/amb_alarm_late_huecry_loop_01.ogg,amb_alarm_late_huecry_loop,1,ambience,placeholder,synth:bell_toll freq=262 dur=2 count=6 interval=0.45 big=0,3.75,-1.2,-13.8,12.6,376,0.0,0.0,0.0,0.068,22.0,1814.4,0.0,
Assets/_Project/Audio/Ambience/Alarm/amb_alarm_powder_roused_01.ogg,amb_alarm_powder_roused,1,ambience,placeholder,synth:thump dur=0.5 freq=70 click=1.0 decay=8 + synth:rattle dur=1.5 density=20 freq=500 spread=0.2,1.424,-1.2,-18.5,17.3,618,0.028,0.003,0.0,0.218,19.6,641.6,0.0,"level: -18.5 dB RMS, ambience sits at -34..-20"
Assets/_Project/Audio/Ambience/Alarm/amb_alarm_powder_huecry_loop_01.ogg,amb_alarm_powder_huecry_loop,1,ambience,placeholder,synth:rattle dur=4 density=40 freq=400 spread=0.2 + synth:gunshot dur=2.5 size=1.5 gain=-6,3.5,-1.2,-17.5,16.3,454,0.022,0.0,0.0,0.188,19.4,886.8,0.0,
Assets/_Project/Audio/Ambience/amb_household_stir_loop_01.ogg,amb_household_stir_loop,1,ambience,placeholder,synth:murmur_crowd dur=20 voices=10 + synth:drips dur=20 rate=0.2,19.5,-1.5,-22.7,21.2,408,0.0,0.0,0.0,0.257,20.5,8803.8,0.0,
Assets/_Project/Audio/SFX/Castle/sfx_castle_lockdown_portcullis_drop_01.ogg,sfx_castle_lockdown_portcullis_drop,1,world,placeholder,synth:rattle dur=1.0 density=60 freq=700 + synth:thump dur=0.8 freq=45 click=1.2 decay=6,0.993,-1.1,-17.5,16.5,1011,0.074,0.013,0.0,0.151,18.2,414.0,0.0,
Assets/_Project/Audio/SFX/Castle/sfx_castle_lockdown_portcullis_drop_02.ogg,sfx_castle_lockdown_portcullis_drop,2,world,placeholder,synth:rattle dur=1.0 density=60 freq=700 + synth:thump dur=0.8 freq=45 click=1.2 decay=6,1.0,-1.1,-16.6,15.6,876,0.064,0.012,0.0,0.169,18.3,450.5,0.0,
Assets/_Project/Audio/SFX/Castle/sfx_castle_lockdown_bolt_01.ogg,sfx_castle_lockdown_bolt,1,world,library-cc0,kenney:rpg-audio/metalLatch* shift=0.6 + kenney:impact-sounds/impactMetal_heavy_* gain=-6,0.342,-1.5,-22.6,21.1,4042,0.613,0.196,0.044,0.028,14.6,69.0,0.0,
Assets/_Project/Audio/SFX/Castle/sfx_castle_lockdown_bolt_02.ogg,sfx_castle_lockdown_bolt,2,world,library-cc0,kenney:rpg-audio/metalLatch* shift=0.6 + kenney:impact-sounds/impactMetal_heavy_* gain=-6,0.359,-1.1,-22.3,21.2,4305,0.59,0.222,0.046,0.031,14.7,65.7,0.0,
Assets/_Project/Audio/SFX/Castle/sfx_castle_lockdown_bolt_03.ogg,sfx_castle_lockdown_bolt,3,world,library-cc0,kenney:rpg-audio/metalLatch* shift=0.6 + kenney:impact-sounds/impactMetal_heavy_* gain=-6,0.36,-1.1,-21.9,20.7,3899,0.6,0.201,0.038,0.029,14.9,72.8,0.0,
Assets/_Project/Audio/SFX/Castle/sfx_door_wood_open_01.ogg,sfx_door_wood_open,1,world,library-cc0,kenney:rpg-audio/doorOpen_* + kenney:rpg-audio/creak* gain=-4,0.908,-1.0,-21.9,20.9,1467,0.177,0.068,0.007,0.244,17.4,149.5,0.0,
Assets/_Project/Audio/SFX/Castle/sfx_door_wood_open_02.ogg,sfx_door_wood_open,2,world,library-cc0,kenney:rpg-audio/doorOpen_* + kenney:rpg-audio/creak* gain=-4,1.386,-1.3,-24.8,23.4,1247,0.146,0.041,0.002,0.258,17.1,179.6,0.0,
Assets/_Project/Audio/SFX/Castle/sfx_door_wood_open_03.ogg,sfx_door_wood_open,3,world,library-cc0,kenney:rpg-audio/doorOpen_* + kenney:rpg-audio/creak* gain=-4,0.865,-1.1,-22.1,21.0,1321,0.113,0.056,0.007,0.206,18.2,141.4,0.0,
Assets/_Project/Audio/SFX/Castle/sfx_door_wood_close_01.ogg,sfx_door_wood_close,1,world,library-cc0,kenney:rpg-audio/doorClose_*,0.631,-1.4,-21.0,19.6,2417,0.335,0.105,0.009,0.024,13.4,195.4,0.0,
Assets/_Project/Audio/SFX/Castle/sfx_door_wood_close_02.ogg,sfx_door_wood_close,2,world,library-cc0,kenney:rpg-audio/doorClose_*,0.565,-1.3,-18.3,17.0,2113,0.137,0.11,0.022,0.215,14.8,0.9,0.0,
Assets/_Project/Audio/SFX/Castle/sfx_door_wood_close_03.ogg,sfx_door_wood_close,3,world,library-cc0,kenney:rpg-audio/doorClose_*,0.694,-1.4,-17.3,15.9,2370,0.095,0.208,0.007,0.121,17.3,280.5,0.0,
Assets/_Project/Audio/SFX/Castle/sfx_door_heavy_open_01.ogg,sfx_door_heavy_open,1,world,library-cc0,synth:creak dur=2.0 rate=18 pitch=250 rise=0.7 + kenney:rpg-audio/doorOpen_* shift=0.7,1.953,-1.1,-24.3,23.1,1050,0.169,0.014,0.001,0.32,15.8,212.0,0.0,
Assets/_Project/Audio/SFX/Castle/sfx_door_heavy_open_02.ogg,sfx_door_heavy_open,2,world,library-cc0,synth:creak dur=2.0 rate=18 pitch=250 rise=0.7 + kenney:rpg-audio/doorOpen_* shift=0.7,2.0,-1.1,-25.3,24.1,893,0.151,0.009,0.0,0.328,16.7,252.3,0.0,
Assets/_Project/Audio/SFX/Castle/sfx_door_heavy_close_01.ogg,sfx_door_heavy_close,1,world,library-cc0,kenney:rpg-audio/doorClose_* shift=0.6 + synth:thump dur=0.8 freq=50 decay=6,1.051,-1.3,-16.1,14.8,441,0.043,0.004,0.0,0.724,14.7,2.9,0.0,
Assets/_Project/Audio/SFX/Castle/sfx_door_heavy_close_02.ogg,sfx_door_heavy_close,2,world,library-cc0,kenney:rpg-audio/doorClose_* shift=0.6 + synth:thump dur=0.8 freq=50 decay=6,0.942,-1.2,-15.8,14.6,331,0.015,0.017,0.001,0.863,15.8,51.2,0.0,
Assets/_Project/Audio/SFX/Castle/sfx_door_grate_open_01.ogg,sfx_door_grate_open,1,world,placeholder,synth:rattle dur=1.0 density=40 freq=1200 + synth:creak dur=1.0 rate=30 pitch=1500,1.0,-1.4,-19.8,18.5,1892,0.215,0.028,0.007,0.004,18.1,478.8,0.0,
Assets/_Project/Audio/SFX/Castle/sfx_door_grate_open_02.ogg,sfx_door_grate_open,2,world,placeholder,synth:rattle dur=1.0 density=40 freq=1200 + synth:creak dur=1.0 rate=30 pitch=1500,1.0,-1.2,-19.4,18.2,1912,0.217,0.027,0.007,0.003,17.5,325.9,0.0,
Assets/_Project/Audio/SFX/Castle/sfx_door_grate_close_01.ogg,sfx_door_grate_close,1,world,library-cc0,kenney:impact-sounds/impactMetal_heavy_* + synth:rattle dur=0.5 density=40 freq=1000,0.5,-1.1,-17.2,16.2,1620,0.177,0.025,0.005,0.004,18.4,120.4,0.0,
Assets/_Project/Audio/SFX/Castle/sfx_door_grate_close_02.ogg,sfx_door_grate_close,2,world,library-cc0,kenney:impact-sounds/impactMetal_heavy_* + synth:rattle dur=0.5 density=40 freq=1000,0.5,-2.2,-19.1,16.9,1485,0.162,0.023,0.005,0.006,18.3,263.6,0.0,
Assets/_Project/Audio/SFX/Castle/sfx_door_locked_rattle_01.ogg,sfx_door_locked_rattle,1,world,library-cc0,kenney:rpg-audio/metalLatch* + kenney:rpg-audio/metalClick* + kenney:rpg-audio/metalLatch* shift=0.9,0.373,-1.0,-24.5,23.5,6336,0.295,0.418,0.172,0.029,11.8,6.4,0.0,
Assets/_Project/Audio/SFX/Castle/sfx_door_locked_rattle_02.ogg,sfx_door_locked_rattle,2,world,library-cc0,kenney:rpg-audio/metalLatch* + kenney:rpg-audio/metalClick* + kenney:rpg-audio/metalLatch* shift=0.9,0.355,-1.5,-25.0,23.5,6551,0.179,0.523,0.188,0.031,11.7,5.1,0.0,
Assets/_Project/Audio/SFX/Castle/sfx_door_locked_rattle_03.ogg,sfx_door_locked_rattle,3,world,library-cc0,kenney:rpg-audio/metalLatch* + kenney:rpg-audio/metalClick* + kenney:rpg-audio/metalLatch* shift=0.9,0.393,-1.7,-25.3,23.6,6097,0.314,0.432,0.144,0.028,11.1,5.9,0.0,
Assets/_Project/Audio/SFX/Castle/sfx_door_unlock_01.ogg,sfx_door_unlock,1,world,library-cc0,kenney:rpg-audio/metalClick* shift=0.8 + kenney:rpg-audio/metalLatch*,0.466,-1.4,-25.5,24.2,6463,0.173,0.522,0.176,0.031,12.8,3.0,0.0,
Assets/_Project/Audio/SFX/Castle/sfx_door_unlock_02.ogg,sfx_door_unlock,2,world,library-cc0,kenney:rpg-audio/metalClick* shift=0.8 + kenney:rpg-audio/metalLatch*,0.444,-1.8,-26.7,24.8,6685,0.14,0.549,0.192,0.031,12.9,2.0,0.0,"level: -26.7 dB RMS, world sits at -26..-10"
Assets/_Project/Audio/SFX/Castle/sfx_door_slam_01.ogg,sfx_door_slam,1,world,library-cc0,kenney:impact-sounds/impactWood_heavy_* shift=0.7,0.447,-1.0,-19.7,18.7,80,0.0,0.0,0.0,0.968,22.6,4.9,0.0005,
Assets/_Project/Audio/SFX/Castle/sfx_door_slam_02.ogg,sfx_door_slam,2,world,library-cc0,kenney:impact-sounds/impactWood_heavy_* shift=0.7,0.447,-1.2,-20.0,18.8,87,0.0,0.0,0.0,0.969,22.0,4.8,0.0009,
Assets/_Project/Audio/SFX/Castle/sfx_portcullis_raise_loop_01.ogg,sfx_portcullis_raise_loop,1,world,placeholder,synth:rattle dur=3 density=40 freq=600 spread=0.3 + synth:creak dur=3 rate=10 pitch=300 rise=1.0,2.5,-1.2,-20.1,18.9,877,0.037,0.007,0.0,0.012,18.7,619.0,0.0,
Assets/_Project/Audio/SFX/Castle/sfx_portcullis_stop_01.ogg,sfx_portcullis_stop,1,world,library-cc0,kenney:impact-sounds/impactMetal_heavy_* shift=0.7,0.24,-1.0,-20.7,19.7,867,0.182,0.0,0.0,0.115,18.7,2.6,0.0,
Assets/_Project/Audio/SFX/Castle/sfx_masonry_crumble_01.ogg,sfx_masonry_crumble,1,world,placeholder,synth:crumble dur=3 density=70 size=1.5,2.964,-1.0,-16.7,15.7,151,0.003,0.0,0.0,0.665,20.6,297.1,0.0,
Assets/_Project/Audio/SFX/Castle/sfx_masonry_crumble_02.ogg,sfx_masonry_crumble,2,world,placeholder,synth:crumble dur=3 density=70 size=1.5,2.987,-1.1,-17.9,16.9,209,0.004,0.0,0.0,0.632,21.1,1543.5,0.0,
Assets/_Project/Audio/SFX/Castle/sfx_masonry_crumble_03.ogg,sfx_masonry_crumble,3,world,placeholder,synth:crumble dur=3 density=70 size=1.5,2.992,-1.2,-17.2,16.1,205,0.005,0.001,0.0,0.61,21.6,1078.9,0.0,
Assets/_Project/Audio/SFX/Castle/sfx_debris_settle_01.ogg,sfx_debris_settle,1,world,placeholder,synth:crumble dur=2 density=25 size=0.2,1.934,-1.0,-18.7,17.7,217,0.005,0.001,0.0,0.542,22.1,1240.1,0.0,
Assets/_Project/Audio/SFX/Castle/sfx_debris_settle_02.ogg,sfx_debris_settle,2,world,placeholder,synth:crumble dur=2 density=25 size=0.2,1.961,-1.0,-14.6,13.6,103,0.002,0.0,0.0,0.567,21.2,130.7,0.0,
Assets/_Project/Audio/SFX/Castle/sfx_debris_settle_03.ogg,sfx_debris_settle,3,world,placeholder,synth:crumble dur=2 density=25 size=0.2,1.984,-1.2,-14.9,13.7,36,0.0,0.0,0.0,0.622,20.5,160.7,0.0006,
Assets/_Project/Audio/SFX/Castle/sfx_fire_ignite_01.ogg,sfx_fire_ignite,1,world,placeholder,synth:whumph dur=0.8,0.795,-1.3,-12.3,11.1,88,0.0,0.0,0.0,0.969,18.3,116.4,0.0005,
Assets/_Project/Audio/SFX/Castle/sfx_fire_ignite_02.ogg,sfx_fire_ignite,2,world,placeholder,synth:whumph dur=0.8,0.799,-1.2,-12.5,11.3,88,0.0,0.0,0.0,0.968,18.3,77.1,0.0002,
Assets/_Project/Audio/SFX/Castle/sfx_fire_ignite_03.ogg,sfx_fire_ignite,3,world,placeholder,synth:whumph dur=0.8,0.796,-1.1,-13.2,12.0,89,0.0,0.0,0.0,0.969,18.5,108.5,0.0001,
Assets/_Project/Audio/SFX/Castle/sfx_fire_tapestry_catch_01.ogg,sfx_fire_tapestry_catch,1,world,placeholder,synth:whumph dur=1.5 size=1.5 + synth:crackle dur=1.5 density=80 body=0.5,1.5,-1.5,-14.9,13.4,140,0.009,0.004,0.0,0.859,16.8,374.8,0.0,
Assets/_Project/Audio/SFX/Castle/sfx_fire_tapestry_catch_02.ogg,sfx_fire_tapestry_catch,2,world,placeholder,synth:whumph dur=1.5 size=1.5 + synth:crackle dur=1.5 density=80 body=0.5,1.5,-1.4,-15.0,13.6,158,0.011,0.005,0.0,0.875,16.7,352.4,0.0,
Assets/_Project/Audio/Ambience/Fire/amb_fire_candle_loop_01.ogg,amb_fire_candle_loop,1,ambience,placeholder,synth:crackle dur=6 density=3 body=0.05,5.5,-2.5,-35.5,33.0,806,0.106,0.049,0.003,0.521,19.5,3870.6,0.0,
Assets/_Project/Audio/Ambience/Fire/amb_fire_torch_loop_01.ogg,amb_fire_torch_loop,1,ambience,placeholder,synth:crackle dur=8 density=20 body=0.4,7.5,-2.3,-22.0,19.6,169,0.018,0.008,0.001,0.618,18.7,7246.6,0.0,
Assets/_Project/Audio/Ambience/Fire/amb_fire_brazier_loop_01.ogg,amb_fire_brazier_loop,1,ambience,placeholder,synth:crackle dur=8 density=30 body=0.8,7.5,-1.7,-22.0,20.4,313,0.038,0.017,0.001,0.609,17.4,1122.5,0.0,
Assets/_Project/Audio/Ambience/Fire/amb_fire_hearth_loop_01.ogg,amb_fire_hearth_loop,1,ambience,placeholder,synth:crackle dur=10 density=25 body=1.0,9.5,-2.4,-22.0,19.6,182,0.02,0.009,0.001,0.64,18.2,1932.4,0.0,
Assets/_Project/Audio/Ambience/Fire/amb_fire_blaze_loop_01.ogg,amb_fire_blaze_loop,1,ambience,placeholder,synth:crackle dur=10 density=80 body=2.0,9.5,-3.1,-22.0,18.9,266,0.031,0.014,0.001,0.629,15.8,3131.0,0.0,
Assets/_Project/Audio/SFX/Castle/sfx_fire_extinguish_01.ogg,sfx_fire_extinguish,1,world,placeholder,synth:hiss dur=1.2 low=1500 high=8000 decay=2.5,1.2,-1.1,-19.5,18.4,5261,0.437,0.438,0.05,0.0,8.9,17.0,0.0,
Assets/_Project/Audio/SFX/Castle/sfx_fire_extinguish_02.ogg,sfx_fire_extinguish,2,world,placeholder,synth:hiss dur=1.2 low=1500 high=8000 decay=2.5,1.2,-2.0,-20.6,18.6,5254,0.424,0.448,0.05,0.0,8.8,25.1,0.0,
Assets/_Project/Audio/SFX/Castle/sfx_torch_drop_01.ogg,sfx_torch_drop,1,world,library-cc0,kenney:impact-sounds/impactWood_light_* + synth:hiss dur=0.5 low=2000 high=7000 decay=5,0.5,-1.2,-18.4,17.2,4951,0.471,0.444,0.023,0.0,9.3,2.9,0.0,
Assets/_Project/Audio/SFX/Castle/sfx_torch_drop_02.ogg,sfx_torch_drop,2,world,library-cc0,kenney:impact-sounds/impactWood_light_* + synth:hiss dur=0.5 low=2000 high=7000 decay=5,0.5,-1.1,-18.2,17.1,4826,0.536,0.389,0.025,0.002,9.2,1.0,0.0,
Assets/_Project/Audio/SFX/Hazards/sfx_hazard_fire_spread_fast_01.ogg,sfx_hazard_fire_spread_fast,1,world,placeholder,synth:crackle dur=1.5 density=100 body=1.0 + synth:whoosh dur=1.5 f0=200 f1=900,1.526,-1.5,-19.6,18.0,441,0.052,0.023,0.002,0.566,15.1,1.5,0.0,
Assets/_Project/Audio/SFX/Hazards/sfx_hazard_fire_spread_fast_02.ogg,sfx_hazard_fire_spread_fast,2,world,placeholder,synth:crackle dur=1.5 density=100 body=1.0 + synth:whoosh dur=1.5 f0=200 f1=900,1.5,-1.5,-16.5,14.9,200,0.02,0.01,0.001,0.641,16.1,1.5,0.0,
Assets/_Project/Audio/SFX/Hazards/sfx_hazard_oil_pour_01.ogg,sfx_hazard_oil_pour,1,world,placeholder,synth:whoosh dur=1.5 f0=200 f1=600 q=0.7 + synth:drips dur=1.5 rate=15,1.399,-1.3,-19.2,18.0,924,0.0,0.0,0.0,0.054,17.1,764.0,0.0,
Assets/_Project/Audio/SFX/Hazards/sfx_hazard_oil_sizzle_01.ogg,sfx_hazard_oil_sizzle,1,world,placeholder,synth:hiss dur=2 low=3000 high=11000 flutter=20 decay=1,2.0,-1.5,-19.7,18.1,7381,0.236,0.574,0.186,0.0,9.4,25.1,0.0,
Assets/_Project/Audio/SFX/Hazards/sfx_hazard_oil_sizzle_02.ogg,sfx_hazard_oil_sizzle,2,world,placeholder,synth:hiss dur=2 low=3000 high=11000 flutter=20 decay=1,2.0,-1.3,-18.9,17.7,7382,0.242,0.562,0.192,0.0,9.4,114.9,0.0,
Assets/_Project/Audio/SFX/Hazards/sfx_hazard_murderhole_drop_01.ogg,sfx_hazard_murderhole_drop,1,world,placeholder,synth:rattle dur=0.4 density=30 freq=800 + synth:crumble dur=0.8 density=30 size=0.4,0.8,-1.0,-19.6,18.6,635,0.061,0.017,0.0,0.412,18.7,17.2,0.0,
Assets/_Project/Audio/SFX/Hazards/sfx_hazard_murderhole_drop_02.ogg,sfx_hazard_murderhole_drop,2,world,placeholder,synth:rattle dur=0.4 density=30 freq=800 + synth:crumble dur=0.8 density=30 size=0.4,0.793,-1.6,-21.0,19.4,802,0.075,0.012,0.0,0.241,19.2,200.7,0.0,
Assets/_Project/Audio/SFX/Hazards/sfx_hazard_arrowloop_loose_01.ogg,sfx_hazard_arrowloop_loose,1,world,placeholder,synth:thump dur=0.2 freq=200 click=1.0 decay=30 + synth:whoosh dur=0.3 f0=3000 f1=1500 q=3,0.306,-1.4,-17.3,15.9,342,0.023,0.0,0.0,0.177,18.2,2.2,0.0,
Assets/_Project/Audio/SFX/Hazards/sfx_hazard_arrowloop_loose_02.ogg,sfx_hazard_arrowloop_loose,2,world,placeholder,synth:thump dur=0.2 freq=200 click=1.0 decay=30 + synth:whoosh dur=0.3 f0=3000 f1=1500 q=3,0.289,-1.2,-16.6,15.5,356,0.038,0.0,0.0,0.713,17.2,2.4,0.0,
Assets/_Project/Audio/SFX/Hazards/sfx_hazard_magazine_explosion_01.ogg,sfx_hazard_magazine_explosion,1,world,placeholder,synth:explosion dur=6 size=2.5 + synth:crumble dur=6 density=80 size=2,6.0,-1.2,-14.2,13.0,66,0.001,0.0,0.0,0.853,21.0,306.9,0.0,
Assets/_Project/Audio/SFX/Hazards/sfx_hazard_explosion_tail_distant_01.ogg,sfx_hazard_explosion_tail_distant,1,world,placeholder,synth:explosion dur=4 size=1.5 gain=-6,4.0,-1.1,-10.3,9.2,51,0.001,0.0,0.0,0.899,20.6,19.6,0.0048,distorted: 0.5% of samples squashed against the peak
Assets/_Project/Audio/SFX/Hazards/sfx_hazard_explosion_tail_distant_02.ogg,sfx_hazard_explosion_tail_distant,2,world,placeholder,synth:explosion dur=4 size=1.5 gain=-6,4.0,-1.2,-11.2,10.0,55,0.001,0.0,0.0,0.956,20.2,21.9,0.0014,
Assets/_Project/Audio/SFX/Castle/sfx_drawbridge_raise_loop_01.ogg,sfx_drawbridge_raise_loop,1,world,placeholder,synth:rattle dur=3 density=50 freq=500 + synth:creak dur=3 rate=6 pitch=200,2.5,-1.2,-18.2,17.0,728,0.03,0.004,0.0,0.045,18.6,1043.6,0.0,
Assets/_Project/Audio/SFX/Castle/sfx_drawbridge_slam_01.ogg,sfx_drawbridge_slam,1,world,placeholder,synth:thump dur=1.5 freq=40 click=1.5 decay=3 + synth:crumble dur=1.5 density=20,1.5,-1.1,-15.7,14.6,75,0.002,0.0,0.0,0.901,20.0,41.6,0.0,
Assets/_Project/Audio/Ambience/amb_portal_loop_01.ogg,amb_portal_loop,1,ambience,generated,synth:drone dur=10 freqs=55/82.4/110/164.8 tremolo=0.25 bright=1400 + synth:shimmer dur=10 root=440 attack=0.5 gain=-14,9.5,-10.8,-22.1,11.4,206,0.001,0.0,0.0,0.792,18.9,8458.9,0.0,
Assets/_Project/Audio/SFX/Portal/sfx_portal_open_01.ogg,sfx_portal_open,1,spells,placeholder,synth:whoosh dur=2.5 f0=60 f1=2500 q=0.8 attack=0.4 + synth:shimmer dur=2.5 root=220 voices=7,2.5,-1.1,-16.6,15.5,390,0.0,0.0,0.0,0.38,18.4,844.5,0.0,
Assets/_Project/Audio/SFX/Portal/sfx_portal_enter_01.ogg,sfx_portal_enter,1,spells,placeholder,synth:whoosh dur=1.5 f0=100 f1=5000 q=0.8 attack=0.6 + synth:shimmer dur=1.5 root=330 rise=2,1.504,-1.0,-15.8,14.8,812,0.011,0.0,0.0,0.0,18.9,402.1,0.0,
Assets/_Project/Audio/SFX/Portal/sfx_portal_arrive_01.ogg,sfx_portal_arrive,1,spells,placeholder,synth:whoosh dur=1.2 f0=4000 f1=300 q=0.8 attack=0.1 + synth:wind dur=1.2 gain=-6,1.2,-1.9,-19.7,17.8,1902,0.301,0.064,0.003,0.124,14.5,235.9,0.0,
Assets/_Project/Audio/SFX/Portal/sfx_portal_narrowing_loop_01.ogg,sfx_portal_narrowing_loop,1,spells,generated,synth:drone dur=8 freqs=110/116.5 tremolo=2 bright=2500 + synth:hum dur=8 freq=440 tremolo=8,7.5,-1.2,-13.1,11.9,366,0.004,0.0,0.0,0.412,21.5,4605.1,0.0,
Assets/_Project/Audio/Stingers/sting_portal_warning_01.ogg,sting_portal_warning,1,music,generated,music:sting kind=portal_warning,3.0,-1.3,-18.0,16.7,509,0.0,0.0,0.0,0.0,22.1,228.3,0.0,
Assets/_Project/Audio/Stingers/sting_portal_warning_02.ogg,sting_portal_warning,2,music,generated,music:sting kind=portal_warning,3.0,-1.1,-17.4,16.2,508,0.0,0.0,0.0,0.0,22.1,75.6,0.0,
Assets/_Project/Audio/Stingers/sting_portal_warning_03.ogg,sting_portal_warning,3,music,generated,music:sting kind=portal_warning,3.0,-1.4,-18.1,16.7,506,0.0,0.0,0.0,0.0,22.2,36.4,0.0,
Assets/_Project/Audio/SFX/Portal/sfx_portal_collapse_01.ogg,sfx_portal_collapse,1,spells,placeholder,synth:whoosh dur=1.8 f0=3000 f1=60 q=0.8 attack=0.1 + synth:thump dur=1.0 freq=40 decay=4,1.649,-1.2,-16.0,14.7,125,0.013,0.001,0.0,0.953,13.8,3.2,0.0,
Assets/_Project/Audio/SFX/Portal/sfx_extract_item_cross_01.ogg,sfx_extract_item_cross,1,ui,generated,synth:coin_count steps=4,0.53,-1.1,-15.0,13.8,2355,0.214,0.075,0.0,0.0,21.9,210.8,0.0,"level: -15.0 dB RMS, ui sits at -34..-22"
Assets/_Project/Audio/SFX/Portal/sfx_extract_item_cross_02.ogg,sfx_extract_item_cross,2,ui,generated,synth:coin_count steps=4,0.53,-1.1,-15.0,13.8,2355,0.214,0.075,0.0,0.0,21.9,210.8,0.0,"level: -15.0 dB RMS, ui sits at -34..-22"
Assets/_Project/Audio/SFX/Portal/sfx_extract_item_cross_03.ogg,sfx_extract_item_cross,3,ui,generated,synth:coin_count steps=4,0.53,-1.1,-15.0,13.8,2355,0.214,0.075,0.0,0.0,21.9,210.8,0.0,"level: -15.0 dB RMS, ui sits at -34..-22"
Assets/_Project/Audio/SFX/Portal/sfx_extract_player_cross_01.ogg,sfx_extract_player_cross,1,spells,placeholder,synth:whoosh dur=1.0 f0=150 f1=3000 q=0.8 + synth:shimmer dur=1 root=330 gain=-10,1.0,-1.0,-17.4,16.4,577,0.004,0.0,0.0,0.008,19.2,370.2,0.0,
Assets/_Project/Audio/UI/sfx_result_tally_tick_01.ogg,sfx_result_tally_tick,1,ui,library-cc0,kenney:casino-audio/chip-lay-*,0.144,-2.4,-25.2,22.8,5994,0.562,0.317,0.112,0.0,15.6,5.2,0.0,
Assets/_Project/Audio/UI/sfx_result_tally_total_01.ogg,sfx_result_tally_total,1,ui,library-cc0,kenney:rpg-audio/handleCoins* + synth:thump dur=0.3 freq=90 click=0.5,0.703,-1.1,-19.1,18.0,831,0.029,0.057,0.01,0.901,14.0,1.6,0.0,"level: -19.1 dB RMS, ui sits at -34..-22 | too long: 0.703 s for a ui one-shot (max 0.6)"
Assets/_Project/Audio/Ambience/amb_lair_bed_loop_01.ogg,amb_lair_bed_loop,1,ambience,placeholder,synth:drips dur=30 rate=0.5 + synth:wind dur=30 low=80 high=300 gust=0.05 gain=-10,29.5,-1.1,-28.6,27.5,677,0.0,0.0,0.0,0.247,20.2,12423.5,0.0,
Assets/_Project/Audio/Ambience/amb_lair_hearth_loop_01.ogg,amb_lair_hearth_loop,1,ambience,placeholder,synth:crackle dur=12 density=22 body=1.0,11.5,-1.3,-29.9,28.6,1420,0.19,0.088,0.006,0.425,15.7,7713.6,0.0,
Assets/_Project/Audio/SFX/Lair/sfx_lair_debt_pay_01.ogg,sfx_lair_debt_pay,1,ui,library-cc0,synth:coins dur=1.2 count=25 + kenney:rpg-audio/handleCoins* + synth:hiss dur=0.6 low=3000 high=8000 flutter=25 gain=-12,0.949,-1.1,-17.9,16.9,5375,0.693,0.19,0.115,0.0,18.2,147.6,0.0,"level: -17.9 dB RMS, ui sits at -34..-22 | too long: 0.949 s for a ui one-shot (max 0.6)"
Assets/_Project/Audio/SFX/Lair/sfx_lair_debt_pay_02.ogg,sfx_lair_debt_pay,2,ui,library-cc0,synth:coins dur=1.2 count=25 + kenney:rpg-audio/handleCoins* + synth:hiss dur=0.6 low=3000 high=8000 flutter=25 gain=-12,1.047,-1.1,-18.1,17.0,6042,0.694,0.154,0.15,0.0,19.8,387.6,0.0,"level: -18.1 dB RMS, ui sits at -34..-22 | too long: 1.047 s for a ui one-shot (max 0.6)"
Assets/_Project/Audio/SFX/Lair/sfx_lair_debt_due_01.ogg,sfx_lair_debt_due,1,ui,placeholder,synth:thump dur=0.4 freq=80 click=0.9 decay=15 + synth:thump dur=0.4 freq=78 click=0.9 decay=15,0.4,-1.1,-16.9,15.9,107,0.001,0.0,0.0,0.996,15.3,1.7,0.0,"level: -16.9 dB RMS, ui sits at -34..-22"
Assets/_Project/Audio/SFX/Lair/sfx_lair_era_select_bronze_01.ogg,sfx_lair_era_select_bronze,1,ui,generated,music:sting kind=alarm_stirred age=bronze + synth:hiss dur=1.2 low=3000 high=9000 decay=2 gain=-14,2.52,-1.5,-18.9,17.3,934,0.03,0.037,0.004,0.199,17.7,126.9,0.0,"level: -18.9 dB RMS, ui sits at -34..-22 | too long: 2.52 s for a ui one-shot (max 0.6)"
Assets/_Project/Audio/SFX/Lair/sfx_lair_era_select_high_01.ogg,sfx_lair_era_select_high,1,ui,generated,music:sting kind=alarm_stirred age=high + synth:hiss dur=1.2 low=3000 high=9000 decay=2 gain=-14,2.52,-1.2,-14.5,13.3,1453,0.065,0.087,0.01,0.001,20.0,747.1,0.0,"level: -14.5 dB RMS, ui sits at -34..-22 | too long: 2.52 s for a ui one-shot (max 0.6)"
Assets/_Project/Audio/SFX/Lair/sfx_lair_era_select_late_01.ogg,sfx_lair_era_select_late,1,ui,generated,music:sting kind=alarm_stirred age=late + synth:hiss dur=1.2 low=3000 high=9000 decay=2 gain=-14,2.518,-1.1,-17.2,16.1,1368,0.085,0.046,0.005,0.0,16.5,148.0,0.0,"level: -17.2 dB RMS, ui sits at -34..-22 | too long: 2.518 s for a ui one-shot (max 0.6)"
Assets/_Project/Audio/SFX/Lair/sfx_lair_era_select_powder_01.ogg,sfx_lair_era_select_powder,1,ui,generated,music:sting kind=alarm_stirred age=powder + synth:hiss dur=1.2 low=3000 high=9000 decay=2 gain=-14,2.519,-1.2,-7.7,6.6,226,0.004,0.003,0.0,0.821,18.3,625.7,0.0,"level: -7.7 dB RMS, ui sits at -34..-22 | too long: 2.519 s for a ui one-shot (max 0.6)"
Assets/_Project/Audio/SFX/Lair/sfx_lair_weapon_rack_take_01.ogg,sfx_lair_weapon_rack_take,1,world,library-cc0,kenney:rpg-audio/drawKnife* + kenney:impact-sounds/impactWood_light_* gain=-6,0.345,-1.2,-24.0,22.8,1668,0.083,0.08,0.037,0.008,12.9,2.9,0.0,
Assets/_Project/Audio/SFX/Lair/sfx_lair_weapon_rack_take_02.ogg,sfx_lair_weapon_rack_take,2,world,library-cc0,kenney:rpg-audio/drawKnife* + kenney:impact-sounds/impactWood_light_* gain=-6,0.37,-1.2,-25.7,24.5,2388,0.243,0.118,0.037,0.066,14.3,1.0,0.0,
Assets/_Project/Audio/SFX/Lair/sfx_lair_revive_01.ogg,sfx_lair_revive,1,ui,placeholder,synth:shimmer dur=2.5 root=262 voices=5 attack=0.6 rise=1.5,2.5,-1.1,-17.4,16.3,530,0.0,0.0,0.0,0.0,19.2,1040.0,0.0,"level: -17.4 dB RMS, ui sits at -34..-22 | too long: 2.5 s for a ui one-shot (max 0.6)"
Assets/_Project/Audio/Music/mus_title_loop_01.ogg,mus_title_loop,1,music,placeholder,music:theme variant=title,28.591,-1.1,-18.4,17.3,251,0.015,0.002,0.0,0.776,18.6,21820.2,0.0,
Assets/_Project/Audio/Music/mus_lair_loop_01.ogg,mus_lair_loop,1,music,placeholder,music:theme variant=lair,28.591,-5.6,-18.1,12.4,229,0.009,0.001,0.0,0.774,18.8,14586.1,0.0,
Assets/_Project/Audio/Music/mus_lair_after_loss_loop_01.ogg,mus_lair_after_loss_loop,1,music,placeholder,music:theme variant=lair_after_loss,33.786,-5.1,-18.1,13.0,206,0.005,0.001,0.0,0.787,19.0,25716.2,0.0,
Assets/_Project/Audio/Music/mus_results_success_loop_01.ogg,mus_results_success_loop,1,music,placeholder,music:theme variant=results_success,16.643,-1.1,-18.0,16.9,290,0.022,0.003,0.0,0.765,17.7,10716.2,0.0,
Assets/_Project/Audio/Music/mus_results_failure_loop_01.ogg,mus_results_failure_loop,1,music,placeholder,music:theme variant=results_failure,33.786,-5.6,-18.1,12.5,208,0.005,0.001,0.0,0.784,18.9,10739.1,0.0,
Assets/_Project/Audio/Music/mus_credits_01.ogg,mus_credits,1,music,placeholder,music:theme variant=credits,28.591,-1.4,-18.8,17.4,240,0.012,0.001,0.0,0.785,18.7,21820.5,0.0,
Assets/_Project/Audio/Music/mus_raid_bronze_calm_01.ogg,mus_raid_bronze_calm,1,music,placeholder,music:raid age=bronze layer=calm,22.357,-9.4,-24.1,14.7,178,0.006,0.001,0.0,0.873,18.8,15718.3,0.0,
Assets/_Project/Audio/Music/mus_raid_bronze_stirred_01.ogg,mus_raid_bronze_stirred,1,music,placeholder,music:raid age=bronze layer=stirred,22.357,-5.3,-26.0,20.8,1088,0.166,0.03,0.001,0.455,15.8,17144.5,0.0,
Assets/_Project/Audio/Music/mus_raid_bronze_roused_01.ogg,mus_raid_bronze_roused,1,music,placeholder,music:raid age=bronze layer=roused,22.357,-6.4,-24.0,17.5,215,0.003,0.0,0.0,0.814,20.4,1429.4,0.0,
Assets/_Project/Audio/Music/mus_raid_bronze_huecry_01.ogg,mus_raid_bronze_huecry,1,music,placeholder,music:raid age=bronze layer=huecry,22.357,-9.8,-21.0,11.2,280,0.007,0.009,0.003,0.805,19.6,747.8,0.0,
Assets/_Project/Audio/Music/mus_raid_high_calm_01.ogg,mus_raid_high_calm,1,music,placeholder,music:raid age=high layer=calm,26.167,-8.9,-24.1,15.2,184,0.006,0.001,0.0,0.865,19.3,4035.3,0.0,
Assets/_Project/Audio/Music/mus_raid_high_stirred_01.ogg,mus_raid_high_stirred,1,music,placeholder,music:raid age=high layer=stirred,26.167,-2.9,-26.1,23.1,1570,0.205,0.055,0.005,0.242,15.5,20005.4,0.0,
Assets/_Project/Audio/Music/mus_raid_high_roused_01.ogg,mus_raid_high_roused,1,music,placeholder,music:raid age=high layer=roused,26.167,-1.5,-25.0,23.5,454,0.009,0.003,0.006,0.739,20.9,6586.0,0.0,
Assets/_Project/Audio/Music/mus_raid_high_huecry_01.ogg,mus_raid_high_huecry,1,music,placeholder,music:raid age=high layer=huecry,26.167,-6.6,-21.0,14.4,200,0.005,0.003,0.0,0.792,19.3,7264.0,0.0,
Assets/_Project/Audio/Music/mus_raid_late_calm_01.ogg,mus_raid_late_calm,1,music,placeholder,music:raid age=late layer=calm,19.5,-10.2,-24.0,13.8,204,0.003,0.0,0.0,0.821,20.1,12990.2,0.0,
Assets/_Project/Audio/Music/mus_raid_late_stirred_01.ogg,mus_raid_late_stirred,1,music,placeholder,music:raid age=late layer=stirred,19.5,-3.3,-26.1,22.8,1630,0.253,0.044,0.002,0.124,17.2,2505.9,0.0,
Assets/_Project/Audio/Music/mus_raid_late_roused_01.ogg,mus_raid_late_roused,1,music,placeholder,music:raid age=late layer=roused,19.5,-3.0,-24.0,21.0,1310,0.11,0.053,0.004,0.199,19.6,6253.5,0.0,
Assets/_Project/Audio/Music/mus_raid_late_huecry_01.ogg,mus_raid_late_huecry,1,music,placeholder,music:raid age=late layer=huecry,19.5,-6.5,-21.0,14.5,292,0.008,0.0,0.0,0.707,19.7,16253.3,0.0,
Assets/_Project/Audio/Music/mus_raid_powder_calm_01.ogg,mus_raid_powder_calm,1,music,placeholder,music:raid age=powder layer=calm,17.278,-9.8,-24.0,14.2,241,0.01,0.003,0.0,0.787,19.5,2805.1,0.0,
Assets/_Project/Audio/Music/mus_raid_powder_stirred_01.ogg,mus_raid_powder_stirred,1,music,placeholder,music:raid age=powder layer=stirred,17.278,-8.7,-26.0,17.3,732,0.088,0.027,0.002,0.672,16.0,2225.0,0.0,
Assets/_Project/Audio/Music/mus_raid_powder_roused_01.ogg,mus_raid_powder_roused,1,music,placeholder,music:raid age=powder layer=roused,17.278,-13.7,-24.0,10.3,250,0.012,0.001,0.0,0.735,21.0,11118.8,0.0,
Assets/_Project/Audio/Music/mus_raid_powder_huecry_01.ogg,mus_raid_powder_huecry,1,music,placeholder,music:raid age=powder layer=huecry,17.278,-8.0,-21.0,13.0,370,0.019,0.005,0.0,0.577,20.2,703.1,0.0,
Assets/_Project/Audio/Music/mus_raid_portal_narrowing_01.ogg,mus_raid_portal_narrowing,1,music,placeholder,synth:shimmer dur=16 root=220 voices=7 attack=0.9 tremolo=2 rise=2 + synth:clock dur=16 bpm=120 gain=-6,15.5,-1.6,-18.0,16.4,672,0.008,0.0,0.0,0.0,18.8,13640.9,0.0,
Assets/_Project/Audio/Stingers/sting_alarm_stirred_bronze_01.ogg,sting_alarm_stirred_bronze,1,music,placeholder,music:sting kind=alarm_stirred age=bronze,2.517,-1.1,-17.2,16.1,572,0.009,0.0,0.0,0.212,17.9,119.4,0.0,
Assets/_Project/Audio/Stingers/sting_alarm_roused_bronze_01.ogg,sting_alarm_roused_bronze,1,music,placeholder,music:sting kind=alarm_roused age=bronze,3.07,-1.2,-18.3,17.1,493,0.007,0.0,0.0,0.488,19.7,1.6,0.0,
Assets/_Project/Audio/Stingers/sting_alarm_huecry_bronze_01.ogg,sting_alarm_huecry_bronze,1,music,placeholder,music:sting kind=alarm_huecry age=bronze,4.0,-1.2,-18.6,17.5,423,0.007,0.006,0.003,0.515,18.6,154.3,0.0,
Assets/_Project/Audio/Stingers/sting_alarm_stirred_high_01.ogg,sting_alarm_stirred_high,1,music,placeholder,music:sting kind=alarm_stirred age=high,2.52,-1.2,-15.0,13.8,632,0.024,0.0,0.0,0.001,20.4,491.1,0.0,"level: -15.0 dB RMS, music sits at -28..-16"
Assets/_Project/Audio/Stingers/sting_alarm_roused_high_01.ogg,sting_alarm_roused_high,1,music,placeholder,music:sting kind=alarm_roused age=high,3.068,-1.8,-22.7,20.9,604,0.029,0.0,0.0,0.15,21.6,2.9,0.0,
Assets/_Project/Audio/Stingers/sting_alarm_huecry_high_01.ogg,sting_alarm_huecry_high,1,music,placeholder,music:sting kind=alarm_huecry age=high,4.0,-1.2,-17.9,16.7,411,0.01,0.0,0.0,0.419,22.6,23.3,0.0,
Assets/_Project/Audio/Stingers/sting_alarm_stirred_late_01.ogg,sting_alarm_stirred_late,1,music,placeholder,music:sting kind=alarm_stirred age=late,2.52,-1.2,-15.5,14.3,964,0.066,0.001,0.0,0.0,16.6,117.4,0.0,"level: -15.5 dB RMS, music sits at -28..-16"
Assets/_Project/Audio/Stingers/sting_alarm_roused_late_01.ogg,sting_alarm_roused_late,1,music,placeholder,music:sting kind=alarm_roused age=late,3.07,-1.7,-17.9,16.2,1039,0.096,0.005,0.0,0.023,20.2,7.2,0.0,
Assets/_Project/Audio/Stingers/sting_alarm_huecry_late_01.ogg,sting_alarm_huecry_late,1,music,placeholder,music:sting kind=alarm_huecry age=late,4.0,-1.1,-17.9,16.8,613,0.041,0.003,0.0,0.332,20.1,402.2,0.0,
Assets/_Project/Audio/Stingers/sting_alarm_stirred_powder_01.ogg,sting_alarm_stirred_powder,1,music,placeholder,music:sting kind=alarm_stirred age=powder,2.519,-1.2,-7.6,6.4,194,0.002,0.0,0.0,0.825,18.4,592.9,0.0,"level: -7.6 dB RMS, music sits at -28..-16"
Assets/_Project/Audio/Stingers/sting_alarm_roused_powder_01.ogg,sting_alarm_roused_powder,1,music,placeholder,music:sting kind=alarm_roused age=powder,3.069,-1.1,-11.4,10.3,462,0.031,0.002,0.0,0.283,21.4,97.0,0.0,"level: -11.4 dB RMS, music sits at -28..-16"
Assets/_Project/Audio/Stingers/sting_alarm_huecry_powder_01.ogg,sting_alarm_huecry_powder,1,music,placeholder,music:sting kind=alarm_huecry age=powder,4.0,-1.2,-15.1,13.9,495,0.026,0.003,0.0,0.328,19.6,512.3,0.0,"level: -15.1 dB RMS, music sits at -28..-16"
Assets/_Project/Audio/Stingers/sting_gold_found_01.ogg,sting_gold_found,1,music,placeholder,music:sting kind=gold_found,2.48,-1.3,-20.0,18.7,2849,0.282,0.097,0.035,0.0,18.4,192.2,0.0,
Assets/_Project/Audio/Stingers/sting_gold_found_02.ogg,sting_gold_found,2,music,placeholder,music:sting kind=gold_found,2.483,-1.4,-19.4,18.1,2868,0.284,0.099,0.036,0.0,18.9,192.2,0.0,
Assets/_Project/Audio/Stingers/sting_player_down_01.ogg,sting_player_down,1,music,placeholder,music:sting kind=player_down,4.0,-1.3,-22.1,20.8,79,0.0,0.0,0.0,0.992,22.3,2.4,0.0,
Assets/_Project/Audio/Stingers/sting_extract_success_01.ogg,sting_extract_success,1,music,placeholder,music:sting kind=extract_success,2.569,-1.5,-7.5,6.0,645,0.041,0.005,0.0,0.145,21.1,324.8,0.0,"level: -7.5 dB RMS, music sits at -28..-16"
Assets/_Project/Audio/Stingers/sting_raid_lost_01.ogg,sting_raid_lost,1,music,placeholder,music:sting kind=raid_lost,3.0,-1.2,-9.7,8.6,233,0.002,0.0,0.0,0.817,19.1,575.6,0.0001,"level: -9.7 dB RMS, music sits at -28..-16"
Assets/_Project/Audio/Stingers/sting_portal_opened_01.ogg,sting_portal_opened,1,music,placeholder,music:sting kind=portal_opened,4.0,-1.3,-18.3,17.0,497,0.0,0.0,0.0,0.012,19.0,1606.5,0.0,
Assets/_Project/Audio/Ambience/amb_bronze_exterior_loop_01.ogg,amb_bronze_exterior_loop,1,ambience,placeholder,synth:wind dur=30 low=200 high=1200 gain=-6 + synth:crickets dur=30 voices=8 + synth:wind dur=30 low=60 high=200 gust=0.05 gain=-8,29.5,-10.2,-26.2,16.0,4263,0.912,0.066,0.0,0.011,18.6,11818.8,0.0,
Assets/_Project/Audio/Ambience/amb_high_exterior_loop_01.ogg,amb_high_exterior_loop,1,ambience,placeholder,synth:wind dur=30 low=250 high=1800 gust=0.2 + synth:crickets dur=30 voices=2 gain=-10,29.5,-10.1,-26.2,16.1,1841,0.221,0.099,0.0,0.049,15.1,25071.4,0.0,
Assets/_Project/Audio/Ambience/amb_late_exterior_loop_01.ogg,amb_late_exterior_loop,1,ambience,placeholder,synth:wind dur=30 low=300 high=1500 + synth:drips dur=30 rate=3,29.5,-5.5,-26.2,20.8,901,0.011,0.0,0.0,0.017,14.8,10011.2,0.0,
Assets/_Project/Audio/Ambience/amb_powder_exterior_loop_01.ogg,amb_powder_exterior_loop,1,ambience,placeholder,synth:wind dur=30 low=200 high=900 gust=0.08 gain=-6 + synth:bell_toll freq=392 dur=6 count=1 gain=-22 + synth:hiss dur=30 low=800 high=4000 gain=-18,29.5,-11.7,-26.3,14.6,1728,0.309,0.042,0.002,0.1,12.5,10141.8,0.0,
Assets/_Project/Audio/Ambience/amb_room_corridor_loop_01.ogg,amb_room_corridor_loop,1,ambience,placeholder,synth:wind dur=30 low=80 high=400 gust=0.1 gain=-6,29.5,-10.4,-26.1,15.8,211,0.0,0.0,0.0,0.69,19.1,18226.9,0.0,
Assets/_Project/Audio/Ambience/amb_room_small_loop_01.ogg,amb_room_small_loop,1,ambience,placeholder,synth:wind dur=30 low=60 high=250 gust=0.05 gain=-10,29.5,-10.0,-26.1,16.1,140,0.0,0.0,0.0,0.91,20.8,18230.4,0.0,
Assets/_Project/Audio/Ambience/amb_room_hall_loop_01.ogg,amb_room_hall_loop,1,ambience,placeholder,synth:wind dur=30 low=50 high=300 gust=0.04 + synth:drone dur=30 freqs=55 bright=200 gain=-20,29.5,-13.2,-26.1,12.9,116,0.0,0.0,0.0,0.914,20.2,16343.2,0.0,
Assets/_Project/Audio/Ambience/amb_room_stair_loop_01.ogg,amb_room_stair_loop,1,ambience,placeholder,synth:wind dur=30 low=400 high=2200 gust=0.3,29.5,-10.4,-26.3,15.9,1110,0.102,0.002,0.0,0.011,13.4,21907.9,0.0,
Assets/_Project/Audio/Ambience/amb_room_crypt_loop_01.ogg,amb_room_crypt_loop,1,ambience,placeholder,synth:drips dur=30 rate=1.2 + synth:wind dur=30 low=30 high=120 gust=0.03,29.5,-4.3,-26.1,21.8,436,0.0,0.0,0.0,0.602,21.1,14516.3,0.0,
Assets/_Project/Audio/Ambience/amb_room_chapel_loop_01.ogg,amb_room_chapel_loop,1,ambience,placeholder,synth:drone dur=30 freqs=73.4/110 bright=500 tremolo=0.05 gain=-12 + synth:hiss dur=30 low=2000 high=6000 gain=-26,29.5,-14.7,-26.1,11.4,164,0.003,0.001,0.0,0.894,19.7,24400.8,0.0,
Assets/_Project/Audio/Ambience/amb_room_magazine_loop_01.ogg,amb_room_magazine_loop,1,ambience,placeholder,synth:creak dur=30 rate=0.3 pitch=300 gain=-10 + synth:wind dur=30 low=40 high=150 gain=-12,29.5,-9.4,-26.1,16.7,88,0.0,0.0,0.0,0.978,21.3,10893.8,0.0,
Assets/_Project/Audio/Ambience/amb_room_counting_loop_01.ogg,amb_room_counting_loop,1,ambience,placeholder,synth:wind dur=30 low=60 high=250 gain=-10 + synth:clock dur=30 bpm=4 gain=-10,29.5,-1.6,-26.1,24.5,167,0.005,0.0,0.001,0.906,20.8,15000.8,0.0,
Assets/_Project/Audio/Ambience/amb_room_kunstkammer_loop_01.ogg,amb_room_kunstkammer_loop,1,ambience,placeholder,synth:clock dur=30 bpm=60 + synth:wind dur=30 low=60 high=250 gain=-12,29.5,-1.4,-33.7,32.3,3427,0.608,0.038,0.083,0.232,20.7,7002.0,0.0,harsh: 61% of a tonal sound's energy at 2-5 kHz
Assets/_Project/Audio/Ambience/amb_room_gallery_loop_01.ogg,amb_room_gallery_loop,1,ambience,placeholder,synth:wind dur=30 low=200 high=1000 gust=0.2 + synth:rattle dur=30 density=1.5 freq=2500 gain=-8,29.5,-2.1,-26.2,24.1,1822,0.217,0.066,0.013,0.103,16.3,10245.7,0.0,
Assets/_Project/Audio/Ambience/amb_room_bronze_interior_loop_01.ogg,amb_room_bronze_interior_loop,1,ambience,placeholder,synth:crackle dur=30 density=6 body=0.6 gain=-8 + synth:wind dur=30 low=60 high=250 gain=-10,29.5,-1.3,-27.8,26.5,363,0.034,0.016,0.001,0.803,20.4,13432.4,0.0,
Assets/_Project/Audio/Ambience/amb_spot_dripping_01.ogg,amb_spot_dripping,1,ambience,placeholder,synth:drips dur=12 rate=1.5,11.5,-1.1,-26.5,25.4,1020,0.0,0.0,0.0,0.0,17.6,1522.1,0.0,
Assets/_Project/Audio/Ambience/amb_spot_rats_01.ogg,amb_spot_rats,1,ambience,placeholder,synth:rattle dur=12 density=4 freq=5000 spread=0.3 + synth:babble dur=0.3 pitch=1400 mood=alert gain=-12,11.5,-1.5,-28.0,26.5,7058,0.303,0.479,0.212,0.001,21.3,7042.2,0.0,harsh: 30% of a tonal sound's energy at 2-5 kHz | shrill: a tonal sound centred at 7058 Hz
Assets/_Project/Audio/Ambience/amb_spot_wind_gap_01.ogg,amb_spot_wind_gap,1,ambience,placeholder,synth:wind dur=12 low=600 high=2500 gust=0.3,11.5,-6.7,-22.4,15.7,1389,0.174,0.003,0.0,0.002,13.0,4514.7,0.0,
