file,name,variant,status,final_source,seconds,peak_db,rms_db,sources,licence
Assets/_Project/Audio/Ambience/Alarm/amb_alarm_bronze_huecry_loop_01.ogg,amb_alarm_bronze_huecry_loop,1,placeholder,L,4.5,-15.7,-29.0,synth:gong + synth:horn,original (AudioForge)
Assets/_Project/Audio/Ambience/Alarm/amb_alarm_bronze_roused_01.ogg,amb_alarm_bronze_roused,1,placeholder,L,3.5,-22.7,-29.0,synth:horn,original (AudioForge)
Assets/_Project/Audio/Ambience/Alarm/amb_alarm_high_huecry_loop_01.ogg,amb_alarm_high_huecry_loop,1,placeholder,L,5.2,-14.1,-29.0,synth:bell_toll,original (AudioForge)
Assets/_Project/Audio/Ambience/Alarm/amb_alarm_high_roused_01.ogg,amb_alarm_high_roused,1,placeholder,L,6.0,-11.3,-29.0,synth:bell_toll,original (AudioForge)
Assets/_Project/Audio/Ambience/Alarm/amb_alarm_late_huecry_loop_01.ogg,amb_alarm_late_huecry_loop,1,placeholder,L,3.75,-16.3,-29.0,synth:bell_toll,original (AudioForge)
Assets/_Project/Audio/Ambience/Alarm/amb_alarm_late_roused_01.ogg,amb_alarm_late_roused,1,placeholder,L,3.0,-22.2,-29.0,synth:horn,original (AudioForge)
Assets/_Project/Audio/Ambience/Alarm/amb_alarm_powder_huecry_loop_01.ogg,amb_alarm_powder_huecry_loop,1,placeholder,L,3.5,-11.8,-29.0,synth:rattle + synth:gunshot,original (AudioForge)
Assets/_Project/Audio/Ambience/Alarm/amb_alarm_powder_roused_01.ogg,amb_alarm_powder_roused,1,placeholder,L,1.424,-11.5,-29.0,synth:thump + synth:rattle,original (AudioForge)
Assets/_Project/Audio/Ambience/Fire/amb_fire_blaze_loop_01.ogg,amb_fire_blaze_loop,1,placeholder,L,9.5,-2.2,-22.0,synth:crackle,original (AudioForge)
Assets/_Project/Audio/Ambience/Fire/amb_fire_brazier_loop_01.ogg,amb_fire_brazier_loop,1,placeholder,L,7.5,-1.0,-22.0,synth:crackle,original (AudioForge)
Assets/_Project/Audio/Ambience/Fire/amb_fire_candle_loop_01.ogg,amb_fire_candle_loop,1,placeholder,L,5.5,-1.0,-35.3,synth:crackle,original (AudioForge)
Assets/_Project/Audio/Ambience/Fire/amb_fire_hearth_loop_01.ogg,amb_fire_hearth_loop,1,placeholder,L,9.5,-1.6,-22.0,synth:crackle,original (AudioForge)
Assets/_Project/Audio/Ambience/Fire/amb_fire_torch_loop_01.ogg,amb_fire_torch_loop,1,placeholder,L,7.5,-1.4,-22.0,synth:crackle,original (AudioForge)
Assets/_Project/Audio/Ambience/amb_bronze_exterior_loop_01.ogg,amb_bronze_exterior_loop,1,placeholder,L,29.5,-10.6,-26.0,synth:wind + synth:crickets + synth:wind,original (AudioForge)
Assets/_Project/Audio/Ambience/amb_high_exterior_loop_01.ogg,amb_high_exterior_loop,1,placeholder,L,29.5,-9.1,-26.0,synth:wind + synth:crickets,original (AudioForge)
Assets/_Project/Audio/Ambience/amb_household_stir_loop_01.ogg,amb_household_stir_loop,1,placeholder,R,19.5,-2.6,-22.0,synth:murmur_crowd + synth:drips,original (AudioForge)
Assets/_Project/Audio/Ambience/amb_lair_bed_loop_01.ogg,amb_lair_bed_loop,1,placeholder,L,29.5,-1.0,-28.3,synth:drips + synth:wind,original (AudioForge)
Assets/_Project/Audio/Ambience/amb_lair_hearth_loop_01.ogg,amb_lair_hearth_loop,1,placeholder,L,11.5,-1.0,-29.7,synth:crackle,original (AudioForge)
Assets/_Project/Audio/Ambience/amb_late_exterior_loop_01.ogg,amb_late_exterior_loop,1,placeholder,L,29.5,-4.9,-26.0,synth:wind + synth:drips,original (AudioForge)
Assets/_Project/Audio/Ambience/amb_portal_loop_01.ogg,amb_portal_loop,1,generated,G,9.5,-10.6,-22.0,synth:drone + synth:shimmer,original (AudioForge)
Assets/_Project/Audio/Ambience/amb_powder_exterior_loop_01.ogg,amb_powder_exterior_loop,1,placeholder,L,29.5,-9.5,-26.0,synth:wind + synth:bell_toll + synth:hiss,original (AudioForge)
Assets/_Project/Audio/Ambience/amb_room_bronze_interior_loop_01.ogg,amb_room_bronze_interior_loop,1,placeholder,L,29.5,-1.0,-27.7,synth:crackle + synth:wind,original (AudioForge)
Assets/_Project/Audio/Ambience/amb_room_chapel_loop_01.ogg,amb_room_chapel_loop,1,placeholder,L,29.5,-15.4,-26.0,synth:drone + synth:hiss,original (AudioForge)
Assets/_Project/Audio/Ambience/amb_room_corridor_loop_01.ogg,amb_room_corridor_loop,1,placeholder,L,29.5,-10.3,-26.0,synth:wind,original (AudioForge)
Assets/_Project/Audio/Ambience/amb_room_counting_loop_01.ogg,amb_room_counting_loop,1,placeholder,L,29.5,-10.9,-26.0,synth:wind + synth:clock,original (AudioForge)
Assets/_Project/Audio/Ambience/amb_room_crypt_loop_01.ogg,amb_room_crypt_loop,1,placeholder,L,29.5,-4.2,-26.0,synth:drips + synth:wind,original (AudioForge)
Assets/_Project/Audio/Ambience/amb_room_gallery_loop_01.ogg,amb_room_gallery_loop,1,placeholder,L,29.5,-1.5,-26.0,synth:wind + synth:rattle,original (AudioForge)
Assets/_Project/Audio/Ambience/amb_room_hall_loop_01.ogg,amb_room_hall_loop,1,placeholder,L,29.5,-13.3,-26.0,synth:wind + synth:drone,original (AudioForge)
Assets/_Project/Audio/Ambience/amb_room_kunstkammer_loop_01.ogg,amb_room_kunstkammer_loop,1,placeholder,L,29.5,-1.0,-28.3,synth:clock + synth:wind,original (AudioForge)
Assets/_Project/Audio/Ambience/amb_room_magazine_loop_01.ogg,amb_room_magazine_loop,1,placeholder,L,29.5,-9.7,-26.0,synth:creak + synth:wind,original (AudioForge)
Assets/_Project/Audio/Ambience/amb_room_small_loop_01.ogg,amb_room_small_loop,1,placeholder,L,29.5,-10.0,-26.0,synth:wind,original (AudioForge)
Assets/_Project/Audio/Ambience/amb_room_stair_loop_01.ogg,amb_room_stair_loop,1,placeholder,L,29.5,-10.0,-26.0,synth:wind,original (AudioForge)
Assets/_Project/Audio/Ambience/amb_spot_dripping_01.ogg,amb_spot_dripping,1,placeholder,L,11.5,-1.0,-26.3,synth:drips,original (AudioForge)
Assets/_Project/Audio/Ambience/amb_spot_rats_01.ogg,amb_spot_rats,1,placeholder,L,11.5,-1.0,-26.2,synth:rattle + synth:babble,original (AudioForge)
Assets/_Project/Audio/Ambience/amb_spot_wind_gap_01.ogg,amb_spot_wind_gap,1,placeholder,L,11.5,-6.6,-22.0,synth:wind,original (AudioForge)
Assets/_Project/Audio/Foley/foley_gear_bronze_plate_move_01.ogg,foley_gear_bronze_plate_move,1,library-cc0,L,0.715,-5.0,-26.5,kenney/impact-sounds/impactBell_heavy_000.ogg + synth:rattle,CC0 (Kenney)
Assets/_Project/Audio/Foley/foley_gear_bronze_plate_move_02.ogg,foley_gear_bronze_plate_move,2,library-cc0,L,0.8,-3.7,-26.5,kenney/impact-sounds/impactBell_heavy_001.ogg + synth:rattle,CC0 (Kenney)
Assets/_Project/Audio/Foley/foley_gear_bronze_plate_move_03.ogg,foley_gear_bronze_plate_move,3,library-cc0,L,0.321,-7.1,-26.5,kenney/impact-sounds/impactBell_heavy_002.ogg + synth:rattle,CC0 (Kenney)
Assets/_Project/Audio/Foley/foley_gear_bronze_plate_move_04.ogg,foley_gear_bronze_plate_move,4,library-cc0,L,0.316,-8.1,-26.5,kenney/impact-sounds/impactBell_heavy_003.ogg + synth:rattle,CC0 (Kenney)
Assets/_Project/Audio/Foley/foley_gear_leather_move_01.ogg,foley_gear_leather_move,1,library-cc0,L,0.698,-1.0,-27.8,kenney/rpg-audio/clothBelt.ogg + kenney/rpg-audio/handleSmallLeather.ogg,CC0 (Kenney)
Assets/_Project/Audio/Foley/foley_gear_leather_move_02.ogg,foley_gear_leather_move,2,library-cc0,L,0.559,-3.2,-26.5,kenney/rpg-audio/clothBelt2.ogg + kenney/rpg-audio/handleSmallLeather2.ogg,CC0 (Kenney)
Assets/_Project/Audio/Foley/foley_gear_leather_move_03.ogg,foley_gear_leather_move,3,library-cc0,L,0.665,-1.0,-27.8,kenney/rpg-audio/clothBelt.ogg + kenney/rpg-audio/handleSmallLeather.ogg,CC0 (Kenney)
Assets/_Project/Audio/Foley/foley_gear_leather_move_04.ogg,foley_gear_leather_move,4,library-cc0,L,0.532,-3.1,-26.5,kenney/rpg-audio/clothBelt2.ogg + kenney/rpg-audio/handleSmallLeather2.ogg,CC0 (Kenney)
Assets/_Project/Audio/Foley/foley_gear_linen_move_01.ogg,foley_gear_linen_move,1,library-cc0,L,0.585,-4.4,-26.5,kenney/rpg-audio/cloth1.ogg,CC0 (Kenney)
Assets/_Project/Audio/Foley/foley_gear_linen_move_02.ogg,foley_gear_linen_move,2,library-cc0,L,0.363,-7.9,-26.5,kenney/rpg-audio/cloth2.ogg,CC0 (Kenney)
Assets/_Project/Audio/Foley/foley_gear_linen_move_03.ogg,foley_gear_linen_move,3,library-cc0,L,0.477,-7.5,-26.5,kenney/rpg-audio/cloth3.ogg,CC0 (Kenney)
Assets/_Project/Audio/Foley/foley_gear_linen_move_04.ogg,foley_gear_linen_move,4,library-cc0,L,0.384,-6.1,-26.5,kenney/rpg-audio/cloth4.ogg,CC0 (Kenney)
Assets/_Project/Audio/Foley/foley_gear_mail_move_01.ogg,foley_gear_mail_move,1,library-cc0,L,0.54,-9.7,-26.5,synth:rattle + kenney/rpg-audio/cloth1.ogg,CC0 (Kenney)
Assets/_Project/Audio/Foley/foley_gear_mail_move_02.ogg,foley_gear_mail_move,2,library-cc0,L,0.385,-12.1,-26.5,synth:rattle + kenney/rpg-audio/cloth2.ogg,CC0 (Kenney)
Assets/_Project/Audio/Foley/foley_gear_mail_move_03.ogg,foley_gear_mail_move,3,library-cc0,L,0.447,-11.5,-26.5,synth:rattle + kenney/rpg-audio/cloth3.ogg,CC0 (Kenney)
Assets/_Project/Audio/Foley/foley_gear_mail_move_04.ogg,foley_gear_mail_move,4,library-cc0,L,0.399,-8.8,-26.5,synth:rattle + kenney/rpg-audio/cloth4.ogg,CC0 (Kenney)
Assets/_Project/Audio/Foley/foley_gear_plate_move_01.ogg,foley_gear_plate_move,1,library-cc0,L,0.386,-7.1,-26.5,kenney/impact-sounds/impactPlate_light_000.ogg + synth:rattle,CC0 (Kenney)
Assets/_Project/Audio/Foley/foley_gear_plate_move_02.ogg,foley_gear_plate_move,2,library-cc0,L,0.54,-4.4,-26.5,kenney/impact-sounds/impactPlate_light_001.ogg + synth:rattle,CC0 (Kenney)
Assets/_Project/Audio/Foley/foley_gear_plate_move_03.ogg,foley_gear_plate_move,3,library-cc0,L,0.427,-6.4,-26.5,kenney/impact-sounds/impactPlate_light_002.ogg + synth:rattle,CC0 (Kenney)
Assets/_Project/Audio/Foley/foley_gear_plate_move_04.ogg,foley_gear_plate_move,4,library-cc0,L,0.465,-5.7,-26.5,kenney/impact-sounds/impactPlate_light_003.ogg + synth:rattle,CC0 (Kenney)
Assets/_Project/Audio/Foley/foley_player_dodge_01.ogg,foley_player_dodge,1,library-cc0,L,0.585,-7.1,-26.5,synth:whoosh + kenney/rpg-audio/cloth1.ogg,CC0 (Kenney)
Assets/_Project/Audio/Foley/foley_player_dodge_02.ogg,foley_player_dodge,2,library-cc0,L,0.363,-9.2,-26.5,synth:whoosh + kenney/rpg-audio/cloth2.ogg,CC0 (Kenney)
Assets/_Project/Audio/Foley/foley_player_dodge_03.ogg,foley_player_dodge,3,library-cc0,L,0.477,-8.6,-26.5,synth:whoosh + kenney/rpg-audio/cloth3.ogg,CC0 (Kenney)
Assets/_Project/Audio/Foley/foley_player_jump_01.ogg,foley_player_jump,1,library-cc0,L,0.585,-7.3,-26.5,kenney/rpg-audio/cloth1.ogg + synth:thump,CC0 (Kenney)
Assets/_Project/Audio/Foley/foley_player_jump_02.ogg,foley_player_jump,2,library-cc0,L,0.363,-13.7,-26.5,kenney/rpg-audio/cloth2.ogg + synth:thump,CC0 (Kenney)
Assets/_Project/Audio/Foley/foley_player_land_01.ogg,foley_player_land,1,library-cc0,L,0.118,-13.1,-26.5,kenney/impact-sounds/impactSoft_medium_000.ogg,CC0 (Kenney)
Assets/_Project/Audio/Foley/foley_player_land_02.ogg,foley_player_land,2,library-cc0,L,0.183,-12.5,-26.5,kenney/impact-sounds/impactSoft_medium_001.ogg,CC0 (Kenney)
Assets/_Project/Audio/Foley/foley_player_land_03.ogg,foley_player_land,3,library-cc0,L,0.135,-13.3,-26.5,kenney/impact-sounds/impactSoft_medium_002.ogg,CC0 (Kenney)
Assets/_Project/Audio/Foley/foley_player_land_heavy_01.ogg,foley_player_land_heavy,1,library-cc0,L,0.505,-8.7,-25.0,kenney/impact-sounds/impactSoft_heavy_000.ogg,CC0 (Kenney)
Assets/_Project/Audio/Foley/foley_player_land_heavy_02.ogg,foley_player_land_heavy,2,library-cc0,L,0.572,-8.5,-25.0,kenney/impact-sounds/impactSoft_heavy_001.ogg,CC0 (Kenney)
Assets/_Project/Audio/Foley/foley_robe_move_01.ogg,foley_robe_move,1,library-cc0,L,0.585,-5.9,-28.0,kenney/rpg-audio/cloth1.ogg,CC0 (Kenney)
Assets/_Project/Audio/Foley/foley_robe_move_02.ogg,foley_robe_move,2,library-cc0,L,0.363,-9.4,-28.0,kenney/rpg-audio/cloth2.ogg,CC0 (Kenney)
Assets/_Project/Audio/Foley/foley_robe_move_03.ogg,foley_robe_move,3,library-cc0,L,0.477,-9.0,-28.0,kenney/rpg-audio/cloth3.ogg,CC0 (Kenney)
Assets/_Project/Audio/Foley/foley_robe_move_04.ogg,foley_robe_move,4,library-cc0,L,0.384,-7.6,-28.0,kenney/rpg-audio/cloth4.ogg,CC0 (Kenney)
Assets/_Project/Audio/Foley/foley_robe_move_05.ogg,foley_robe_move,5,library-cc0,L,0.698,-1.1,-28.0,kenney/rpg-audio/clothBelt.ogg,CC0 (Kenney)
Assets/_Project/Audio/Foley/foley_robe_move_06.ogg,foley_robe_move,6,library-cc0,L,0.559,-4.6,-28.0,kenney/rpg-audio/clothBelt2.ogg,CC0 (Kenney)
Assets/_Project/Audio/Foley/foley_step_earth_01.ogg,foley_step_earth,1,library-cc0,L,0.186,-4.1,-26.5,kenney/impact-sounds/footstep_grass_000.ogg,CC0 (Kenney)
Assets/_Project/Audio/Foley/foley_step_earth_02.ogg,foley_step_earth,2,library-cc0,L,0.172,-5.0,-26.5,kenney/impact-sounds/footstep_grass_001.ogg,CC0 (Kenney)
Assets/_Project/Audio/Foley/foley_step_earth_03.ogg,foley_step_earth,3,library-cc0,L,0.177,-4.4,-26.5,kenney/impact-sounds/footstep_grass_002.ogg,CC0 (Kenney)
Assets/_Project/Audio/Foley/foley_step_earth_04.ogg,foley_step_earth,4,library-cc0,L,0.157,-4.4,-26.5,kenney/impact-sounds/footstep_grass_003.ogg,CC0 (Kenney)
Assets/_Project/Audio/Foley/foley_step_earth_05.ogg,foley_step_earth,5,library-cc0,L,0.14,-5.5,-26.5,kenney/impact-sounds/footstep_grass_004.ogg,CC0 (Kenney)
Assets/_Project/Audio/Foley/foley_step_earth_06.ogg,foley_step_earth,6,library-cc0,L,0.177,-4.0,-26.5,kenney/impact-sounds/footstep_grass_000.ogg,CC0 (Kenney)
Assets/_Project/Audio/Foley/foley_step_hound_01.ogg,foley_step_hound,1,placeholder,L,0.05,-11.4,-26.5,synth:tick + synth:tick,original (AudioForge)
Assets/_Project/Audio/Foley/foley_step_hound_02.ogg,foley_step_hound,2,placeholder,L,0.05,-10.3,-26.5,synth:tick + synth:tick,original (AudioForge)
Assets/_Project/Audio/Foley/foley_step_hound_03.ogg,foley_step_hound,3,placeholder,L,0.05,-8.8,-26.5,synth:tick + synth:tick,original (AudioForge)
Assets/_Project/Audio/Foley/foley_step_hound_04.ogg,foley_step_hound,4,placeholder,L,0.05,-10.1,-26.5,synth:tick + synth:tick,original (AudioForge)
Assets/_Project/Audio/Foley/foley_step_hound_05.ogg,foley_step_hound,5,placeholder,L,0.05,-9.7,-26.5,synth:tick + synth:tick,original (AudioForge)
Assets/_Project/Audio/Foley/foley_step_hound_06.ogg,foley_step_hound,6,placeholder,L,0.05,-12.2,-26.5,synth:tick + synth:tick,original (AudioForge)
Assets/_Project/Audio/Foley/foley_step_metal_01.ogg,foley_step_metal,1,library-cc0,L,0.248,-6.5,-25.0,kenney/impact-sounds/impactMetal_light_000.ogg,CC0 (Kenney)
Assets/_Project/Audio/Foley/foley_step_metal_02.ogg,foley_step_metal,2,library-cc0,L,0.233,-6.2,-25.0,kenney/impact-sounds/impactMetal_light_001.ogg,CC0 (Kenney)
Assets/_Project/Audio/Foley/foley_step_metal_03.ogg,foley_step_metal,3,library-cc0,L,0.187,-6.4,-25.0,kenney/impact-sounds/impactMetal_light_002.ogg,CC0 (Kenney)
Assets/_Project/Audio/Foley/foley_step_metal_04.ogg,foley_step_metal,4,library-cc0,L,0.346,-7.8,-25.0,kenney/impact-sounds/impactMetal_light_003.ogg,CC0 (Kenney)
Assets/_Project/Audio/Foley/foley_step_rushes_01.ogg,foley_step_rushes,1,library-cc0,L,0.144,-3.8,-26.5,kenney/impact-sounds/footstep_grass_000.ogg,CC0 (Kenney)
Assets/_Project/Audio/Foley/foley_step_rushes_02.ogg,foley_step_rushes,2,library-cc0,L,0.133,-5.2,-26.5,kenney/impact-sounds/footstep_grass_001.ogg,CC0 (Kenney)
Assets/_Project/Audio/Foley/foley_step_rushes_03.ogg,foley_step_rushes,3,library-cc0,L,0.137,-4.0,-26.5,kenney/impact-sounds/footstep_grass_002.ogg,CC0 (Kenney)
Assets/_Project/Audio/Foley/foley_step_rushes_04.ogg,foley_step_rushes,4,library-cc0,L,0.122,-4.0,-26.5,kenney/impact-sounds/footstep_grass_003.ogg,CC0 (Kenney)
Assets/_Project/Audio/Foley/foley_step_rushes_05.ogg,foley_step_rushes,5,library-cc0,L,0.109,-5.0,-26.5,kenney/impact-sounds/footstep_grass_004.ogg,CC0 (Kenney)
Assets/_Project/Audio/Foley/foley_step_rushes_06.ogg,foley_step_rushes,6,library-cc0,L,0.137,-3.8,-26.5,kenney/impact-sounds/footstep_grass_000.ogg,CC0 (Kenney)
Assets/_Project/Audio/Foley/foley_step_stone_01.ogg,foley_step_stone,1,library-cc0,L,0.106,-5.9,-26.5,kenney/impact-sounds/footstep_concrete_000.ogg,CC0 (Kenney)
Assets/_Project/Audio/Foley/foley_step_stone_02.ogg,foley_step_stone,2,library-cc0,L,0.108,-4.9,-26.5,kenney/impact-sounds/footstep_concrete_001.ogg,CC0 (Kenney)
Assets/_Project/Audio/Foley/foley_step_stone_03.ogg,foley_step_stone,3,library-cc0,L,0.113,-3.9,-26.5,kenney/impact-sounds/footstep_concrete_002.ogg,CC0 (Kenney)
Assets/_Project/Audio/Foley/foley_step_stone_04.ogg,foley_step_stone,4,library-cc0,L,0.111,-5.2,-26.5,kenney/impact-sounds/footstep_concrete_003.ogg,CC0 (Kenney)
Assets/_Project/Audio/Foley/foley_step_stone_05.ogg,foley_step_stone,5,library-cc0,L,0.114,-5.6,-26.5,kenney/impact-sounds/footstep_concrete_004.ogg,CC0 (Kenney)
Assets/_Project/Audio/Foley/foley_step_stone_06.ogg,foley_step_stone,6,library-cc0,L,0.101,-5.8,-26.5,kenney/impact-sounds/footstep_concrete_000.ogg,CC0 (Kenney)
Assets/_Project/Audio/Foley/foley_step_tile_01.ogg,foley_step_tile,1,library-cc0,L,0.088,-5.7,-26.5,kenney/impact-sounds/footstep_concrete_000.ogg,CC0 (Kenney)
Assets/_Project/Audio/Foley/foley_step_tile_02.ogg,foley_step_tile,2,library-cc0,L,0.09,-4.7,-26.5,kenney/impact-sounds/footstep_concrete_001.ogg,CC0 (Kenney)
Assets/_Project/Audio/Foley/foley_step_tile_03.ogg,foley_step_tile,3,library-cc0,L,0.094,-3.7,-26.5,kenney/impact-sounds/footstep_concrete_002.ogg,CC0 (Kenney)
Assets/_Project/Audio/Foley/foley_step_tile_04.ogg,foley_step_tile,4,library-cc0,L,0.092,-5.0,-26.5,kenney/impact-sounds/footstep_concrete_003.ogg,CC0 (Kenney)
Assets/_Project/Audio/Foley/foley_step_tile_05.ogg,foley_step_tile,5,library-cc0,L,0.095,-5.3,-26.5,kenney/impact-sounds/footstep_concrete_004.ogg,CC0 (Kenney)
Assets/_Project/Audio/Foley/foley_step_tile_06.ogg,foley_step_tile,6,library-cc0,L,0.084,-5.8,-26.5,kenney/impact-sounds/footstep_concrete_000.ogg,CC0 (Kenney)
Assets/_Project/Audio/Foley/foley_step_water_01.ogg,foley_step_water,1,placeholder,L,0.214,-12.2,-26.5,synth:drips + synth:whoosh,original (AudioForge)
Assets/_Project/Audio/Foley/foley_step_water_02.ogg,foley_step_water,2,placeholder,L,0.215,-13.0,-26.5,synth:drips + synth:whoosh,original (AudioForge)
Assets/_Project/Audio/Foley/foley_step_water_03.ogg,foley_step_water,3,placeholder,L,0.201,-13.6,-26.5,synth:drips + synth:whoosh,original (AudioForge)
Assets/_Project/Audio/Foley/foley_step_water_04.ogg,foley_step_water,4,placeholder,L,0.229,-12.5,-26.5,synth:drips + synth:whoosh,original (AudioForge)
Assets/_Project/Audio/Foley/foley_step_wood_01.ogg,foley_step_wood,1,library-cc0,L,0.25,-6.6,-26.5,kenney/impact-sounds/footstep_wood_000.ogg,CC0 (Kenney)
Assets/_Project/Audio/Foley/foley_step_wood_02.ogg,foley_step_wood,2,library-cc0,L,0.252,-7.4,-26.5,kenney/impact-sounds/footstep_wood_001.ogg,CC0 (Kenney)
Assets/_Project/Audio/Foley/foley_step_wood_03.ogg,foley_step_wood,3,library-cc0,L,0.251,-7.9,-26.5,kenney/impact-sounds/footstep_wood_002.ogg,CC0 (Kenney)
Assets/_Project/Audio/Foley/foley_step_wood_04.ogg,foley_step_wood,4,library-cc0,L,0.252,-6.0,-26.5,kenney/impact-sounds/footstep_wood_003.ogg,CC0 (Kenney)
Assets/_Project/Audio/Foley/foley_step_wood_05.ogg,foley_step_wood,5,library-cc0,L,0.248,-7.9,-26.5,kenney/impact-sounds/footstep_wood_004.ogg,CC0 (Kenney)
Assets/_Project/Audio/Foley/foley_step_wood_06.ogg,foley_step_wood,6,library-cc0,L,0.238,-6.6,-26.5,kenney/impact-sounds/footstep_wood_000.ogg,CC0 (Kenney)
Assets/_Project/Audio/Music/mus_credits_01.ogg,mus_credits,1,placeholder,M,28.591,-5.3,-23.0,music:theme,original (AudioForge)
Assets/_Project/Audio/Music/mus_lair_after_loss_loop_01.ogg,mus_lair_after_loss_loop,1,placeholder,M,33.786,-10.3,-23.0,music:theme,original (AudioForge)
Assets/_Project/Audio/Music/mus_lair_loop_01.ogg,mus_lair_loop,1,placeholder,M,28.591,-10.8,-23.0,music:theme,original (AudioForge)
Assets/_Project/Audio/Music/mus_raid_bronze_calm_01.ogg,mus_raid_bronze_calm,1,placeholder,C,22.357,-9.3,-24.0,music:raid,original (AudioForge)
Assets/_Project/Audio/Music/mus_raid_bronze_huecry_01.ogg,mus_raid_bronze_huecry,1,placeholder,C,22.357,-9.3,-21.0,music:raid,original (AudioForge)
Assets/_Project/Audio/Music/mus_raid_bronze_roused_01.ogg,mus_raid_bronze_roused,1,placeholder,C,22.357,-6.8,-24.0,music:raid,original (AudioForge)
Assets/_Project/Audio/Music/mus_raid_bronze_stirred_01.ogg,mus_raid_bronze_stirred,1,placeholder,C,22.357,-5.3,-26.0,music:raid,original (AudioForge)
Assets/_Project/Audio/Music/mus_raid_high_calm_01.ogg,mus_raid_high_calm,1,placeholder,C,26.167,-9.5,-24.0,music:raid,original (AudioForge)
Assets/_Project/Audio/Music/mus_raid_high_huecry_01.ogg,mus_raid_high_huecry,1,placeholder,C,26.167,-6.7,-21.0,music:raid,original (AudioForge)
Assets/_Project/Audio/Music/mus_raid_high_roused_01.ogg,mus_raid_high_roused,1,placeholder,C,26.167,-2.6,-24.0,music:raid,original (AudioForge)
Assets/_Project/Audio/Music/mus_raid_high_stirred_01.ogg,mus_raid_high_stirred,1,placeholder,C,26.167,-4.9,-26.0,music:raid,original (AudioForge)
Assets/_Project/Audio/Music/mus_raid_late_calm_01.ogg,mus_raid_late_calm,1,placeholder,C,19.5,-10.3,-24.0,music:raid,original (AudioForge)
Assets/_Project/Audio/Music/mus_raid_late_huecry_01.ogg,mus_raid_late_huecry,1,placeholder,C,19.5,-6.7,-21.0,music:raid,original (AudioForge)
Assets/_Project/Audio/Music/mus_raid_late_roused_01.ogg,mus_raid_late_roused,1,placeholder,C,19.5,-3.4,-24.0,music:raid,original (AudioForge)
Assets/_Project/Audio/Music/mus_raid_late_stirred_01.ogg,mus_raid_late_stirred,1,placeholder,C,19.5,-3.2,-26.0,music:raid,original (AudioForge)
Assets/_Project/Audio/Music/mus_raid_portal_narrowing_01.ogg,mus_raid_portal_narrowing,1,placeholder,C,15.5,-5.6,-22.0,synth:shimmer + synth:clock,original (AudioForge)
Assets/_Project/Audio/Music/mus_raid_powder_calm_01.ogg,mus_raid_powder_calm,1,placeholder,C,17.278,-9.5,-24.0,music:raid,original (AudioForge)
Assets/_Project/Audio/Music/mus_raid_powder_huecry_01.ogg,mus_raid_powder_huecry,1,placeholder,C,17.278,-7.5,-21.0,music:raid,original (AudioForge)
Assets/_Project/Audio/Music/mus_raid_powder_roused_01.ogg,mus_raid_powder_roused,1,placeholder,C,17.278,-13.5,-24.0,music:raid,original (AudioForge)
Assets/_Project/Audio/Music/mus_raid_powder_stirred_01.ogg,mus_raid_powder_stirred,1,placeholder,C,17.278,-8.4,-26.0,music:raid,original (AudioForge)
Assets/_Project/Audio/Music/mus_results_failure_loop_01.ogg,mus_results_failure_loop,1,placeholder,M,33.786,-10.4,-23.0,music:theme,original (AudioForge)
Assets/_Project/Audio/Music/mus_results_success_loop_01.ogg,mus_results_success_loop,1,placeholder,M,16.643,-6.2,-23.0,music:theme,original (AudioForge)
Assets/_Project/Audio/Music/mus_title_loop_01.ogg,mus_title_loop,1,placeholder,M,28.591,-6.0,-23.0,music:theme,original (AudioForge)
Assets/_Project/Audio/Physics/phys_break_book_01.ogg,phys_break_book,1,library-cc0,L,0.635,-1.0,-26.8,kenney/rpg-audio/bookFlip1.ogg + synth:hiss,CC0 (Kenney)
Assets/_Project/Audio/Physics/phys_break_ceramic_01.ogg,phys_break_ceramic,1,library-cc0,L,0.799,-1.0,-22.5,kenney/impact-sounds/impactPlate_heavy_000.ogg + synth:shatter,CC0 (Kenney)
Assets/_Project/Audio/Physics/phys_break_ceramic_02.ogg,phys_break_ceramic,2,library-cc0,L,0.616,-1.0,-18.8,kenney/impact-sounds/impactPlate_heavy_001.ogg + synth:shatter,CC0 (Kenney)
Assets/_Project/Audio/Physics/phys_break_ceramic_03.ogg,phys_break_ceramic,3,library-cc0,L,0.514,-1.0,-19.8,kenney/impact-sounds/impactPlate_heavy_002.ogg + synth:shatter,CC0 (Kenney)
Assets/_Project/Audio/Physics/phys_break_glass_01.ogg,phys_break_glass,1,library-cc0,L,0.634,-1.0,-22.5,kenney/impact-sounds/impactGlass_heavy_000.ogg + synth:shatter,CC0 (Kenney)
Assets/_Project/Audio/Physics/phys_break_glass_02.ogg,phys_break_glass,2,library-cc0,L,0.686,-1.0,-20.4,kenney/impact-sounds/impactGlass_heavy_001.ogg + synth:shatter,CC0 (Kenney)
Assets/_Project/Audio/Physics/phys_break_glass_03.ogg,phys_break_glass,3,library-cc0,L,0.706,-1.0,-20.3,kenney/impact-sounds/impactGlass_heavy_002.ogg + synth:shatter,CC0 (Kenney)
Assets/_Project/Audio/Physics/phys_break_glass_large_01.ogg,phys_break_glass_large,1,library-cc0,L,2.452,-1.0,-20.8,synth:shatter + kenney/impact-sounds/impactGlass_heavy_000.ogg,CC0 (Kenney)
Assets/_Project/Audio/Physics/phys_break_glass_large_02.ogg,phys_break_glass_large,2,library-cc0,L,1.909,-1.0,-20.9,synth:shatter + kenney/impact-sounds/impactGlass_heavy_001.ogg,CC0 (Kenney)
Assets/_Project/Audio/Physics/phys_break_liquid_01.ogg,phys_break_liquid,1,placeholder,L,0.607,-2.5,-20.5,synth:whoosh + synth:drips,original (AudioForge)
Assets/_Project/Audio/Physics/phys_break_liquid_02.ogg,phys_break_liquid,2,placeholder,L,0.572,-5.5,-20.5,synth:whoosh + synth:drips,original (AudioForge)
Assets/_Project/Audio/Physics/phys_break_wood_01.ogg,phys_break_wood,1,library-cc0,L,0.892,-1.0,-20.6,kenney/impact-sounds/impactWood_heavy_000.ogg + synth:crumble,CC0 (Kenney)
Assets/_Project/Audio/Physics/phys_break_wood_02.ogg,phys_break_wood,2,library-cc0,L,0.899,-1.0,-22.6,kenney/impact-sounds/impactWood_heavy_001.ogg + synth:crumble,CC0 (Kenney)
Assets/_Project/Audio/Physics/phys_break_wood_03.ogg,phys_break_wood,3,library-cc0,L,0.884,-1.0,-22.2,kenney/impact-sounds/impactWood_heavy_002.ogg + synth:crumble,CC0 (Kenney)
Assets/_Project/Audio/Physics/phys_coin_spill_01.ogg,phys_coin_spill,1,library-cc0,L,0.823,-1.0,-19.4,synth:coins + kenney/rpg-audio/handleCoins.ogg,CC0 (Kenney)
Assets/_Project/Audio/Physics/phys_coin_spill_02.ogg,phys_coin_spill,2,library-cc0,L,0.864,-1.0,-17.0,synth:coins + kenney/rpg-audio/handleCoins2.ogg,CC0 (Kenney)
Assets/_Project/Audio/Physics/phys_coin_spill_03.ogg,phys_coin_spill,3,library-cc0,L,0.858,-1.0,-17.7,synth:coins + kenney/rpg-audio/handleCoins.ogg,CC0 (Kenney)
Assets/_Project/Audio/Physics/phys_impact_body_01.ogg,phys_impact_body,1,library-cc0,L,0.505,-3.7,-19.0,kenney/impact-sounds/impactPunch_heavy_000.ogg + kenney/impact-sounds/impactSoft_heavy_000.ogg,CC0 (Kenney)
Assets/_Project/Audio/Physics/phys_impact_body_02.ogg,phys_impact_body,2,library-cc0,L,0.572,-4.6,-19.0,kenney/impact-sounds/impactPunch_heavy_001.ogg + kenney/impact-sounds/impactSoft_heavy_001.ogg,CC0 (Kenney)
Assets/_Project/Audio/Physics/phys_impact_body_03.ogg,phys_impact_body,3,library-cc0,L,0.572,-3.1,-19.0,kenney/impact-sounds/impactPunch_heavy_002.ogg + kenney/impact-sounds/impactSoft_heavy_002.ogg,CC0 (Kenney)
Assets/_Project/Audio/Physics/phys_impact_body_04.ogg,phys_impact_body,4,library-cc0,L,0.544,-3.8,-19.0,kenney/impact-sounds/impactPunch_heavy_003.ogg + kenney/impact-sounds/impactSoft_heavy_003.ogg,CC0 (Kenney)
Assets/_Project/Audio/Physics/phys_impact_book_01.ogg,phys_impact_book,1,library-cc0,L,0.207,-3.0,-20.5,kenney/rpg-audio/bookPlace1.ogg,CC0 (Kenney)
Assets/_Project/Audio/Physics/phys_impact_book_02.ogg,phys_impact_book,2,library-cc0,L,0.26,-2.9,-20.5,kenney/rpg-audio/bookPlace2.ogg,CC0 (Kenney)
Assets/_Project/Audio/Physics/phys_impact_book_03.ogg,phys_impact_book,3,library-cc0,L,0.221,-2.9,-20.5,kenney/rpg-audio/bookPlace3.ogg,CC0 (Kenney)
Assets/_Project/Audio/Physics/phys_impact_bronze_heavy_01.ogg,phys_impact_bronze_heavy,1,library-cc0,L,1.276,-1.0,-25.7,kenney/impact-sounds/impactBell_heavy_000.ogg,CC0 (Kenney)
Assets/_Project/Audio/Physics/phys_impact_bronze_heavy_02.ogg,phys_impact_bronze_heavy,2,library-cc0,L,1.556,-1.0,-24.0,kenney/impact-sounds/impactBell_heavy_001.ogg,CC0 (Kenney)
Assets/_Project/Audio/Physics/phys_impact_bronze_heavy_03.ogg,phys_impact_bronze_heavy,3,library-cc0,L,0.677,-1.0,-24.1,kenney/impact-sounds/impactBell_heavy_002.ogg,CC0 (Kenney)
Assets/_Project/Audio/Physics/phys_impact_bronze_light_01.ogg,phys_impact_bronze_light,1,library-cc0,L,0.982,-1.0,-25.8,kenney/impact-sounds/impactBell_heavy_000.ogg,CC0 (Kenney)
Assets/_Project/Audio/Physics/phys_impact_bronze_light_02.ogg,phys_impact_bronze_light,2,library-cc0,L,1.197,-1.0,-24.1,kenney/impact-sounds/impactBell_heavy_001.ogg,CC0 (Kenney)
Assets/_Project/Audio/Physics/phys_impact_bronze_light_03.ogg,phys_impact_bronze_light,3,library-cc0,L,0.521,-1.0,-24.3,kenney/impact-sounds/impactBell_heavy_002.ogg,CC0 (Kenney)
Assets/_Project/Audio/Physics/phys_impact_ceramic_light_01.ogg,phys_impact_ceramic_light,1,library-cc0,L,0.48,-1.0,-25.0,kenney/impact-sounds/impactPlate_light_000.ogg,CC0 (Kenney)
Assets/_Project/Audio/Physics/phys_impact_ceramic_light_02.ogg,phys_impact_ceramic_light,2,library-cc0,L,0.585,-1.0,-26.4,kenney/impact-sounds/impactPlate_light_001.ogg,CC0 (Kenney)
Assets/_Project/Audio/Physics/phys_impact_ceramic_light_03.ogg,phys_impact_ceramic_light,3,library-cc0,L,0.427,-1.0,-24.7,kenney/impact-sounds/impactPlate_light_002.ogg,CC0 (Kenney)
Assets/_Project/Audio/Physics/phys_impact_ceramic_light_04.ogg,phys_impact_ceramic_light,4,library-cc0,L,0.47,-1.0,-24.1,kenney/impact-sounds/impactPlate_light_003.ogg,CC0 (Kenney)
Assets/_Project/Audio/Physics/phys_impact_cloth_01.ogg,phys_impact_cloth,1,library-cc0,L,0.585,-4.5,-22.0,kenney/rpg-audio/dropLeather.ogg + kenney/rpg-audio/cloth1.ogg,CC0 (Kenney)
Assets/_Project/Audio/Physics/phys_impact_cloth_02.ogg,phys_impact_cloth,2,library-cc0,L,0.363,-6.0,-22.0,kenney/rpg-audio/dropLeather.ogg + kenney/rpg-audio/cloth2.ogg,CC0 (Kenney)
Assets/_Project/Audio/Physics/phys_impact_cloth_03.ogg,phys_impact_cloth,3,library-cc0,L,0.477,-5.6,-22.0,kenney/rpg-audio/dropLeather.ogg + kenney/rpg-audio/cloth3.ogg,CC0 (Kenney)
Assets/_Project/Audio/Physics/phys_impact_coins_01.ogg,phys_impact_coins,1,library-cc0,L,0.703,-1.0,-26.1,kenney/rpg-audio/handleCoins.ogg + synth:coins,CC0 (Kenney)
Assets/_Project/Audio/Physics/phys_impact_coins_02.ogg,phys_impact_coins,2,library-cc0,L,0.337,-1.0,-19.6,kenney/rpg-audio/handleCoins2.ogg + synth:coins,CC0 (Kenney)
Assets/_Project/Audio/Physics/phys_impact_coins_03.ogg,phys_impact_coins,3,library-cc0,L,0.67,-1.0,-27.1,kenney/rpg-audio/handleCoins.ogg + synth:coins,CC0 (Kenney)
Assets/_Project/Audio/Physics/phys_impact_glass_light_01.ogg,phys_impact_glass_light,1,library-cc0,L,0.146,-2.8,-20.5,kenney/impact-sounds/impactGlass_light_000.ogg,CC0 (Kenney)
Assets/_Project/Audio/Physics/phys_impact_glass_light_02.ogg,phys_impact_glass_light,2,library-cc0,L,0.163,-3.7,-20.5,kenney/impact-sounds/impactGlass_light_001.ogg,CC0 (Kenney)
Assets/_Project/Audio/Physics/phys_impact_glass_light_03.ogg,phys_impact_glass_light,3,library-cc0,L,0.192,-3.2,-20.5,kenney/impact-sounds/impactGlass_light_002.ogg,CC0 (Kenney)
Assets/_Project/Audio/Physics/phys_impact_gold_heavy_01.ogg,phys_impact_gold_heavy,1,placeholder,L,1.2,-1.0,-19.1,synth:metal_ring,original (AudioForge)
Assets/_Project/Audio/Physics/phys_impact_gold_heavy_02.ogg,phys_impact_gold_heavy,2,placeholder,L,1.2,-1.0,-19.2,synth:metal_ring,original (AudioForge)
Assets/_Project/Audio/Physics/phys_impact_gold_light_01.ogg,phys_impact_gold_light,1,placeholder,L,0.8,-1.0,-19.4,synth:metal_ring,original (AudioForge)
Assets/_Project/Audio/Physics/phys_impact_gold_light_02.ogg,phys_impact_gold_light,2,placeholder,L,0.8,-1.0,-19.5,synth:metal_ring,original (AudioForge)
Assets/_Project/Audio/Physics/phys_impact_gold_light_03.ogg,phys_impact_gold_light,3,placeholder,L,0.8,-1.0,-19.3,synth:metal_ring,original (AudioForge)
Assets/_Project/Audio/Physics/phys_impact_metal_heavy_01.ogg,phys_impact_metal_heavy,1,library-cc0,L,0.168,-1.0,-20.9,kenney/impact-sounds/impactMetal_heavy_000.ogg,CC0 (Kenney)
Assets/_Project/Audio/Physics/phys_impact_metal_heavy_02.ogg,phys_impact_metal_heavy,2,library-cc0,L,0.359,-1.0,-23.8,kenney/impact-sounds/impactMetal_heavy_001.ogg,CC0 (Kenney)
Assets/_Project/Audio/Physics/phys_impact_metal_heavy_03.ogg,phys_impact_metal_heavy,3,library-cc0,L,0.117,-1.0,-18.9,kenney/impact-sounds/impactMetal_heavy_002.ogg,CC0 (Kenney)
Assets/_Project/Audio/Physics/phys_impact_metal_light_01.ogg,phys_impact_metal_light,1,library-cc0,L,0.248,-1.0,-19.5,kenney/impact-sounds/impactMetal_light_000.ogg,CC0 (Kenney)
Assets/_Project/Audio/Physics/phys_impact_metal_light_02.ogg,phys_impact_metal_light,2,library-cc0,L,0.233,-1.0,-19.8,kenney/impact-sounds/impactMetal_light_001.ogg,CC0 (Kenney)
Assets/_Project/Audio/Physics/phys_impact_metal_light_03.ogg,phys_impact_metal_light,3,library-cc0,L,0.187,-1.0,-19.6,kenney/impact-sounds/impactMetal_light_002.ogg,CC0 (Kenney)
Assets/_Project/Audio/Physics/phys_impact_metal_light_04.ogg,phys_impact_metal_light,4,library-cc0,L,0.346,-1.8,-19.0,kenney/impact-sounds/impactMetal_light_003.ogg,CC0 (Kenney)
Assets/_Project/Audio/Physics/phys_impact_stone_heavy_01.ogg,phys_impact_stone_heavy,1,library-cc0,L,0.964,-1.0,-19.1,kenney/impact-sounds/impactMining_000.ogg,CC0 (Kenney)
Assets/_Project/Audio/Physics/phys_impact_stone_heavy_02.ogg,phys_impact_stone_heavy,2,library-cc0,L,0.893,-1.0,-19.6,kenney/impact-sounds/impactMining_001.ogg,CC0 (Kenney)
Assets/_Project/Audio/Physics/phys_impact_stone_heavy_03.ogg,phys_impact_stone_heavy,3,library-cc0,L,0.745,-1.0,-20.9,kenney/impact-sounds/impactMining_002.ogg,CC0 (Kenney)
Assets/_Project/Audio/Physics/phys_impact_stone_light_01.ogg,phys_impact_stone_light,1,library-cc0,L,0.675,-2.4,-20.5,kenney/impact-sounds/impactMining_000.ogg,CC0 (Kenney)
Assets/_Project/Audio/Physics/phys_impact_stone_light_02.ogg,phys_impact_stone_light,2,library-cc0,L,0.625,-1.9,-20.5,kenney/impact-sounds/impactMining_001.ogg,CC0 (Kenney)
Assets/_Project/Audio/Physics/phys_impact_stone_light_03.ogg,phys_impact_stone_light,3,library-cc0,L,0.522,-1.0,-20.9,kenney/impact-sounds/impactMining_002.ogg,CC0 (Kenney)
Assets/_Project/Audio/Physics/phys_impact_stone_light_04.ogg,phys_impact_stone_light,4,library-cc0,L,0.668,-1.0,-21.7,kenney/impact-sounds/impactMining_003.ogg,CC0 (Kenney)
Assets/_Project/Audio/Physics/phys_impact_wood_heavy_01.ogg,phys_impact_wood_heavy,1,library-cc0,L,0.313,-1.0,-19.8,kenney/impact-sounds/impactWood_heavy_000.ogg,CC0 (Kenney)
Assets/_Project/Audio/Physics/phys_impact_wood_heavy_02.ogg,phys_impact_wood_heavy,2,library-cc0,L,0.313,-1.0,-19.9,kenney/impact-sounds/impactWood_heavy_001.ogg,CC0 (Kenney)
Assets/_Project/Audio/Physics/phys_impact_wood_heavy_03.ogg,phys_impact_wood_heavy,3,library-cc0,L,0.313,-1.0,-19.0,kenney/impact-sounds/impactWood_heavy_002.ogg,CC0 (Kenney)
Assets/_Project/Audio/Physics/phys_impact_wood_light_01.ogg,phys_impact_wood_light,1,library-cc0,L,0.123,-2.1,-20.5,kenney/impact-sounds/impactWood_light_000.ogg,CC0 (Kenney)
Assets/_Project/Audio/Physics/phys_impact_wood_light_02.ogg,phys_impact_wood_light,2,library-cc0,L,0.266,-1.0,-24.7,kenney/impact-sounds/impactWood_light_001.ogg,CC0 (Kenney)
Assets/_Project/Audio/Physics/phys_impact_wood_light_03.ogg,phys_impact_wood_light,3,library-cc0,L,0.127,-2.3,-20.5,kenney/impact-sounds/impactWood_light_002.ogg,CC0 (Kenney)
Assets/_Project/Audio/Physics/phys_impact_wood_light_04.ogg,phys_impact_wood_light,4,library-cc0,L,0.266,-1.0,-24.5,kenney/impact-sounds/impactWood_light_003.ogg,CC0 (Kenney)
Assets/_Project/Audio/Physics/phys_roll_loop_01.ogg,phys_roll_loop,1,placeholder,L,1.5,-2.2,-20.5,synth:rattle + synth:hiss,original (AudioForge)
Assets/_Project/Audio/Physics/phys_scrape_metal_loop_01.ogg,phys_scrape_metal_loop,1,placeholder,L,2.5,-1.3,-19.0,synth:hiss + synth:rattle,original (AudioForge)
Assets/_Project/Audio/Physics/phys_scrape_stone_loop_01.ogg,phys_scrape_stone_loop,1,placeholder,L,2.5,-2.4,-20.5,synth:hiss + synth:rattle,original (AudioForge)
Assets/_Project/Audio/Physics/phys_scrape_wood_loop_01.ogg,phys_scrape_wood_loop,1,placeholder,L,2.5,-1.0,-24.3,synth:creak,original (AudioForge)
Assets/_Project/Audio/SFX/Castle/sfx_castle_lockdown_bolt_01.ogg,sfx_castle_lockdown_bolt,1,library-cc0,L,0.342,-1.0,-21.9,kenney/rpg-audio/metalLatch.ogg + kenney/impact-sounds/impactMetal_heavy_000.ogg,CC0 (Kenney)
Assets/_Project/Audio/SFX/Castle/sfx_castle_lockdown_bolt_02.ogg,sfx_castle_lockdown_bolt,2,library-cc0,L,0.359,-1.0,-21.9,kenney/rpg-audio/metalLatch.ogg + kenney/impact-sounds/impactMetal_heavy_001.ogg,CC0 (Kenney)
Assets/_Project/Audio/SFX/Castle/sfx_castle_lockdown_bolt_03.ogg,sfx_castle_lockdown_bolt,3,library-cc0,L,0.36,-1.0,-21.6,kenney/rpg-audio/metalLatch.ogg + kenney/impact-sounds/impactMetal_heavy_002.ogg,CC0 (Kenney)
Assets/_Project/Audio/SFX/Castle/sfx_castle_lockdown_portcullis_drop_01.ogg,sfx_castle_lockdown_portcullis_drop,1,placeholder,L,0.993,-1.0,-17.1,synth:rattle + synth:thump,original (AudioForge)
Assets/_Project/Audio/SFX/Castle/sfx_castle_lockdown_portcullis_drop_02.ogg,sfx_castle_lockdown_portcullis_drop,2,placeholder,L,1.0,-1.0,-16.5,synth:rattle + synth:thump,original (AudioForge)
Assets/_Project/Audio/SFX/Castle/sfx_debris_settle_01.ogg,sfx_debris_settle,1,placeholder,L,1.934,-1.7,-19.5,synth:crumble,original (AudioForge)
Assets/_Project/Audio/SFX/Castle/sfx_debris_settle_02.ogg,sfx_debris_settle,2,placeholder,L,1.961,-5.9,-19.5,synth:crumble,original (AudioForge)
Assets/_Project/Audio/SFX/Castle/sfx_debris_settle_03.ogg,sfx_debris_settle,3,placeholder,L,1.984,-5.8,-19.5,synth:crumble,original (AudioForge)
Assets/_Project/Audio/SFX/Castle/sfx_door_grate_close_01.ogg,sfx_door_grate_close,1,library-cc0,L,0.5,-1.9,-18.0,kenney/impact-sounds/impactMetal_heavy_000.ogg + synth:rattle,CC0 (Kenney)
Assets/_Project/Audio/SFX/Castle/sfx_door_grate_close_02.ogg,sfx_door_grate_close,2,library-cc0,L,0.5,-1.0,-19.0,kenney/impact-sounds/impactMetal_heavy_001.ogg + synth:rattle,CC0 (Kenney)
Assets/_Project/Audio/SFX/Castle/sfx_door_grate_open_01.ogg,sfx_door_grate_open,1,placeholder,L,1.0,-1.0,-19.7,synth:rattle + synth:creak,original (AudioForge)
Assets/_Project/Audio/SFX/Castle/sfx_door_grate_open_02.ogg,sfx_door_grate_open,2,placeholder,L,1.0,-1.0,-19.3,synth:rattle + synth:creak,original (AudioForge)
Assets/_Project/Audio/SFX/Castle/sfx_door_heavy_close_01.ogg,sfx_door_heavy_close,1,library-cc0,L,1.051,-4.3,-18.0,kenney/rpg-audio/doorClose_1.ogg + synth:thump,CC0 (Kenney)
Assets/_Project/Audio/SFX/Castle/sfx_door_heavy_close_02.ogg,sfx_door_heavy_close,2,library-cc0,L,0.942,-3.4,-18.0,kenney/rpg-audio/doorClose_2.ogg + synth:thump,CC0 (Kenney)
Assets/_Project/Audio/SFX/Castle/sfx_door_heavy_open_01.ogg,sfx_door_heavy_open,1,library-cc0,L,1.953,-1.0,-23.9,synth:creak + kenney/rpg-audio/doorOpen_1.ogg,CC0 (Kenney)
Assets/_Project/Audio/SFX/Castle/sfx_door_heavy_open_02.ogg,sfx_door_heavy_open,2,library-cc0,L,2.0,-1.0,-24.9,synth:creak + kenney/rpg-audio/doorOpen_2.ogg,CC0 (Kenney)
Assets/_Project/Audio/SFX/Castle/sfx_door_locked_rattle_01.ogg,sfx_door_locked_rattle,1,library-cc0,L,0.568,-1.0,-23.0,kenney/rpg-audio/metalLatch.ogg + kenney/rpg-audio/metalClick.ogg + kenney/rpg-audio/metalLatch.ogg,CC0 (Kenney)
Assets/_Project/Audio/SFX/Castle/sfx_door_locked_rattle_02.ogg,sfx_door_locked_rattle,2,library-cc0,L,0.557,-1.0,-23.2,kenney/rpg-audio/metalLatch.ogg + kenney/rpg-audio/metalClick.ogg + kenney/rpg-audio/metalLatch.ogg,CC0 (Kenney)
Assets/_Project/Audio/SFX/Castle/sfx_door_locked_rattle_03.ogg,sfx_door_locked_rattle,3,library-cc0,L,0.58,-1.0,-23.2,kenney/rpg-audio/metalLatch.ogg + kenney/rpg-audio/metalClick.ogg + kenney/rpg-audio/metalLatch.ogg,CC0 (Kenney)
Assets/_Project/Audio/SFX/Castle/sfx_door_slam_01.ogg,sfx_door_slam,1,library-cc0,L,0.447,-1.0,-19.7,kenney/impact-sounds/impactWood_heavy_000.ogg,CC0 (Kenney)
Assets/_Project/Audio/SFX/Castle/sfx_door_slam_02.ogg,sfx_door_slam,2,library-cc0,L,0.447,-1.0,-19.9,kenney/impact-sounds/impactWood_heavy_001.ogg,CC0 (Kenney)
Assets/_Project/Audio/SFX/Castle/sfx_door_unlock_01.ogg,sfx_door_unlock,1,library-cc0,L,0.466,-1.0,-25.2,kenney/rpg-audio/metalClick.ogg + kenney/rpg-audio/metalLatch.ogg,CC0 (Kenney)
Assets/_Project/Audio/SFX/Castle/sfx_door_unlock_02.ogg,sfx_door_unlock,2,library-cc0,L,0.444,-1.0,-25.2,kenney/rpg-audio/metalClick.ogg + kenney/rpg-audio/metalLatch.ogg,CC0 (Kenney)
Assets/_Project/Audio/SFX/Castle/sfx_door_wood_close_01.ogg,sfx_door_wood_close,1,library-cc0,L,0.631,-1.0,-19.5,kenney/rpg-audio/doorClose_1.ogg,CC0 (Kenney)
Assets/_Project/Audio/SFX/Castle/sfx_door_wood_close_02.ogg,sfx_door_wood_close,2,library-cc0,L,0.565,-2.7,-19.5,kenney/rpg-audio/doorClose_2.ogg,CC0 (Kenney)
Assets/_Project/Audio/SFX/Castle/sfx_door_wood_close_03.ogg,sfx_door_wood_close,3,library-cc0,L,0.694,-4.5,-19.5,kenney/rpg-audio/doorClose_3.ogg,CC0 (Kenney)
Assets/_Project/Audio/SFX/Castle/sfx_door_wood_open_01.ogg,sfx_door_wood_open,1,library-cc0,L,0.908,-1.0,-21.8,kenney/rpg-audio/doorOpen_1.ogg + kenney/rpg-audio/creak1.ogg,CC0 (Kenney)
Assets/_Project/Audio/SFX/Castle/sfx_door_wood_open_02.ogg,sfx_door_wood_open,2,library-cc0,L,1.386,-1.0,-24.3,kenney/rpg-audio/doorOpen_2.ogg + kenney/rpg-audio/creak2.ogg,CC0 (Kenney)
Assets/_Project/Audio/SFX/Castle/sfx_door_wood_open_03.ogg,sfx_door_wood_open,3,library-cc0,L,0.865,-1.0,-21.7,kenney/rpg-audio/doorOpen_1.ogg + kenney/rpg-audio/creak3.ogg,CC0 (Kenney)
Assets/_Project/Audio/SFX/Castle/sfx_drawbridge_raise_loop_01.ogg,sfx_drawbridge_raise_loop,1,placeholder,L,2.5,-1.0,-18.1,synth:rattle + synth:creak,original (AudioForge)
Assets/_Project/Audio/SFX/Castle/sfx_drawbridge_slam_01.ogg,sfx_drawbridge_slam,1,placeholder,L,1.5,-1.3,-16.0,synth:thump + synth:crumble,original (AudioForge)
Assets/_Project/Audio/SFX/Castle/sfx_fire_extinguish_01.ogg,sfx_fire_extinguish,1,placeholder,L,1.2,-2.8,-21.0,synth:hiss,original (AudioForge)
Assets/_Project/Audio/SFX/Castle/sfx_fire_extinguish_02.ogg,sfx_fire_extinguish,2,placeholder,L,1.2,-1.7,-21.0,synth:hiss,original (AudioForge)
Assets/_Project/Audio/SFX/Castle/sfx_fire_ignite_01.ogg,sfx_fire_ignite,1,placeholder,L,0.795,-6.8,-18.0,synth:whumph,original (AudioForge)
Assets/_Project/Audio/SFX/Castle/sfx_fire_ignite_02.ogg,sfx_fire_ignite,2,placeholder,L,0.799,-6.7,-18.0,synth:whumph,original (AudioForge)
Assets/_Project/Audio/SFX/Castle/sfx_fire_ignite_03.ogg,sfx_fire_ignite,3,placeholder,L,0.796,-6.0,-18.0,synth:whumph,original (AudioForge)
Assets/_Project/Audio/SFX/Castle/sfx_fire_tapestry_catch_01.ogg,sfx_fire_tapestry_catch,1,placeholder,A,1.5,-4.0,-18.0,synth:whumph + synth:crackle,original (AudioForge)
Assets/_Project/Audio/SFX/Castle/sfx_fire_tapestry_catch_02.ogg,sfx_fire_tapestry_catch,2,placeholder,A,1.5,-3.9,-18.0,synth:whumph + synth:crackle,original (AudioForge)
Assets/_Project/Audio/SFX/Castle/sfx_masonry_crumble_01.ogg,sfx_masonry_crumble,1,placeholder,L,2.964,-1.0,-16.7,synth:crumble,original (AudioForge)
Assets/_Project/Audio/SFX/Castle/sfx_masonry_crumble_02.ogg,sfx_masonry_crumble,2,placeholder,L,2.987,-1.0,-18.0,synth:crumble,original (AudioForge)
Assets/_Project/Audio/SFX/Castle/sfx_masonry_crumble_03.ogg,sfx_masonry_crumble,3,placeholder,L,2.992,-1.0,-17.2,synth:crumble,original (AudioForge)
Assets/_Project/Audio/SFX/Castle/sfx_portcullis_raise_loop_01.ogg,sfx_portcullis_raise_loop,1,placeholder,L,2.5,-1.0,-20.0,synth:rattle + synth:creak,original (AudioForge)
Assets/_Project/Audio/SFX/Castle/sfx_portcullis_stop_01.ogg,sfx_portcullis_stop,1,library-cc0,L,0.24,-1.0,-20.7,kenney/impact-sounds/impactMetal_heavy_000.ogg,CC0 (Kenney)
Assets/_Project/Audio/SFX/Castle/sfx_torch_drop_01.ogg,sfx_torch_drop,1,library-cc0,L,0.5,-1.0,-24.0,kenney/impact-sounds/impactWood_light_000.ogg + synth:hiss,CC0 (Kenney)
Assets/_Project/Audio/SFX/Castle/sfx_torch_drop_02.ogg,sfx_torch_drop,2,library-cc0,L,0.5,-1.0,-25.0,kenney/impact-sounds/impactWood_light_001.ogg + synth:hiss,CC0 (Kenney)
Assets/_Project/Audio/SFX/Enemies/amb_enemy_lantern_creak_loop_01.ogg,amb_enemy_lantern_creak_loop,1,placeholder,L,2.0,-1.0,-33.2,synth:creak,original (AudioForge)
Assets/_Project/Audio/SFX/Enemies/sfx_enemy_dendra_boar_tusk_rattle_01.ogg,sfx_enemy_dendra_boar_tusk_rattle,1,placeholder,L,0.382,-6.0,-22.5,synth:rattle,original (AudioForge)
Assets/_Project/Audio/SFX/Enemies/sfx_enemy_dendra_boar_tusk_rattle_02.ogg,sfx_enemy_dendra_boar_tusk_rattle,2,placeholder,L,0.396,-6.1,-22.5,synth:rattle,original (AudioForge)
Assets/_Project/Audio/SFX/Enemies/sfx_enemy_keeper_firepot_shatter_01.ogg,sfx_enemy_keeper_firepot_shatter,1,placeholder,A,0.893,-6.1,-19.0,synth:whumph + kenney/impact-sounds/impactPlate_heavy_000.ogg,CC0 (Kenney)
Assets/_Project/Audio/SFX/Enemies/sfx_enemy_keeper_firepot_shatter_02.ogg,sfx_enemy_keeper_firepot_shatter,2,placeholder,A,0.893,-6.6,-19.0,synth:whumph + kenney/impact-sounds/impactPlate_heavy_001.ogg,CC0 (Kenney)
Assets/_Project/Audio/SFX/Enemies/sfx_enemy_keeper_firepot_throw_01.ogg,sfx_enemy_keeper_firepot_throw,1,placeholder,L,0.421,-1.0,-25.4,synth:whoosh + synth:crackle,original (AudioForge)
Assets/_Project/Audio/SFX/Enemies/sfx_enemy_keeper_firepot_throw_02.ogg,sfx_enemy_keeper_firepot_throw,2,placeholder,L,0.431,-1.0,-23.7,synth:whoosh + synth:crackle,original (AudioForge)
Assets/_Project/Audio/SFX/Enemies/sfx_enemy_musket_rest_plant_01.ogg,sfx_enemy_musket_rest_plant,1,library-cc0,L,0.418,-2.5,-22.5,kenney/impact-sounds/impactPlank_medium_000.ogg,CC0 (Kenney)
Assets/_Project/Audio/SFX/Enemies/sfx_enemy_petard_plant_01.ogg,sfx_enemy_petard_plant,1,library-cc0,L,0.21,-1.2,-21.0,kenney/impact-sounds/impactMetal_heavy_000.ogg,CC0 (Kenney)
Assets/_Project/Audio/SFX/Grab/sfx_carry_strain_loop_01.ogg,sfx_carry_strain_loop,1,placeholder,L,2.5,-1.0,-25.3,synth:creak,original (AudioForge)
Assets/_Project/Audio/SFX/Grab/sfx_grab_beam_loop_01.ogg,sfx_grab_beam_loop,1,generated,G,2.5,-15.4,-22.0,synth:hum,original (AudioForge)
Assets/_Project/Audio/SFX/Grab/sfx_grab_beam_release_01.ogg,sfx_grab_beam_release,1,generated,G,0.15,-14.0,-22.0,synth:whine,original (AudioForge)
Assets/_Project/Audio/SFX/Grab/sfx_grab_beam_start_01.ogg,sfx_grab_beam_start,1,generated,G,0.2,-8.4,-22.0,synth:whine + synth:shimmer,original (AudioForge)
Assets/_Project/Audio/SFX/Grab/sfx_grab_pickup_heavy_01.ogg,sfx_grab_pickup_heavy,1,library-cc0,L,0.418,-1.0,-21.0,kenney/impact-sounds/impactPlank_medium_000.ogg,CC0 (Kenney)
Assets/_Project/Audio/SFX/Grab/sfx_grab_pickup_heavy_02.ogg,sfx_grab_pickup_heavy,2,library-cc0,L,0.409,-3.7,-20.5,kenney/impact-sounds/impactPlank_medium_001.ogg,CC0 (Kenney)
Assets/_Project/Audio/SFX/Grab/sfx_grab_pickup_heavy_03.ogg,sfx_grab_pickup_heavy,3,library-cc0,L,0.413,-3.2,-20.5,kenney/impact-sounds/impactPlank_medium_002.ogg,CC0 (Kenney)
Assets/_Project/Audio/SFX/Grab/sfx_grab_pickup_light_01.ogg,sfx_grab_pickup_light,1,library-cc0,L,0.231,-1.1,-22.0,kenney/rpg-audio/handleSmallLeather.ogg + kenney/rpg-audio/beltHandle1.ogg,CC0 (Kenney)
Assets/_Project/Audio/SFX/Grab/sfx_grab_pickup_light_02.ogg,sfx_grab_pickup_light,2,library-cc0,L,0.394,-1.0,-25.0,kenney/rpg-audio/handleSmallLeather2.ogg + kenney/rpg-audio/beltHandle2.ogg,CC0 (Kenney)
Assets/_Project/Audio/SFX/Grab/sfx_grab_pickup_light_03.ogg,sfx_grab_pickup_light,3,library-cc0,L,0.22,-1.0,-22.1,kenney/rpg-audio/handleSmallLeather.ogg + kenney/rpg-audio/beltHandle1.ogg,CC0 (Kenney)
Assets/_Project/Audio/SFX/Grab/sfx_throw_whoosh_heavy_01.ogg,sfx_throw_whoosh_heavy,1,placeholder,L,0.503,-4.3,-20.5,synth:whoosh,original (AudioForge)
Assets/_Project/Audio/SFX/Grab/sfx_throw_whoosh_heavy_02.ogg,sfx_throw_whoosh_heavy,2,placeholder,L,0.526,-4.7,-20.5,synth:whoosh,original (AudioForge)
Assets/_Project/Audio/SFX/Grab/sfx_throw_whoosh_heavy_03.ogg,sfx_throw_whoosh_heavy,3,placeholder,L,0.533,-4.8,-20.5,synth:whoosh,original (AudioForge)
Assets/_Project/Audio/SFX/Grab/sfx_throw_whoosh_light_01.ogg,sfx_throw_whoosh_light,1,placeholder,L,0.261,-7.2,-22.0,synth:whoosh,original (AudioForge)
Assets/_Project/Audio/SFX/Grab/sfx_throw_whoosh_light_02.ogg,sfx_throw_whoosh_light,2,placeholder,L,0.248,-7.3,-22.0,synth:whoosh,original (AudioForge)
Assets/_Project/Audio/SFX/Grab/sfx_throw_whoosh_light_03.ogg,sfx_throw_whoosh_light,3,placeholder,L,0.234,-7.5,-22.0,synth:whoosh,original (AudioForge)
Assets/_Project/Audio/SFX/Hazards/sfx_hazard_arrowloop_loose_01.ogg,sfx_hazard_arrowloop_loose,1,placeholder,L,0.306,-3.1,-19.5,synth:thump + synth:whoosh,original (AudioForge)
Assets/_Project/Audio/SFX/Hazards/sfx_hazard_arrowloop_loose_02.ogg,sfx_hazard_arrowloop_loose,2,placeholder,L,0.289,-4.0,-19.5,synth:thump + synth:whoosh,original (AudioForge)
Assets/_Project/Audio/SFX/Hazards/sfx_hazard_explosion_tail_distant_01.ogg,sfx_hazard_explosion_tail_distant,1,placeholder,A,3.864,-9.3,-21.0,synth:explosion,original (AudioForge)
Assets/_Project/Audio/SFX/Hazards/sfx_hazard_explosion_tail_distant_02.ogg,sfx_hazard_explosion_tail_distant,2,placeholder,A,3.86,-8.6,-21.0,synth:explosion,original (AudioForge)
Assets/_Project/Audio/SFX/Hazards/sfx_hazard_fire_spread_fast_01.ogg,sfx_hazard_fire_spread_fast,1,placeholder,L,1.526,-1.0,-19.6,synth:crackle + synth:whoosh,original (AudioForge)
Assets/_Project/Audio/SFX/Hazards/sfx_hazard_fire_spread_fast_02.ogg,sfx_hazard_fire_spread_fast,2,placeholder,L,1.5,-2.5,-18.0,synth:crackle + synth:whoosh,original (AudioForge)
Assets/_Project/Audio/SFX/Hazards/sfx_hazard_magazine_explosion_01.ogg,sfx_hazard_magazine_explosion,1,placeholder,A,5.976,-1.0,-14.8,synth:explosion + synth:crumble,original (AudioForge)
Assets/_Project/Audio/SFX/Hazards/sfx_hazard_murderhole_drop_01.ogg,sfx_hazard_murderhole_drop,1,placeholder,L,0.8,-1.0,-19.6,synth:rattle + synth:crumble,original (AudioForge)
Assets/_Project/Audio/SFX/Hazards/sfx_hazard_murderhole_drop_02.ogg,sfx_hazard_murderhole_drop,2,placeholder,L,0.793,-1.0,-20.9,synth:rattle + synth:crumble,original (AudioForge)
Assets/_Project/Audio/SFX/Hazards/sfx_hazard_oil_pour_01.ogg,sfx_hazard_oil_pour,1,placeholder,L,1.399,-1.0,-19.0,synth:whoosh + synth:drips,original (AudioForge)
Assets/_Project/Audio/SFX/Hazards/sfx_hazard_oil_sizzle_01.ogg,sfx_hazard_oil_sizzle,1,placeholder,L,2.0,-1.0,-19.6,synth:hiss,original (AudioForge)
Assets/_Project/Audio/SFX/Hazards/sfx_hazard_oil_sizzle_02.ogg,sfx_hazard_oil_sizzle,2,placeholder,L,2.0,-1.0,-20.2,synth:hiss,original (AudioForge)
Assets/_Project/Audio/SFX/Lair/sfx_lair_debt_due_01.ogg,sfx_lair_debt_due,1,placeholder,R,1.8,-11.1,-28.0,synth:thump + synth:thump + synth:thump,original (AudioForge)
Assets/_Project/Audio/SFX/Lair/sfx_lair_debt_pay_01.ogg,sfx_lair_debt_pay,1,library-cc0,L,0.852,-11.1,-28.0,synth:coins + kenney/rpg-audio/handleCoins.ogg + synth:hiss,CC0 (Kenney)
Assets/_Project/Audio/SFX/Lair/sfx_lair_debt_pay_02.ogg,sfx_lair_debt_pay,2,library-cc0,L,0.756,-11.1,-28.0,synth:coins + kenney/rpg-audio/handleCoins2.ogg + synth:hiss,CC0 (Kenney)
Assets/_Project/Audio/SFX/Lair/sfx_lair_era_select_bronze_01.ogg,sfx_lair_era_select_bronze,1,generated,G,2.52,-12.6,-28.0,music:sting + synth:hiss,original (AudioForge)
Assets/_Project/Audio/SFX/Lair/sfx_lair_era_select_high_01.ogg,sfx_lair_era_select_high,1,generated,G,2.52,-14.1,-28.0,music:sting + synth:hiss,original (AudioForge)
Assets/_Project/Audio/SFX/Lair/sfx_lair_era_select_late_01.ogg,sfx_lair_era_select_late,1,generated,G,2.519,-15.0,-28.0,music:sting + synth:hiss,original (AudioForge)
Assets/_Project/Audio/SFX/Lair/sfx_lair_era_select_powder_01.ogg,sfx_lair_era_select_powder,1,generated,G,2.517,-21.0,-28.0,music:sting + synth:hiss,original (AudioForge)
Assets/_Project/Audio/SFX/Lair/sfx_lair_revive_01.ogg,sfx_lair_revive,1,placeholder,C,2.5,-11.7,-28.0,synth:shimmer,original (AudioForge)
Assets/_Project/Audio/SFX/Lair/sfx_lair_weapon_rack_take_01.ogg,sfx_lair_weapon_rack_take,1,library-cc0,L,0.345,-1.0,-23.7,kenney/rpg-audio/drawKnife1.ogg + kenney/impact-sounds/impactWood_light_000.ogg,CC0 (Kenney)
Assets/_Project/Audio/SFX/Lair/sfx_lair_weapon_rack_take_02.ogg,sfx_lair_weapon_rack_take,2,library-cc0,L,0.37,-1.0,-25.5,kenney/rpg-audio/drawKnife2.ogg + kenney/impact-sounds/impactWood_light_001.ogg,CC0 (Kenney)
Assets/_Project/Audio/SFX/Loot/sfx_loot_highlight_01.ogg,sfx_loot_highlight,1,generated,G,0.52,-9.9,-28.0,synth:chime,original (AudioForge)
Assets/_Project/Audio/SFX/Loot/sfx_loot_pickup_gold_01.ogg,sfx_loot_pickup_gold,1,generated,G,0.251,-4.8,-22.0,synth:coins,original (AudioForge)
Assets/_Project/Audio/SFX/Loot/sfx_loot_pickup_gold_02.ogg,sfx_loot_pickup_gold,2,generated,G,0.383,-3.6,-22.0,synth:coins,original (AudioForge)
Assets/_Project/Audio/SFX/Loot/sfx_loot_value_lost_01.ogg,sfx_loot_value_lost,1,generated,G,0.67,-14.3,-28.0,synth:coin_drain,original (AudioForge)
Assets/_Project/Audio/SFX/Loot/sfx_loot_value_lost_02.ogg,sfx_loot_value_lost,2,generated,G,0.67,-14.3,-28.0,synth:coin_drain,original (AudioForge)
Assets/_Project/Audio/SFX/Player/sfx_player_carried_loop_01.ogg,sfx_player_carried_loop,1,library-cc0,L,1.5,-1.0,-26.5,kenney/rpg-audio/cloth1.ogg + synth:creak,CC0 (Kenney)
Assets/_Project/Audio/SFX/Player/sfx_player_death_01.ogg,sfx_player_death,1,library-cc0,L,4.0,-1.0,-20.7,kenney/impact-sounds/impactSoft_heavy_000.ogg + synth:bell_toll,CC0 (Kenney)
Assets/_Project/Audio/SFX/Player/sfx_player_downed_01.ogg,sfx_player_downed,1,library-cc0,L,0.505,-2.3,-18.0,kenney/impact-sounds/impactSoft_heavy_000.ogg + kenney/rpg-audio/dropLeather.ogg,CC0 (Kenney)
Assets/_Project/Audio/SFX/Player/sfx_player_heartbeat_loop_01.ogg,sfx_player_heartbeat_loop,1,generated,G,2.929,-3.6,-21.0,synth:heartbeat,original (AudioForge)
Assets/_Project/Audio/SFX/Player/sfx_player_hurt_01.ogg,sfx_player_hurt,1,library-cc0,L,0.284,-5.2,-19.5,kenney/impact-sounds/impactPunch_medium_000.ogg,CC0 (Kenney)
Assets/_Project/Audio/SFX/Player/sfx_player_hurt_02.ogg,sfx_player_hurt,2,library-cc0,L,0.267,-5.5,-19.5,kenney/impact-sounds/impactPunch_medium_001.ogg,CC0 (Kenney)
Assets/_Project/Audio/SFX/Player/sfx_player_hurt_03.ogg,sfx_player_hurt,3,library-cc0,L,0.355,-3.5,-19.5,kenney/impact-sounds/impactPunch_medium_002.ogg,CC0 (Kenney)
Assets/_Project/Audio/SFX/Player/sfx_player_hurt_04.ogg,sfx_player_hurt,4,library-cc0,L,0.299,-4.0,-19.5,kenney/impact-sounds/impactPunch_medium_003.ogg,CC0 (Kenney)
Assets/_Project/Audio/SFX/Player/sfx_player_hurt_heavy_01.ogg,sfx_player_hurt_heavy,1,library-cc0,L,0.493,-2.2,-18.0,kenney/impact-sounds/impactPunch_heavy_000.ogg,CC0 (Kenney)
Assets/_Project/Audio/SFX/Player/sfx_player_hurt_heavy_02.ogg,sfx_player_hurt_heavy,2,library-cc0,L,0.414,-2.8,-18.0,kenney/impact-sounds/impactPunch_heavy_001.ogg,CC0 (Kenney)
Assets/_Project/Audio/SFX/Portal/sfx_extract_item_cross_01.ogg,sfx_extract_item_cross,1,generated,G,0.43,-13.9,-28.0,synth:coin_count,original (AudioForge)
Assets/_Project/Audio/SFX/Portal/sfx_extract_item_cross_02.ogg,sfx_extract_item_cross,2,generated,G,0.43,-13.9,-28.0,synth:coin_count,original (AudioForge)
Assets/_Project/Audio/SFX/Portal/sfx_extract_item_cross_03.ogg,sfx_extract_item_cross,3,generated,G,0.43,-13.9,-28.0,synth:coin_count,original (AudioForge)
Assets/_Project/Audio/SFX/Portal/sfx_extract_player_cross_01.ogg,sfx_extract_player_cross,1,placeholder,A,1.0,-5.8,-22.0,synth:whoosh + synth:shimmer,original (AudioForge)
Assets/_Project/Audio/SFX/Portal/sfx_portal_arrive_01.ogg,sfx_portal_arrive,1,placeholder,A,1.2,-3.6,-22.0,synth:whoosh + synth:wind,original (AudioForge)
Assets/_Project/Audio/SFX/Portal/sfx_portal_collapse_01.ogg,sfx_portal_collapse,1,placeholder,A,1.649,-2.2,-17.0,synth:whoosh + synth:thump,original (AudioForge)
Assets/_Project/Audio/SFX/Portal/sfx_portal_enter_01.ogg,sfx_portal_enter,1,placeholder,A,1.504,-7.1,-22.0,synth:whoosh + synth:shimmer,original (AudioForge)
Assets/_Project/Audio/SFX/Portal/sfx_portal_narrowing_loop_01.ogg,sfx_portal_narrowing_loop,1,generated,G,7.5,-10.2,-22.0,synth:drone + synth:hum,original (AudioForge)
Assets/_Project/Audio/SFX/Portal/sfx_portal_open_01.ogg,sfx_portal_open,1,placeholder,A,2.5,-1.4,-17.0,synth:whoosh + synth:shimmer,original (AudioForge)
Assets/_Project/Audio/SFX/Spells/sfx_spell_aurumvoco_cast_01.ogg,sfx_spell_aurumvoco_cast,1,placeholder,A,1.96,-2.9,-19.0,synth:chime + synth:shimmer,original (AudioForge)
Assets/_Project/Audio/SFX/Spells/sfx_spell_aurumvoco_end_01.ogg,sfx_spell_aurumvoco_end,1,generated,G,1.42,-4.3,-22.0,synth:chime,original (AudioForge)
Assets/_Project/Audio/SFX/Spells/sfx_spell_aurumvoco_misfire_01.ogg,sfx_spell_aurumvoco_misfire,1,placeholder,A,1.22,-1.0,-15.4,synth:coins + synth:whine,original (AudioForge)
Assets/_Project/Audio/SFX/Spells/sfx_spell_aurumvoco_misfire_02.ogg,sfx_spell_aurumvoco_misfire,2,placeholder,A,1.22,-1.4,-15.0,synth:coins + synth:whine,original (AudioForge)
Assets/_Project/Audio/SFX/Spells/sfx_spell_aurumvoco_reveal_loop_01.ogg,sfx_spell_aurumvoco_reveal_loop,1,generated,G,3.5,-2.5,-22.0,synth:coins + synth:shimmer,original (AudioForge)
Assets/_Project/Audio/SFX/Spells/sfx_spell_fizzle_01.ogg,sfx_spell_fizzle,1,placeholder,A,0.4,-6.0,-20.5,synth:hiss + synth:whoosh,original (AudioForge)
Assets/_Project/Audio/SFX/Spells/sfx_spell_fizzle_02.ogg,sfx_spell_fizzle,2,placeholder,A,0.4,-6.3,-20.5,synth:hiss + synth:whoosh,original (AudioForge)
Assets/_Project/Audio/SFX/Spells/sfx_spell_fizzle_03.ogg,sfx_spell_fizzle,3,placeholder,A,0.4,-4.4,-20.5,synth:hiss + synth:whoosh,original (AudioForge)
Assets/_Project/Audio/SFX/Spells/sfx_spell_frango_cast_01.ogg,sfx_spell_frango_cast,1,placeholder,A,0.3,-4.2,-19.0,synth:thump + synth:shatter + synth:shimmer,original (AudioForge)
Assets/_Project/Audio/SFX/Spells/sfx_spell_frango_cast_02.ogg,sfx_spell_frango_cast,2,placeholder,A,0.3,-5.7,-19.0,synth:thump + synth:shatter + synth:shimmer,original (AudioForge)
Assets/_Project/Audio/SFX/Spells/sfx_spell_frango_misfire_01.ogg,sfx_spell_frango_misfire,1,placeholder,A,0.8,-1.0,-19.8,synth:thump + synth:shatter,original (AudioForge)
Assets/_Project/Audio/SFX/Spells/sfx_spell_frango_shatter_metal_01.ogg,sfx_spell_frango_shatter_metal,1,placeholder,L,1.5,-1.0,-21.6,synth:metal_ring + synth:thump,original (AudioForge)
Assets/_Project/Audio/SFX/Spells/sfx_spell_frango_shatter_metal_02.ogg,sfx_spell_frango_shatter_metal,2,placeholder,L,1.5,-1.0,-22.1,synth:metal_ring + synth:thump,original (AudioForge)
Assets/_Project/Audio/SFX/Spells/sfx_spell_frango_shatter_stone_01.ogg,sfx_spell_frango_shatter_stone,1,placeholder,L,1.784,-2.3,-17.0,synth:crumble,original (AudioForge)
Assets/_Project/Audio/SFX/Spells/sfx_spell_frango_shatter_stone_02.ogg,sfx_spell_frango_shatter_stone,2,placeholder,L,1.79,-3.8,-17.0,synth:crumble,original (AudioForge)
Assets/_Project/Audio/SFX/Spells/sfx_spell_frango_shatter_stone_03.ogg,sfx_spell_frango_shatter_stone,3,placeholder,L,1.795,-1.0,-17.1,synth:crumble,original (AudioForge)
Assets/_Project/Audio/SFX/Spells/sfx_spell_frango_shatter_wood_01.ogg,sfx_spell_frango_shatter_wood,1,library-cc0,L,1.0,-1.0,-22.5,kenney/impact-sounds/impactWood_heavy_000.ogg + synth:crumble,CC0 (Kenney)
Assets/_Project/Audio/SFX/Spells/sfx_spell_frango_shatter_wood_02.ogg,sfx_spell_frango_shatter_wood,2,library-cc0,L,0.996,-1.0,-19.9,kenney/impact-sounds/impactWood_heavy_001.ogg + synth:crumble,CC0 (Kenney)
Assets/_Project/Audio/SFX/Spells/sfx_spell_ignis_cast_01.ogg,sfx_spell_ignis_cast,1,placeholder,A,0.3,-7.9,-20.5,synth:whumph + synth:shimmer,original (AudioForge)
Assets/_Project/Audio/SFX/Spells/sfx_spell_ignis_cast_02.ogg,sfx_spell_ignis_cast,2,placeholder,A,0.3,-7.5,-20.5,synth:whumph + synth:shimmer,original (AudioForge)
Assets/_Project/Audio/SFX/Spells/sfx_spell_ignis_cast_03.ogg,sfx_spell_ignis_cast,3,placeholder,A,0.3,-7.5,-20.5,synth:whumph + synth:shimmer,original (AudioForge)
Assets/_Project/Audio/SFX/Spells/sfx_spell_ignis_impact_01.ogg,sfx_spell_ignis_impact,1,placeholder,A,0.6,-4.6,-19.0,synth:whumph + synth:crackle,original (AudioForge)
Assets/_Project/Audio/SFX/Spells/sfx_spell_ignis_impact_02.ogg,sfx_spell_ignis_impact,2,placeholder,A,0.6,-4.5,-19.0,synth:whumph + synth:crackle,original (AudioForge)
Assets/_Project/Audio/SFX/Spells/sfx_spell_ignis_impact_03.ogg,sfx_spell_ignis_impact,3,placeholder,A,0.6,-3.4,-19.0,synth:whumph + synth:crackle,original (AudioForge)
Assets/_Project/Audio/SFX/Spells/sfx_spell_ignis_misfire_01.ogg,sfx_spell_ignis_misfire,1,placeholder,A,0.9,-5.9,-19.0,synth:whumph + synth:hiss,original (AudioForge)
Assets/_Project/Audio/SFX/Spells/sfx_spell_ignis_misfire_02.ogg,sfx_spell_ignis_misfire,2,placeholder,A,0.9,-7.1,-19.0,synth:whumph + synth:hiss,original (AudioForge)
Assets/_Project/Audio/SFX/Spells/sfx_spell_ignis_travel_loop_01.ogg,sfx_spell_ignis_travel_loop,1,placeholder,A,2.5,-1.0,-22.1,synth:crackle + synth:hiss,original (AudioForge)
Assets/_Project/Audio/SFX/Spells/sfx_spell_levo_cast_01.ogg,sfx_spell_levo_cast,1,placeholder,A,0.5,-7.7,-20.5,synth:shimmer + synth:breath,original (AudioForge)
Assets/_Project/Audio/SFX/Spells/sfx_spell_levo_cast_02.ogg,sfx_spell_levo_cast,2,placeholder,A,0.5,-7.3,-20.5,synth:shimmer + synth:breath,original (AudioForge)
Assets/_Project/Audio/SFX/Spells/sfx_spell_levo_hold_loop_01.ogg,sfx_spell_levo_hold_loop,1,generated,G,3.5,-15.9,-22.0,synth:hum,original (AudioForge)
Assets/_Project/Audio/SFX/Spells/sfx_spell_levo_misfire_01.ogg,sfx_spell_levo_misfire,1,generated,G,1.5,-12.5,-20.5,synth:whine,original (AudioForge)
Assets/_Project/Audio/SFX/Spells/sfx_spell_levo_release_01.ogg,sfx_spell_levo_release,1,generated,G,0.4,-14.0,-22.0,synth:whine,original (AudioForge)
Assets/_Project/Audio/SFX/Spells/sfx_spell_mana_restored_01.ogg,sfx_spell_mana_restored,1,generated,G,0.92,-5.2,-22.0,synth:chime,original (AudioForge)
Assets/_Project/Audio/SFX/Spells/sfx_spell_no_mana_01.ogg,sfx_spell_no_mana,1,generated,G,0.25,-5.1,-22.0,synth:hiss + synth:tick,original (AudioForge)
Assets/_Project/Audio/SFX/Spells/sfx_spell_porta_cast_01.ogg,sfx_spell_porta_cast,1,placeholder,A,1.0,-2.5,-17.0,synth:shimmer + synth:thump,original (AudioForge)
Assets/_Project/Audio/SFX/Spells/sfx_spell_porta_loop_01.ogg,sfx_spell_porta_loop,1,generated,G,7.5,-10.2,-22.0,synth:drone,original (AudioForge)
Assets/_Project/Audio/SFX/Spells/sfx_spell_porta_misfire_01.ogg,sfx_spell_porta_misfire,1,placeholder,L,0.6,-6.5,-19.0,synth:thump + synth:reed,original (AudioForge)
Assets/_Project/Audio/SFX/Spells/sfx_spell_porta_open_01.ogg,sfx_spell_porta_open,1,placeholder,A,2.005,-2.3,-17.0,synth:whoosh + synth:shimmer,original (AudioForge)
Assets/_Project/Audio/SFX/Spells/sfx_spell_saltus_cast_01.ogg,sfx_spell_saltus_cast,1,placeholder,A,0.243,-8.4,-20.5,synth:whoosh + synth:thump,original (AudioForge)
Assets/_Project/Audio/SFX/Spells/sfx_spell_saltus_land_slam_01.ogg,sfx_spell_saltus_land_slam,1,placeholder,L,0.792,-2.3,-17.0,synth:thump + synth:crumble,original (AudioForge)
Assets/_Project/Audio/SFX/Spells/sfx_spell_saltus_land_slam_02.ogg,sfx_spell_saltus_land_slam,2,placeholder,L,0.796,-1.8,-17.0,synth:thump + synth:crumble,original (AudioForge)
Assets/_Project/Audio/SFX/Spells/sfx_spell_saltus_launch_01.ogg,sfx_spell_saltus_launch,1,placeholder,L,0.505,-6.4,-20.5,synth:whoosh,original (AudioForge)
Assets/_Project/Audio/SFX/Spells/sfx_spell_saltus_misfire_01.ogg,sfx_spell_saltus_misfire,1,placeholder,A,0.5,-5.7,-20.5,synth:boing + synth:thump,original (AudioForge)
Assets/_Project/Audio/SFX/Spells/sfx_spell_somnus_apply_01.ogg,sfx_spell_somnus_apply,1,placeholder,A,0.7,-13.6,-22.0,synth:whine + synth:breath,original (AudioForge)
Assets/_Project/Audio/SFX/Spells/sfx_spell_somnus_apply_02.ogg,sfx_spell_somnus_apply,2,placeholder,A,0.7,-13.4,-22.0,synth:whine + synth:breath,original (AudioForge)
Assets/_Project/Audio/SFX/Spells/sfx_spell_somnus_cast_loud_01.ogg,sfx_spell_somnus_cast_loud,1,placeholder,A,0.885,-8.9,-17.0,synth:horn + synth:breath,original (AudioForge)
Assets/_Project/Audio/SFX/Spells/sfx_spell_somnus_cast_soft_01.ogg,sfx_spell_somnus_cast_soft,1,placeholder,A,0.9,-7.9,-22.0,synth:breath + synth:shimmer,original (AudioForge)
Assets/_Project/Audio/SFX/Spells/sfx_spell_somnus_cast_soft_02.ogg,sfx_spell_somnus_cast_soft,2,placeholder,A,0.9,-8.8,-22.0,synth:breath + synth:shimmer,original (AudioForge)
Assets/_Project/Audio/SFX/Spells/sfx_spell_somnus_misfire_01.ogg,sfx_spell_somnus_misfire,1,placeholder,A,0.8,-3.0,-20.5,synth:breath + synth:thump,original (AudioForge)
Assets/_Project/Audio/SFX/Spells/sfx_spell_velox_cast_01.ogg,sfx_spell_velox_cast,1,placeholder,A,0.158,-5.3,-20.5,synth:whoosh,original (AudioForge)
Assets/_Project/Audio/SFX/Spells/sfx_spell_velox_dash_01.ogg,sfx_spell_velox_dash,1,placeholder,L,0.336,-5.5,-20.5,synth:whoosh,original (AudioForge)
Assets/_Project/Audio/SFX/Spells/sfx_spell_velox_dash_02.ogg,sfx_spell_velox_dash,2,placeholder,L,0.326,-5.7,-20.5,synth:whoosh,original (AudioForge)
Assets/_Project/Audio/SFX/Spells/sfx_spell_velox_misfire_01.ogg,sfx_spell_velox_misfire,1,placeholder,A,0.325,-4.8,-19.0,synth:whoosh + synth:thump,original (AudioForge)
Assets/_Project/Audio/SFX/Status/sfx_status_asleep_player_loop_01.ogg,sfx_status_asleep_player_loop,1,placeholder,R,3.0,-7.0,-26.5,synth:snore,original (AudioForge)
Assets/_Project/Audio/SFX/Status/sfx_status_asleep_player_loop_02.ogg,sfx_status_asleep_player_loop,2,placeholder,R,3.0,-8.2,-26.5,synth:snore,original (AudioForge)
Assets/_Project/Audio/SFX/Status/sfx_status_burning_loop_01.ogg,sfx_status_burning_loop,1,placeholder,L,3.5,-8.7,-26.5,synth:crackle,original (AudioForge)
Assets/_Project/Audio/SFX/Status/sfx_status_burning_out_01.ogg,sfx_status_burning_out,1,placeholder,L,0.8,-9.4,-28.0,synth:hiss,original (AudioForge)
Assets/_Project/Audio/SFX/Status/sfx_status_levitating_loop_01.ogg,sfx_status_levitating_loop,1,generated,G,2.5,-20.7,-28.0,synth:whine,original (AudioForge)
Assets/_Project/Audio/SFX/Status/sfx_status_stagger_01.ogg,sfx_status_stagger,1,generated,G,0.8,-20.6,-28.0,synth:whine,original (AudioForge)
Assets/_Project/Audio/SFX/Status/sfx_status_stagger_02.ogg,sfx_status_stagger,2,generated,G,0.8,-20.6,-28.0,synth:whine,original (AudioForge)
Assets/_Project/Audio/SFX/Voice/sfx_voice_listen_close_01.ogg,sfx_voice_listen_close,1,generated,G,0.08,-9.5,-22.0,synth:shimmer,original (AudioForge)
Assets/_Project/Audio/SFX/Voice/sfx_voice_listen_open_01.ogg,sfx_voice_listen_open,1,generated,G,0.07,-9.0,-22.0,synth:breath + synth:shimmer,original (AudioForge)
Assets/_Project/Audio/SFX/Voice/sfx_voice_teammate_tell_01.ogg,sfx_voice_teammate_tell,1,placeholder,A,0.35,-7.1,-22.0,synth:shimmer + synth:breath,original (AudioForge)
Assets/_Project/Audio/SFX/Voice/sfx_voice_teammate_tell_02.ogg,sfx_voice_teammate_tell,2,placeholder,A,0.35,-9.1,-22.0,synth:shimmer + synth:breath,original (AudioForge)
Assets/_Project/Audio/SFX/Voice/sfx_voice_teammate_tell_03.ogg,sfx_voice_teammate_tell,3,placeholder,A,0.35,-9.3,-22.0,synth:shimmer + synth:breath,original (AudioForge)
Assets/_Project/Audio/SFX/Weapons/sfx_wpn_ball_hit_flesh_01.ogg,sfx_wpn_ball_hit_flesh,1,library-cc0,L,0.237,-4.2,-18.5,kenney/impact-sounds/impactPunch_medium_000.ogg,CC0 (Kenney)
Assets/_Project/Audio/SFX/Weapons/sfx_wpn_ball_hit_flesh_02.ogg,sfx_wpn_ball_hit_flesh,2,library-cc0,L,0.223,-4.5,-18.5,kenney/impact-sounds/impactPunch_medium_001.ogg,CC0 (Kenney)
Assets/_Project/Audio/SFX/Weapons/sfx_wpn_ball_hit_stone_01.ogg,sfx_wpn_ball_hit_stone,1,library-cc0,L,0.482,-1.0,-19.2,kenney/impact-sounds/impactMining_000.ogg,CC0 (Kenney)
Assets/_Project/Audio/SFX/Weapons/sfx_wpn_ball_hit_stone_02.ogg,sfx_wpn_ball_hit_stone,2,library-cc0,L,0.447,-1.0,-19.6,kenney/impact-sounds/impactMining_001.ogg,CC0 (Kenney)
Assets/_Project/Audio/SFX/Weapons/sfx_wpn_ball_ricochet_01.ogg,sfx_wpn_ball_ricochet,1,placeholder,L,0.4,-10.5,-18.5,synth:whine + synth:tick,original (AudioForge)
Assets/_Project/Audio/SFX/Weapons/sfx_wpn_ball_ricochet_02.ogg,sfx_wpn_ball_ricochet,2,placeholder,L,0.4,-10.5,-18.5,synth:whine + synth:tick,original (AudioForge)
Assets/_Project/Audio/SFX/Weapons/sfx_wpn_ball_ricochet_03.ogg,sfx_wpn_ball_ricochet,3,placeholder,L,0.4,-10.5,-18.5,synth:whine + synth:tick,original (AudioForge)
Assets/_Project/Audio/SFX/Weapons/sfx_wpn_blade_clash_01.ogg,sfx_wpn_blade_clash,1,placeholder,L,0.9,-1.0,-18.1,synth:metal_ring,original (AudioForge)
Assets/_Project/Audio/SFX/Weapons/sfx_wpn_blade_clash_02.ogg,sfx_wpn_blade_clash,2,placeholder,L,0.9,-1.0,-17.7,synth:metal_ring,original (AudioForge)
Assets/_Project/Audio/SFX/Weapons/sfx_wpn_blade_clash_03.ogg,sfx_wpn_blade_clash,3,placeholder,L,0.9,-1.0,-17.8,synth:metal_ring,original (AudioForge)
Assets/_Project/Audio/SFX/Weapons/sfx_wpn_blade_draw_01.ogg,sfx_wpn_blade_draw,1,library-cc0,L,0.391,-1.0,-20.1,kenney/rpg-audio/drawKnife1.ogg,CC0 (Kenney)
Assets/_Project/Audio/SFX/Weapons/sfx_wpn_blade_hit_armour_01.ogg,sfx_wpn_blade_hit_armour,1,library-cc0,L,0.272,-1.0,-18.3,kenney/impact-sounds/impactMetal_medium_000.ogg,CC0 (Kenney)
Assets/_Project/Audio/SFX/Weapons/sfx_wpn_blade_hit_armour_02.ogg,sfx_wpn_blade_hit_armour,2,library-cc0,L,0.143,-1.0,-18.2,kenney/impact-sounds/impactMetal_medium_001.ogg,CC0 (Kenney)
Assets/_Project/Audio/SFX/Weapons/sfx_wpn_blade_hit_armour_03.ogg,sfx_wpn_blade_hit_armour,3,library-cc0,L,0.119,-1.0,-18.7,kenney/impact-sounds/impactMetal_medium_002.ogg,CC0 (Kenney)
Assets/_Project/Audio/SFX/Weapons/sfx_wpn_blade_hit_flesh_01.ogg,sfx_wpn_blade_hit_flesh,1,library-cc0,L,0.371,-3.5,-18.5,kenney/rpg-audio/knifeSlice.ogg + kenney/impact-sounds/impactPunch_medium_000.ogg,CC0 (Kenney)
Assets/_Project/Audio/SFX/Weapons/sfx_wpn_blade_hit_flesh_02.ogg,sfx_wpn_blade_hit_flesh,2,library-cc0,L,0.44,-1.0,-18.8,kenney/rpg-audio/knifeSlice2.ogg + kenney/impact-sounds/impactPunch_medium_001.ogg,CC0 (Kenney)
Assets/_Project/Audio/SFX/Weapons/sfx_wpn_blade_hit_flesh_03.ogg,sfx_wpn_blade_hit_flesh,3,library-cc0,L,0.355,-3.1,-18.5,kenney/rpg-audio/knifeSlice.ogg + kenney/impact-sounds/impactPunch_medium_002.ogg,CC0 (Kenney)
Assets/_Project/Audio/SFX/Weapons/sfx_wpn_blade_hit_stone_01.ogg,sfx_wpn_blade_hit_stone,1,library-cc0,L,0.562,-1.0,-19.2,kenney/impact-sounds/impactMining_000.ogg,CC0 (Kenney)
Assets/_Project/Audio/SFX/Weapons/sfx_wpn_blade_hit_stone_02.ogg,sfx_wpn_blade_hit_stone,2,library-cc0,L,0.521,-1.0,-19.6,kenney/impact-sounds/impactMining_001.ogg,CC0 (Kenney)
Assets/_Project/Audio/SFX/Weapons/sfx_wpn_blade_hit_wood_01.ogg,sfx_wpn_blade_hit_wood,1,library-cc0,L,0.239,-1.0,-20.0,kenney/rpg-audio/chop.ogg,CC0 (Kenney)
Assets/_Project/Audio/SFX/Weapons/sfx_wpn_blade_hit_wood_02.ogg,sfx_wpn_blade_hit_wood,2,library-cc0,L,0.228,-1.0,-20.0,kenney/rpg-audio/chop.ogg,CC0 (Kenney)
Assets/_Project/Audio/SFX/Weapons/sfx_wpn_blade_swing_01.ogg,sfx_wpn_blade_swing,1,placeholder,L,0.32,-2.2,-18.5,synth:whoosh,original (AudioForge)
Assets/_Project/Audio/SFX/Weapons/sfx_wpn_blade_swing_02.ogg,sfx_wpn_blade_swing,2,placeholder,L,0.31,-1.9,-18.5,synth:whoosh,original (AudioForge)
Assets/_Project/Audio/SFX/Weapons/sfx_wpn_blade_swing_03.ogg,sfx_wpn_blade_swing,3,placeholder,L,0.32,-2.9,-18.5,synth:whoosh,original (AudioForge)
Assets/_Project/Audio/SFX/Weapons/sfx_wpn_blade_swing_04.ogg,sfx_wpn_blade_swing,4,placeholder,L,0.312,-1.8,-18.5,synth:whoosh,original (AudioForge)
Assets/_Project/Audio/SFX/Weapons/sfx_wpn_blunt_hit_armour_01.ogg,sfx_wpn_blunt_hit_armour,1,library-cc0,L,1.5,-1.0,-20.3,kenney/impact-sounds/impactMetal_heavy_000.ogg + synth:metal_ring,CC0 (Kenney)
Assets/_Project/Audio/SFX/Weapons/sfx_wpn_blunt_hit_armour_02.ogg,sfx_wpn_blunt_hit_armour,2,library-cc0,L,1.5,-1.0,-20.5,kenney/impact-sounds/impactMetal_heavy_001.ogg + synth:metal_ring,CC0 (Kenney)
Assets/_Project/Audio/SFX/Weapons/sfx_wpn_blunt_hit_armour_03.ogg,sfx_wpn_blunt_hit_armour,3,library-cc0,L,1.5,-1.0,-19.8,kenney/impact-sounds/impactMetal_heavy_002.ogg + synth:metal_ring,CC0 (Kenney)
Assets/_Project/Audio/SFX/Weapons/sfx_wpn_blunt_hit_door_01.ogg,sfx_wpn_blunt_hit_door,1,library-cc0,L,0.391,-1.0,-19.8,kenney/impact-sounds/impactWood_heavy_000.ogg,CC0 (Kenney)
Assets/_Project/Audio/SFX/Weapons/sfx_wpn_blunt_hit_door_02.ogg,sfx_wpn_blunt_hit_door,2,library-cc0,L,0.391,-1.0,-19.9,kenney/impact-sounds/impactWood_heavy_001.ogg,CC0 (Kenney)
Assets/_Project/Audio/SFX/Weapons/sfx_wpn_blunt_hit_flesh_01.ogg,sfx_wpn_blunt_hit_flesh,1,library-cc0,L,0.617,-1.2,-17.0,kenney/impact-sounds/impactPunch_heavy_000.ogg,CC0 (Kenney)
Assets/_Project/Audio/SFX/Weapons/sfx_wpn_blunt_hit_flesh_02.ogg,sfx_wpn_blunt_hit_flesh,2,library-cc0,L,0.517,-1.8,-17.0,kenney/impact-sounds/impactPunch_heavy_001.ogg,CC0 (Kenney)
Assets/_Project/Audio/SFX/Weapons/sfx_wpn_blunt_swing_01.ogg,sfx_wpn_blunt_swing,1,placeholder,L,0.467,-2.6,-18.5,synth:whoosh,original (AudioForge)
Assets/_Project/Audio/SFX/Weapons/sfx_wpn_blunt_swing_02.ogg,sfx_wpn_blunt_swing,2,placeholder,L,0.519,-3.5,-18.5,synth:whoosh,original (AudioForge)
Assets/_Project/Audio/SFX/Weapons/sfx_wpn_blunt_swing_03.ogg,sfx_wpn_blunt_swing,3,placeholder,L,0.484,-3.6,-18.5,synth:whoosh,original (AudioForge)
Assets/_Project/Audio/SFX/Weapons/sfx_wpn_break_01.ogg,sfx_wpn_break,1,library-cc0,L,0.6,-2.2,-18.5,synth:metal_ring + kenney/impact-sounds/impactWood_medium_000.ogg,CC0 (Kenney)
Assets/_Project/Audio/SFX/Weapons/sfx_wpn_break_02.ogg,sfx_wpn_break,2,library-cc0,L,0.6,-1.8,-18.5,synth:metal_ring + kenney/impact-sounds/impactWood_medium_001.ogg,CC0 (Kenney)
Assets/_Project/Audio/SFX/Weapons/sfx_wpn_bronze_bend_01.ogg,sfx_wpn_bronze_bend,1,generated,G,0.6,-3.7,-18.5,synth:creak + synth:metal_ring,original (AudioForge)
Assets/_Project/Audio/SFX/Weapons/sfx_wpn_bronze_clash_01.ogg,sfx_wpn_bronze_clash,1,placeholder,L,0.9,-1.0,-17.6,synth:metal_ring,original (AudioForge)
Assets/_Project/Audio/SFX/Weapons/sfx_wpn_bronze_clash_02.ogg,sfx_wpn_bronze_clash,2,placeholder,L,0.9,-1.0,-18.0,synth:metal_ring,original (AudioForge)
Assets/_Project/Audio/SFX/Weapons/sfx_wpn_bronze_clash_03.ogg,sfx_wpn_bronze_clash,3,placeholder,L,0.9,-1.0,-18.2,synth:metal_ring,original (AudioForge)
Assets/_Project/Audio/SFX/Weapons/sfx_wpn_bronze_draw_01.ogg,sfx_wpn_bronze_draw,1,library-cc0,L,0.489,-1.0,-20.2,kenney/rpg-audio/drawKnife1.ogg,CC0 (Kenney)
Assets/_Project/Audio/SFX/Weapons/sfx_wpn_bronze_hit_armour_01.ogg,sfx_wpn_bronze_hit_armour,1,library-cc0,L,0.34,-1.0,-19.8,kenney/impact-sounds/impactMetal_medium_000.ogg,CC0 (Kenney)
Assets/_Project/Audio/SFX/Weapons/sfx_wpn_bronze_hit_armour_02.ogg,sfx_wpn_bronze_hit_armour,2,library-cc0,L,0.179,-1.0,-18.7,kenney/impact-sounds/impactMetal_medium_001.ogg,CC0 (Kenney)
Assets/_Project/Audio/SFX/Weapons/sfx_wpn_bronze_hit_armour_03.ogg,sfx_wpn_bronze_hit_armour,3,library-cc0,L,0.149,-1.0,-20.3,kenney/impact-sounds/impactMetal_medium_002.ogg,CC0 (Kenney)
Assets/_Project/Audio/SFX/Weapons/sfx_wpn_bronze_hit_flesh_01.ogg,sfx_wpn_bronze_hit_flesh,1,library-cc0,L,0.464,-3.0,-18.5,kenney/rpg-audio/knifeSlice.ogg + kenney/impact-sounds/impactPunch_medium_000.ogg,CC0 (Kenney)
Assets/_Project/Audio/SFX/Weapons/sfx_wpn_bronze_hit_flesh_02.ogg,sfx_wpn_bronze_hit_flesh,2,library-cc0,L,0.55,-1.0,-19.1,kenney/rpg-audio/knifeSlice2.ogg + kenney/impact-sounds/impactPunch_medium_001.ogg,CC0 (Kenney)
Assets/_Project/Audio/SFX/Weapons/sfx_wpn_bronze_hit_flesh_03.ogg,sfx_wpn_bronze_hit_flesh,3,library-cc0,L,0.442,-2.8,-18.5,kenney/rpg-audio/knifeSlice.ogg + kenney/impact-sounds/impactPunch_medium_002.ogg,CC0 (Kenney)
Assets/_Project/Audio/SFX/Weapons/sfx_wpn_bronze_hit_stone_01.ogg,sfx_wpn_bronze_hit_stone,1,library-cc0,L,0.703,-1.0,-19.1,kenney/impact-sounds/impactMining_000.ogg,CC0 (Kenney)
Assets/_Project/Audio/SFX/Weapons/sfx_wpn_bronze_hit_stone_02.ogg,sfx_wpn_bronze_hit_stone,2,library-cc0,L,0.651,-1.0,-19.6,kenney/impact-sounds/impactMining_001.ogg,CC0 (Kenney)
Assets/_Project/Audio/SFX/Weapons/sfx_wpn_bronze_hit_wood_01.ogg,sfx_wpn_bronze_hit_wood,1,library-cc0,L,0.299,-1.0,-20.0,kenney/rpg-audio/chop.ogg,CC0 (Kenney)
Assets/_Project/Audio/SFX/Weapons/sfx_wpn_bronze_hit_wood_02.ogg,sfx_wpn_bronze_hit_wood,2,library-cc0,L,0.284,-1.0,-20.1,kenney/rpg-audio/chop.ogg,CC0 (Kenney)
Assets/_Project/Audio/SFX/Weapons/sfx_wpn_bronze_swing_01.ogg,sfx_wpn_bronze_swing,1,placeholder,L,0.313,-1.8,-18.5,synth:whoosh,original (AudioForge)
Assets/_Project/Audio/SFX/Weapons/sfx_wpn_bronze_swing_02.ogg,sfx_wpn_bronze_swing,2,placeholder,L,0.29,-2.2,-18.5,synth:whoosh,original (AudioForge)
Assets/_Project/Audio/SFX/Weapons/sfx_wpn_bronze_swing_03.ogg,sfx_wpn_bronze_swing,3,placeholder,L,0.294,-2.1,-18.5,synth:whoosh,original (AudioForge)
Assets/_Project/Audio/SFX/Weapons/sfx_wpn_bronze_swing_04.ogg,sfx_wpn_bronze_swing,4,placeholder,L,0.322,-1.5,-18.5,synth:whoosh,original (AudioForge)
Assets/_Project/Audio/SFX/Weapons/sfx_wpn_caltrops_scatter_01.ogg,sfx_wpn_caltrops_scatter,1,library-cc0,L,0.5,-2.0,-18.5,kenney/impact-sounds/impactMetal_light_000.ogg + synth:rattle,CC0 (Kenney)
Assets/_Project/Audio/SFX/Weapons/sfx_wpn_caltrops_scatter_02.ogg,sfx_wpn_caltrops_scatter,2,library-cc0,L,0.489,-1.0,-20.3,kenney/impact-sounds/impactMetal_light_001.ogg + synth:rattle,CC0 (Kenney)
Assets/_Project/Audio/SFX/Weapons/sfx_wpn_caltrops_step_on_01.ogg,sfx_wpn_caltrops_step_on,1,library-cc0,L,0.284,-1.2,-18.5,synth:tick + kenney/impact-sounds/impactPunch_medium_000.ogg,CC0 (Kenney)
Assets/_Project/Audio/SFX/Weapons/sfx_wpn_caltrops_step_on_02.ogg,sfx_wpn_caltrops_step_on,2,library-cc0,L,0.267,-2.2,-18.5,synth:tick + kenney/impact-sounds/impactPunch_medium_001.ogg,CC0 (Kenney)
Assets/_Project/Audio/SFX/Weapons/sfx_wpn_debris_01.ogg,sfx_wpn_debris,1,placeholder,L,1.987,-2.2,-17.0,synth:crumble,original (AudioForge)
Assets/_Project/Audio/SFX/Weapons/sfx_wpn_debris_02.ogg,sfx_wpn_debris,2,placeholder,L,1.965,-1.0,-18.1,synth:crumble,original (AudioForge)
Assets/_Project/Audio/SFX/Weapons/sfx_wpn_equip_01.ogg,sfx_wpn_equip,1,library-cc0,L,0.228,-1.0,-23.6,kenney/rpg-audio/beltHandle1.ogg,CC0 (Kenney)
Assets/_Project/Audio/SFX/Weapons/sfx_wpn_equip_02.ogg,sfx_wpn_equip,2,library-cc0,L,0.394,-1.0,-29.2,kenney/rpg-audio/beltHandle2.ogg,CC0 (Kenney)
Assets/_Project/Audio/SFX/Weapons/sfx_wpn_explosion_large_01.ogg,sfx_wpn_explosion_large,1,placeholder,A,3.977,-1.7,-13.0,synth:explosion,original (AudioForge)
Assets/_Project/Audio/SFX/Weapons/sfx_wpn_explosion_large_02.ogg,sfx_wpn_explosion_large,2,placeholder,A,3.959,-1.0,-13.4,synth:explosion,original (AudioForge)
Assets/_Project/Audio/SFX/Weapons/sfx_wpn_explosion_small_01.ogg,sfx_wpn_explosion_small,1,placeholder,A,2.291,-1.0,-13.8,synth:explosion,original (AudioForge)
Assets/_Project/Audio/SFX/Weapons/sfx_wpn_explosion_small_02.ogg,sfx_wpn_explosion_small,2,placeholder,A,2.337,-1.0,-13.8,synth:explosion,original (AudioForge)
Assets/_Project/Audio/SFX/Weapons/sfx_wpn_flint_click_01.ogg,sfx_wpn_flint_click,1,library-cc0,L,0.373,-1.0,-27.2,kenney/rpg-audio/metalClick.ogg,CC0 (Kenney)
Assets/_Project/Audio/SFX/Weapons/sfx_wpn_fuse_light_01.ogg,sfx_wpn_fuse_light,1,placeholder,L,0.3,-4.6,-18.5,synth:whumph + synth:hiss,original (AudioForge)
Assets/_Project/Audio/SFX/Weapons/sfx_wpn_fuse_loop_01.ogg,sfx_wpn_fuse_loop,1,placeholder,L,1.5,-1.0,-24.3,synth:hiss + synth:crackle,original (AudioForge)
Assets/_Project/Audio/SFX/Weapons/sfx_wpn_match_fire_01.ogg,sfx_wpn_match_fire,1,placeholder,A,1.53,-1.0,-13.1,synth:gunshot,original (AudioForge)
Assets/_Project/Audio/SFX/Weapons/sfx_wpn_match_fire_02.ogg,sfx_wpn_match_fire,2,placeholder,A,1.57,-3.4,-13.0,synth:gunshot,original (AudioForge)
Assets/_Project/Audio/SFX/Weapons/sfx_wpn_match_fire_03.ogg,sfx_wpn_match_fire,3,placeholder,A,1.557,-3.1,-13.0,synth:gunshot,original (AudioForge)
Assets/_Project/Audio/SFX/Weapons/sfx_wpn_match_flash_in_pan_01.ogg,sfx_wpn_match_flash_in_pan,1,placeholder,L,0.5,-3.7,-17.0,synth:whumph + synth:hiss,original (AudioForge)
Assets/_Project/Audio/SFX/Weapons/sfx_wpn_match_hiss_loop_01.ogg,sfx_wpn_match_hiss_loop,1,placeholder,L,2.5,-1.0,-22.7,synth:hiss + synth:crackle,original (AudioForge)
Assets/_Project/Audio/SFX/Weapons/sfx_wpn_match_reload_01.ogg,sfx_wpn_match_reload,1,library-cc0,L,0.5,-1.0,-25.4,kenney/rpg-audio/metalClick.ogg + kenney/rpg-audio/metalLatch.ogg + synth:hiss,CC0 (Kenney)
Assets/_Project/Audio/SFX/Weapons/sfx_wpn_match_tail_large_01.ogg,sfx_wpn_match_tail_large,1,placeholder,L,3.401,-7.9,-20.0,synth:explosion,original (AudioForge)
Assets/_Project/Audio/SFX/Weapons/sfx_wpn_match_tail_small_01.ogg,sfx_wpn_match_tail_small,1,placeholder,L,1.497,-4.8,-20.0,synth:crumble,original (AudioForge)
Assets/_Project/Audio/SFX/Weapons/sfx_wpn_pistol_fire_01.ogg,sfx_wpn_pistol_fire,1,placeholder,A,1.168,-3.1,-15.0,synth:gunshot,original (AudioForge)
Assets/_Project/Audio/SFX/Weapons/sfx_wpn_pistol_fire_02.ogg,sfx_wpn_pistol_fire,2,placeholder,A,1.172,-3.0,-15.0,synth:gunshot,original (AudioForge)
Assets/_Project/Audio/SFX/Weapons/sfx_wpn_pistol_fire_03.ogg,sfx_wpn_pistol_fire,3,placeholder,A,1.191,-4.7,-15.0,synth:gunshot,original (AudioForge)
Assets/_Project/Audio/SFX/Weapons/sfx_wpn_pistol_reload_01.ogg,sfx_wpn_pistol_reload,1,library-cc0,L,0.373,-1.0,-24.3,kenney/rpg-audio/metalLatch.ogg + kenney/rpg-audio/metalClick.ogg,CC0 (Kenney)
Assets/_Project/Audio/SFX/Weapons/sfx_wpn_rapier_hit_01.ogg,sfx_wpn_rapier_hit,1,library-cc0,L,0.286,-3.2,-20.0,kenney/rpg-audio/knifeSlice.ogg,CC0 (Kenney)
Assets/_Project/Audio/SFX/Weapons/sfx_wpn_rapier_hit_02.ogg,sfx_wpn_rapier_hit,2,library-cc0,L,0.339,-1.3,-20.0,kenney/rpg-audio/knifeSlice2.ogg,CC0 (Kenney)
Assets/_Project/Audio/SFX/Weapons/sfx_wpn_rapier_snap_01.ogg,sfx_wpn_rapier_snap,1,placeholder,L,0.5,-3.7,-18.5,synth:metal_ring,original (AudioForge)
Assets/_Project/Audio/SFX/Weapons/sfx_wpn_rapier_swing_01.ogg,sfx_wpn_rapier_swing,1,placeholder,L,0.181,-3.1,-20.0,synth:whoosh,original (AudioForge)
Assets/_Project/Audio/SFX/Weapons/sfx_wpn_rapier_swing_02.ogg,sfx_wpn_rapier_swing,2,placeholder,L,0.171,-3.5,-20.0,synth:whoosh,original (AudioForge)
Assets/_Project/Audio/SFX/Weapons/sfx_wpn_rapier_swing_03.ogg,sfx_wpn_rapier_swing,3,placeholder,L,0.178,-4.6,-20.0,synth:whoosh,original (AudioForge)
Assets/_Project/Audio/SFX/Weapons/sfx_wpn_shield_arrow_thunk_01.ogg,sfx_wpn_shield_arrow_thunk,1,library-cc0,L,0.176,-1.0,-19.1,kenney/impact-sounds/impactWood_light_000.ogg,CC0 (Kenney)
Assets/_Project/Audio/SFX/Weapons/sfx_wpn_shield_arrow_thunk_02.ogg,sfx_wpn_shield_arrow_thunk,2,library-cc0,L,0.379,-1.0,-24.5,kenney/impact-sounds/impactWood_light_001.ogg,CC0 (Kenney)
Assets/_Project/Audio/SFX/Weapons/sfx_wpn_shield_arrow_thunk_03.ogg,sfx_wpn_shield_arrow_thunk,3,library-cc0,L,0.182,-1.0,-19.0,kenney/impact-sounds/impactWood_light_002.ogg,CC0 (Kenney)
Assets/_Project/Audio/SFX/Weapons/sfx_wpn_shield_bash_01.ogg,sfx_wpn_shield_bash,1,library-cc0,L,0.523,-1.0,-21.0,kenney/impact-sounds/impactPlank_medium_000.ogg,CC0 (Kenney)
Assets/_Project/Audio/SFX/Weapons/sfx_wpn_shield_bash_02.ogg,sfx_wpn_shield_bash,2,library-cc0,L,0.511,-1.0,-17.8,kenney/impact-sounds/impactPlank_medium_001.ogg,CC0 (Kenney)
Assets/_Project/Audio/SFX/Weapons/sfx_wpn_shield_block_01.ogg,sfx_wpn_shield_block,1,library-cc0,L,0.333,-1.0,-22.8,kenney/impact-sounds/impactWood_medium_000.ogg,CC0 (Kenney)
Assets/_Project/Audio/SFX/Weapons/sfx_wpn_shield_block_02.ogg,sfx_wpn_shield_block,2,library-cc0,L,0.333,-1.0,-22.7,kenney/impact-sounds/impactWood_medium_001.ogg,CC0 (Kenney)
Assets/_Project/Audio/SFX/Weapons/sfx_wpn_shield_block_03.ogg,sfx_wpn_shield_block,3,library-cc0,L,0.333,-1.0,-22.8,kenney/impact-sounds/impactWood_medium_002.ogg,CC0 (Kenney)
Assets/_Project/Audio/SFX/Weapons/sfx_wpn_shield_pavise_plant_01.ogg,sfx_wpn_shield_pavise_plant,1,library-cc0,L,0.522,-1.0,-18.6,kenney/impact-sounds/impactWood_heavy_000.ogg + synth:thump,CC0 (Kenney)
Assets/_Project/Audio/SFX/Weapons/sfx_wpn_sling_release_01.ogg,sfx_wpn_sling_release,1,placeholder,L,0.2,-2.6,-20.0,synth:whoosh + synth:tick,original (AudioForge)
Assets/_Project/Audio/SFX/Weapons/sfx_wpn_sling_release_02.ogg,sfx_wpn_sling_release,2,placeholder,L,0.203,-4.1,-20.0,synth:whoosh + synth:tick,original (AudioForge)
Assets/_Project/Audio/SFX/Weapons/sfx_wpn_sling_stone_hit_01.ogg,sfx_wpn_sling_stone_hit,1,library-cc0,L,0.675,-1.0,-19.1,kenney/impact-sounds/impactMining_000.ogg,CC0 (Kenney)
Assets/_Project/Audio/SFX/Weapons/sfx_wpn_sling_stone_hit_02.ogg,sfx_wpn_sling_stone_hit,2,library-cc0,L,0.625,-1.0,-19.6,kenney/impact-sounds/impactMining_001.ogg,CC0 (Kenney)
Assets/_Project/Audio/SFX/Weapons/sfx_wpn_sling_whirl_loop_01.ogg,sfx_wpn_sling_whirl_loop,1,placeholder,L,0.275,-6.7,-20.0,synth:whoosh,original (AudioForge)
Assets/_Project/Audio/SFX/Weapons/sfx_wpn_wheellock_spin_01.ogg,sfx_wpn_wheellock_spin,1,placeholder,L,0.3,-4.6,-18.5,synth:rattle,original (AudioForge)
Assets/_Project/Audio/SFX/Weapons/sfx_wpn_xbow_bolt_fly_01.ogg,sfx_wpn_xbow_bolt_fly,1,placeholder,L,0.282,-4.6,-20.0,synth:whoosh,original (AudioForge)
Assets/_Project/Audio/SFX/Weapons/sfx_wpn_xbow_bolt_hit_flesh_01.ogg,sfx_wpn_xbow_bolt_hit_flesh,1,library-cc0,L,0.284,-4.2,-18.5,kenney/impact-sounds/impactPunch_medium_000.ogg,CC0 (Kenney)
Assets/_Project/Audio/SFX/Weapons/sfx_wpn_xbow_bolt_hit_flesh_02.ogg,sfx_wpn_xbow_bolt_hit_flesh,2,library-cc0,L,0.267,-4.5,-18.5,kenney/impact-sounds/impactPunch_medium_001.ogg,CC0 (Kenney)
Assets/_Project/Audio/SFX/Weapons/sfx_wpn_xbow_bolt_hit_stone_01.ogg,sfx_wpn_xbow_bolt_hit_stone,1,library-cc0,L,0.519,-1.0,-19.2,kenney/impact-sounds/impactMining_000.ogg,CC0 (Kenney)
Assets/_Project/Audio/SFX/Weapons/sfx_wpn_xbow_bolt_hit_stone_02.ogg,sfx_wpn_xbow_bolt_hit_stone,2,library-cc0,L,0.481,-1.0,-19.6,kenney/impact-sounds/impactMining_001.ogg,CC0 (Kenney)
Assets/_Project/Audio/SFX/Weapons/sfx_wpn_xbow_bolt_hit_wood_01.ogg,sfx_wpn_xbow_bolt_hit_wood,1,library-cc0,L,0.123,-1.0,-19.4,kenney/impact-sounds/impactWood_light_000.ogg,CC0 (Kenney)
Assets/_Project/Audio/SFX/Weapons/sfx_wpn_xbow_bolt_hit_wood_02.ogg,sfx_wpn_xbow_bolt_hit_wood,2,library-cc0,L,0.266,-1.0,-24.7,kenney/impact-sounds/impactWood_light_001.ogg,CC0 (Kenney)
Assets/_Project/Audio/SFX/Weapons/sfx_wpn_xbow_loose_01.ogg,sfx_wpn_xbow_loose,1,placeholder,L,0.4,-5.5,-20.0,synth:thump + synth:metal_ring,original (AudioForge)
Assets/_Project/Audio/SFX/Weapons/sfx_wpn_xbow_loose_02.ogg,sfx_wpn_xbow_loose,2,placeholder,L,0.4,-4.9,-20.0,synth:thump + synth:metal_ring,original (AudioForge)
Assets/_Project/Audio/SFX/Weapons/sfx_wpn_xbow_span_loop_01.ogg,sfx_wpn_xbow_span_loop,1,placeholder,L,2.0,-1.0,-22.7,synth:creak + synth:rattle,original (AudioForge)
Assets/_Project/Audio/Stingers/sting_alarm_huecry_bronze_01.ogg,sting_alarm_huecry_bronze,1,placeholder,C,4.0,-7.6,-23.0,music:sting,original (AudioForge)
Assets/_Project/Audio/Stingers/sting_alarm_huecry_high_01.ogg,sting_alarm_huecry_high,1,placeholder,C,4.0,-6.8,-23.0,music:sting,original (AudioForge)
Assets/_Project/Audio/Stingers/sting_alarm_huecry_late_01.ogg,sting_alarm_huecry_late,1,placeholder,C,4.0,-6.4,-23.0,music:sting,original (AudioForge)
Assets/_Project/Audio/Stingers/sting_alarm_huecry_powder_01.ogg,sting_alarm_huecry_powder,1,placeholder,C,4.0,-8.8,-23.0,music:sting,original (AudioForge)
Assets/_Project/Audio/Stingers/sting_alarm_roused_bronze_01.ogg,sting_alarm_roused_bronze,1,placeholder,C,3.07,-7.1,-23.0,music:sting,original (AudioForge)
Assets/_Project/Audio/Stingers/sting_alarm_roused_high_01.ogg,sting_alarm_roused_high,1,placeholder,C,3.068,-4.0,-23.0,music:sting,original (AudioForge)
Assets/_Project/Audio/Stingers/sting_alarm_roused_late_01.ogg,sting_alarm_roused_late,1,placeholder,C,3.07,-6.4,-23.0,music:sting,original (AudioForge)
Assets/_Project/Audio/Stingers/sting_alarm_roused_powder_01.ogg,sting_alarm_roused_powder,1,placeholder,C,3.069,-12.0,-23.0,music:sting,original (AudioForge)
Assets/_Project/Audio/Stingers/sting_alarm_stirred_bronze_01.ogg,sting_alarm_stirred_bronze,1,placeholder,C,2.518,-8.1,-23.0,music:sting,original (AudioForge)
Assets/_Project/Audio/Stingers/sting_alarm_stirred_high_01.ogg,sting_alarm_stirred_high,1,placeholder,C,2.52,-9.1,-23.0,music:sting,original (AudioForge)
Assets/_Project/Audio/Stingers/sting_alarm_stirred_late_01.ogg,sting_alarm_stirred_late,1,placeholder,C,2.52,-10.9,-23.0,music:sting,original (AudioForge)
Assets/_Project/Audio/Stingers/sting_alarm_stirred_powder_01.ogg,sting_alarm_stirred_powder,1,placeholder,C,2.517,-16.2,-23.0,music:sting,original (AudioForge)
Assets/_Project/Audio/Stingers/sting_extract_success_01.ogg,sting_extract_success,1,placeholder,M,2.569,-16.4,-23.0,music:sting,original (AudioForge)
Assets/_Project/Audio/Stingers/sting_gold_found_01.ogg,sting_gold_found,1,placeholder,M,2.48,-4.4,-23.0,music:sting,original (AudioForge)
Assets/_Project/Audio/Stingers/sting_gold_found_02.ogg,sting_gold_found,2,placeholder,M,2.483,-4.8,-23.0,music:sting,original (AudioForge)
Assets/_Project/Audio/Stingers/sting_player_down_01.ogg,sting_player_down,1,placeholder,M,4.0,-2.3,-23.0,music:sting,original (AudioForge)
Assets/_Project/Audio/Stingers/sting_portal_opened_01.ogg,sting_portal_opened,1,placeholder,A,4.0,-5.9,-23.0,music:sting,original (AudioForge)
Assets/_Project/Audio/Stingers/sting_portal_warning_01.ogg,sting_portal_warning,1,generated,G,3.0,-6.9,-23.0,music:sting,original (AudioForge)
Assets/_Project/Audio/Stingers/sting_portal_warning_02.ogg,sting_portal_warning,2,generated,G,3.0,-6.8,-23.0,music:sting,original (AudioForge)
Assets/_Project/Audio/Stingers/sting_portal_warning_03.ogg,sting_portal_warning,3,generated,G,3.0,-6.3,-23.0,music:sting,original (AudioForge)
Assets/_Project/Audio/Stingers/sting_raid_lost_01.ogg,sting_raid_lost,1,placeholder,M,3.0,-13.8,-23.0,music:sting,original (AudioForge)
Assets/_Project/Audio/Stingers/sting_spell_misfire_01.ogg,sting_spell_misfire,1,placeholder,C,0.7,-12.3,-23.0,music:sting,original (AudioForge)
Assets/_Project/Audio/Stingers/sting_spell_misfire_02.ogg,sting_spell_misfire,2,placeholder,C,0.7,-12.3,-23.0,music:sting,original (AudioForge)
Assets/_Project/Audio/Stingers/sting_spell_misfire_03.ogg,sting_spell_misfire,3,placeholder,C,0.7,-12.3,-23.0,music:sting,original (AudioForge)
Assets/_Project/Audio/UI/sfx_result_tally_tick_01.ogg,sfx_result_tally_tick,1,generated,G,0.06,-16.4,-31.0,synth:tick,original (AudioForge)
Assets/_Project/Audio/UI/sfx_result_tally_total_01.ogg,sfx_result_tally_total,1,library-cc0,L,0.6,-13.5,-31.0,kenney/rpg-audio/handleCoins.ogg + synth:thump,CC0 (Kenney)
Assets/_Project/Audio/UI/ui_button_back_01.ogg,ui_button_back,1,library-cc0,L,0.6,-5.4,-31.0,kenney/rpg-audio/bookFlip1.ogg,CC0 (Kenney)
Assets/_Project/Audio/UI/ui_button_click_01.ogg,ui_button_click,1,library-cc0,L,0.082,-13.3,-31.0,kenney/impact-sounds/impactWood_light_000.ogg,CC0 (Kenney)
Assets/_Project/Audio/UI/ui_button_click_02.ogg,ui_button_click,2,library-cc0,L,0.177,-9.7,-31.0,kenney/impact-sounds/impactWood_light_001.ogg,CC0 (Kenney)
Assets/_Project/Audio/UI/ui_button_click_03.ogg,ui_button_click,3,library-cc0,L,0.085,-12.8,-31.0,kenney/impact-sounds/impactWood_light_002.ogg,CC0 (Kenney)
Assets/_Project/Audio/UI/ui_button_denied_01.ogg,ui_button_denied,1,generated,G,0.15,-18.1,-31.0,synth:thump,original (AudioForge)
Assets/_Project/Audio/UI/ui_button_hover_01.ogg,ui_button_hover,1,generated,G,0.05,-16.8,-31.0,synth:brush,original (AudioForge)
Assets/_Project/Audio/UI/ui_button_hover_02.ogg,ui_button_hover,2,generated,G,0.05,-17.6,-31.0,synth:brush,original (AudioForge)
Assets/_Project/Audio/UI/ui_button_hover_03.ogg,ui_button_hover,3,generated,G,0.05,-15.2,-31.0,synth:brush,original (AudioForge)
Assets/_Project/Audio/UI/ui_error_01.ogg,ui_error,1,library-cc0,L,0.488,-9.7,-31.0,kenney/rpg-audio/bookFlip1.ogg + synth:thump,CC0 (Kenney)
Assets/_Project/Audio/UI/ui_hit_confirm_01.ogg,ui_hit_confirm,1,generated,G,0.06,-17.0,-31.0,synth:tick,original (AudioForge)
Assets/_Project/Audio/UI/ui_hit_confirm_02.ogg,ui_hit_confirm,2,generated,G,0.06,-17.3,-31.0,synth:tick,original (AudioForge)
Assets/_Project/Audio/UI/ui_hit_confirm_03.ogg,ui_hit_confirm,3,generated,G,0.06,-16.9,-31.0,synth:tick,original (AudioForge)
Assets/_Project/Audio/UI/ui_hit_friendly_01.ogg,ui_hit_friendly,1,generated,G,0.35,-16.2,-31.0,synth:boing + synth:thump,original (AudioForge)
Assets/_Project/Audio/UI/ui_hit_friendly_02.ogg,ui_hit_friendly,2,generated,G,0.35,-16.7,-31.0,synth:boing + synth:thump,original (AudioForge)
Assets/_Project/Audio/UI/ui_invite_received_01.ogg,ui_invite_received,1,placeholder,L,0.42,-17.1,-31.0,synth:thump + synth:thump,original (AudioForge)
Assets/_Project/Audio/UI/ui_keybind_listen_01.ogg,ui_keybind_listen,1,library-cc0,L,0.207,-13.5,-31.0,kenney/rpg-audio/bookPlace1.ogg,CC0 (Kenney)
Assets/_Project/Audio/UI/ui_keybind_set_01.ogg,ui_keybind_set,1,placeholder,L,0.2,-19.2,-31.0,synth:thump,original (AudioForge)
Assets/_Project/Audio/UI/ui_kill_confirm_01.ogg,ui_kill_confirm,1,generated,G,0.4,-18.5,-31.0,synth:thump,original (AudioForge)
Assets/_Project/Audio/UI/ui_lobby_join_01.ogg,ui_lobby_join,1,generated,G,0.6,-15.6,-31.0,synth:chime,original (AudioForge)
Assets/_Project/Audio/UI/ui_lobby_leave_01.ogg,ui_lobby_leave,1,generated,G,0.6,-16.8,-31.0,synth:chime,original (AudioForge)
Assets/_Project/Audio/UI/ui_pause_close_01.ogg,ui_pause_close,1,library-cc0,L,0.6,-9.8,-31.0,kenney/rpg-audio/cloth1.ogg,CC0 (Kenney)
Assets/_Project/Audio/UI/ui_pause_open_01.ogg,ui_pause_open,1,library-cc0,L,0.6,-9.6,-31.0,kenney/rpg-audio/cloth1.ogg,CC0 (Kenney)
Assets/_Project/Audio/UI/ui_ready_01.ogg,ui_ready,1,library-cc0,L,0.6,-17.5,-31.0,kenney/rpg-audio/metalPot1.ogg,CC0 (Kenney)
Assets/_Project/Audio/UI/ui_screen_close_01.ogg,ui_screen_close,1,library-cc0,L,0.23,-11.4,-31.0,kenney/rpg-audio/bookClose.ogg,CC0 (Kenney)
Assets/_Project/Audio/UI/ui_screen_open_01.ogg,ui_screen_open,1,library-cc0,L,0.6,-2.0,-31.0,kenney/rpg-audio/bookFlip1.ogg,CC0 (Kenney)
Assets/_Project/Audio/UI/ui_screen_open_02.ogg,ui_screen_open,2,library-cc0,L,0.393,-3.8,-31.0,kenney/rpg-audio/bookFlip2.ogg,CC0 (Kenney)
Assets/_Project/Audio/UI/ui_slider_tick_01.ogg,ui_slider_tick,1,generated,G,0.04,-16.4,-31.0,synth:tick,original (AudioForge)
Assets/_Project/Audio/UI/ui_toggle_off_01.ogg,ui_toggle_off,1,library-cc0,L,0.373,-4.8,-31.0,kenney/rpg-audio/metalClick.ogg,CC0 (Kenney)
Assets/_Project/Audio/UI/ui_toggle_on_01.ogg,ui_toggle_on,1,library-cc0,L,0.205,-10.0,-31.0,kenney/rpg-audio/metalLatch.ogg,CC0 (Kenney)
Assets/_Project/Audio/VO/bronze/vo_bronze_champion_alert_01.ogg,vo_bronze_champion_alert,1,placeholder,R,1.0,-9.9,-21.0,synth:babble,original (AudioForge)
Assets/_Project/Audio/VO/bronze/vo_bronze_champion_alert_02.ogg,vo_bronze_champion_alert,2,placeholder,R,1.0,-8.0,-21.0,synth:babble,original (AudioForge)
Assets/_Project/Audio/VO/bronze/vo_bronze_champion_alert_03.ogg,vo_bronze_champion_alert,3,placeholder,R,1.0,-8.8,-21.0,synth:babble,original (AudioForge)
Assets/_Project/Audio/VO/bronze/vo_bronze_champion_asleep_01.ogg,vo_bronze_champion_asleep,1,placeholder,R,2.5,-3.1,-22.5,synth:snore,original (AudioForge)
Assets/_Project/Audio/VO/bronze/vo_bronze_champion_asleep_02.ogg,vo_bronze_champion_asleep,2,placeholder,R,2.5,-4.0,-22.5,synth:snore,original (AudioForge)
Assets/_Project/Audio/VO/bronze/vo_bronze_champion_attack_01.ogg,vo_bronze_champion_attack,1,placeholder,R,0.4,-8.3,-21.0,synth:babble,original (AudioForge)
Assets/_Project/Audio/VO/bronze/vo_bronze_champion_attack_02.ogg,vo_bronze_champion_attack,2,placeholder,R,0.4,-11.4,-21.0,synth:babble,original (AudioForge)
Assets/_Project/Audio/VO/bronze/vo_bronze_champion_attack_03.ogg,vo_bronze_champion_attack,3,placeholder,R,0.4,-9.6,-21.0,synth:babble,original (AudioForge)
Assets/_Project/Audio/VO/bronze/vo_bronze_champion_chase_01.ogg,vo_bronze_champion_chase,1,placeholder,R,1.2,-6.9,-19.0,synth:babble,original (AudioForge)
Assets/_Project/Audio/VO/bronze/vo_bronze_champion_chase_02.ogg,vo_bronze_champion_chase,2,placeholder,R,1.2,-6.6,-19.0,synth:babble,original (AudioForge)
Assets/_Project/Audio/VO/bronze/vo_bronze_champion_chase_03.ogg,vo_bronze_champion_chase,3,placeholder,R,1.2,-8.1,-19.0,synth:babble,original (AudioForge)
Assets/_Project/Audio/VO/bronze/vo_bronze_champion_death_01.ogg,vo_bronze_champion_death,1,placeholder,R,1.0,-10.8,-21.0,synth:babble,original (AudioForge)
Assets/_Project/Audio/VO/bronze/vo_bronze_champion_death_02.ogg,vo_bronze_champion_death,2,placeholder,R,1.0,-10.5,-21.0,synth:babble,original (AudioForge)
Assets/_Project/Audio/VO/bronze/vo_bronze_champion_grabbed_01.ogg,vo_bronze_champion_grabbed,1,placeholder,R,1.0,-10.0,-21.0,synth:babble,original (AudioForge)
Assets/_Project/Audio/VO/bronze/vo_bronze_champion_grabbed_02.ogg,vo_bronze_champion_grabbed,2,placeholder,R,1.0,-8.4,-21.0,synth:babble,original (AudioForge)
Assets/_Project/Audio/VO/bronze/vo_bronze_champion_grabbed_03.ogg,vo_bronze_champion_grabbed,3,placeholder,R,1.0,-9.1,-21.0,synth:babble,original (AudioForge)
Assets/_Project/Audio/VO/bronze/vo_bronze_champion_hurt_01.ogg,vo_bronze_champion_hurt,1,placeholder,R,0.5,-12.8,-21.0,synth:babble,original (AudioForge)
Assets/_Project/Audio/VO/bronze/vo_bronze_champion_hurt_02.ogg,vo_bronze_champion_hurt,2,placeholder,R,0.5,-13.2,-21.0,synth:babble,original (AudioForge)
Assets/_Project/Audio/VO/bronze/vo_bronze_champion_hurt_03.ogg,vo_bronze_champion_hurt,3,placeholder,R,0.5,-11.1,-21.0,synth:babble,original (AudioForge)
Assets/_Project/Audio/VO/bronze/vo_bronze_champion_lost_01.ogg,vo_bronze_champion_lost,1,placeholder,R,0.9,-11.0,-22.5,synth:babble,original (AudioForge)
Assets/_Project/Audio/VO/bronze/vo_bronze_champion_lost_02.ogg,vo_bronze_champion_lost,2,placeholder,R,0.9,-9.6,-22.5,synth:babble,original (AudioForge)
Assets/_Project/Audio/VO/bronze/vo_bronze_champion_murmur_01.ogg,vo_bronze_champion_murmur,1,placeholder,R,2.0,-11.4,-24.0,synth:babble,original (AudioForge)
Assets/_Project/Audio/VO/bronze/vo_bronze_champion_murmur_02.ogg,vo_bronze_champion_murmur,2,placeholder,R,2.0,-11.4,-24.0,synth:babble,original (AudioForge)
Assets/_Project/Audio/VO/bronze/vo_bronze_champion_murmur_03.ogg,vo_bronze_champion_murmur,3,placeholder,R,2.0,-11.6,-24.0,synth:babble,original (AudioForge)
Assets/_Project/Audio/VO/bronze/vo_bronze_champion_murmur_04.ogg,vo_bronze_champion_murmur,4,placeholder,R,2.0,-10.5,-24.0,synth:babble,original (AudioForge)
Assets/_Project/Audio/VO/bronze/vo_bronze_champion_search_01.ogg,vo_bronze_champion_search,1,placeholder,R,1.4,-10.2,-22.5,synth:babble,original (AudioForge)
Assets/_Project/Audio/VO/bronze/vo_bronze_champion_search_02.ogg,vo_bronze_champion_search,2,placeholder,R,1.4,-10.9,-22.5,synth:babble,original (AudioForge)
Assets/_Project/Audio/VO/bronze/vo_bronze_champion_thrown_01.ogg,vo_bronze_champion_thrown,1,placeholder,R,0.7,-9.0,-21.0,synth:babble,original (AudioForge)
Assets/_Project/Audio/VO/bronze/vo_bronze_champion_thrown_02.ogg,vo_bronze_champion_thrown,2,placeholder,R,0.7,-8.0,-21.0,synth:babble,original (AudioForge)
Assets/_Project/Audio/VO/bronze/vo_bronze_keeper_alert_01.ogg,vo_bronze_keeper_alert,1,placeholder,R,1.0,-10.4,-21.0,synth:babble,original (AudioForge)
Assets/_Project/Audio/VO/bronze/vo_bronze_keeper_alert_02.ogg,vo_bronze_keeper_alert,2,placeholder,R,1.0,-9.2,-21.0,synth:babble,original (AudioForge)
Assets/_Project/Audio/VO/bronze/vo_bronze_keeper_alert_03.ogg,vo_bronze_keeper_alert,3,placeholder,R,1.0,-8.9,-21.0,synth:babble,original (AudioForge)
Assets/_Project/Audio/VO/bronze/vo_bronze_keeper_asleep_01.ogg,vo_bronze_keeper_asleep,1,placeholder,R,2.5,-2.2,-22.5,synth:snore,original (AudioForge)
Assets/_Project/Audio/VO/bronze/vo_bronze_keeper_asleep_02.ogg,vo_bronze_keeper_asleep,2,placeholder,R,2.5,-4.0,-22.5,synth:snore,original (AudioForge)
Assets/_Project/Audio/VO/bronze/vo_bronze_keeper_attack_01.ogg,vo_bronze_keeper_attack,1,placeholder,R,0.4,-9.6,-21.0,synth:babble,original (AudioForge)
Assets/_Project/Audio/VO/bronze/vo_bronze_keeper_attack_02.ogg,vo_bronze_keeper_attack,2,placeholder,R,0.4,-11.0,-21.0,synth:babble,original (AudioForge)
Assets/_Project/Audio/VO/bronze/vo_bronze_keeper_attack_03.ogg,vo_bronze_keeper_attack,3,placeholder,R,0.4,-11.2,-21.0,synth:babble,original (AudioForge)
Assets/_Project/Audio/VO/bronze/vo_bronze_keeper_chase_01.ogg,vo_bronze_keeper_chase,1,placeholder,R,1.2,-8.2,-19.0,synth:babble,original (AudioForge)
Assets/_Project/Audio/VO/bronze/vo_bronze_keeper_chase_02.ogg,vo_bronze_keeper_chase,2,placeholder,R,1.2,-7.1,-19.0,synth:babble,original (AudioForge)
Assets/_Project/Audio/VO/bronze/vo_bronze_keeper_chase_03.ogg,vo_bronze_keeper_chase,3,placeholder,R,1.2,-8.1,-19.0,synth:babble,original (AudioForge)
Assets/_Project/Audio/VO/bronze/vo_bronze_keeper_death_01.ogg,vo_bronze_keeper_death,1,placeholder,R,1.0,-12.1,-21.0,synth:babble,original (AudioForge)
Assets/_Project/Audio/VO/bronze/vo_bronze_keeper_death_02.ogg,vo_bronze_keeper_death,2,placeholder,R,1.0,-10.4,-21.0,synth:babble,original (AudioForge)
Assets/_Project/Audio/VO/bronze/vo_bronze_keeper_grabbed_01.ogg,vo_bronze_keeper_grabbed,1,placeholder,R,1.0,-10.1,-21.0,synth:babble,original (AudioForge)
Assets/_Project/Audio/VO/bronze/vo_bronze_keeper_grabbed_02.ogg,vo_bronze_keeper_grabbed,2,placeholder,R,1.0,-9.6,-21.0,synth:babble,original (AudioForge)
Assets/_Project/Audio/VO/bronze/vo_bronze_keeper_grabbed_03.ogg,vo_bronze_keeper_grabbed,3,placeholder,R,1.0,-9.8,-21.0,synth:babble,original (AudioForge)
Assets/_Project/Audio/VO/bronze/vo_bronze_keeper_hurt_01.ogg,vo_bronze_keeper_hurt,1,placeholder,R,0.5,-10.5,-21.0,synth:babble,original (AudioForge)
Assets/_Project/Audio/VO/bronze/vo_bronze_keeper_hurt_02.ogg,vo_bronze_keeper_hurt,2,placeholder,R,0.5,-11.9,-21.0,synth:babble,original (AudioForge)
Assets/_Project/Audio/VO/bronze/vo_bronze_keeper_hurt_03.ogg,vo_bronze_keeper_hurt,3,placeholder,R,0.5,-12.1,-21.0,synth:babble,original (AudioForge)
Assets/_Project/Audio/VO/bronze/vo_bronze_keeper_lost_01.ogg,vo_bronze_keeper_lost,1,placeholder,R,0.9,-10.1,-22.5,synth:babble,original (AudioForge)
Assets/_Project/Audio/VO/bronze/vo_bronze_keeper_lost_02.ogg,vo_bronze_keeper_lost,2,placeholder,R,0.9,-10.4,-22.5,synth:babble,original (AudioForge)
Assets/_Project/Audio/VO/bronze/vo_bronze_keeper_murmur_01.ogg,vo_bronze_keeper_murmur,1,placeholder,R,2.0,-13.2,-24.0,synth:babble,original (AudioForge)
Assets/_Project/Audio/VO/bronze/vo_bronze_keeper_murmur_02.ogg,vo_bronze_keeper_murmur,2,placeholder,R,2.0,-12.2,-24.0,synth:babble,original (AudioForge)
Assets/_Project/Audio/VO/bronze/vo_bronze_keeper_murmur_03.ogg,vo_bronze_keeper_murmur,3,placeholder,R,2.0,-12.6,-24.0,synth:babble,original (AudioForge)
Assets/_Project/Audio/VO/bronze/vo_bronze_keeper_murmur_04.ogg,vo_bronze_keeper_murmur,4,placeholder,R,2.0,-13.4,-24.0,synth:babble,original (AudioForge)
Assets/_Project/Audio/VO/bronze/vo_bronze_keeper_search_01.ogg,vo_bronze_keeper_search,1,placeholder,R,1.4,-10.9,-22.5,synth:babble,original (AudioForge)
Assets/_Project/Audio/VO/bronze/vo_bronze_keeper_search_02.ogg,vo_bronze_keeper_search,2,placeholder,R,1.4,-10.4,-22.5,synth:babble,original (AudioForge)
Assets/_Project/Audio/VO/bronze/vo_bronze_keeper_thrown_01.ogg,vo_bronze_keeper_thrown,1,placeholder,R,0.7,-11.1,-21.0,synth:babble,original (AudioForge)
Assets/_Project/Audio/VO/bronze/vo_bronze_keeper_thrown_02.ogg,vo_bronze_keeper_thrown,2,placeholder,R,0.7,-12.0,-21.0,synth:babble,original (AudioForge)
Assets/_Project/Audio/VO/bronze/vo_bronze_levy_alert_01.ogg,vo_bronze_levy_alert,1,placeholder,R,1.0,-10.1,-21.0,synth:babble,original (AudioForge)
Assets/_Project/Audio/VO/bronze/vo_bronze_levy_alert_02.ogg,vo_bronze_levy_alert,2,placeholder,R,1.0,-11.2,-21.0,synth:babble,original (AudioForge)
Assets/_Project/Audio/VO/bronze/vo_bronze_levy_alert_03.ogg,vo_bronze_levy_alert,3,placeholder,R,1.0,-10.3,-21.0,synth:babble,original (AudioForge)
Assets/_Project/Audio/VO/bronze/vo_bronze_levy_asleep_01.ogg,vo_bronze_levy_asleep,1,placeholder,R,2.5,-3.1,-22.5,synth:snore,original (AudioForge)
Assets/_Project/Audio/VO/bronze/vo_bronze_levy_asleep_02.ogg,vo_bronze_levy_asleep,2,placeholder,R,2.5,-5.0,-22.5,synth:snore,original (AudioForge)
Assets/_Project/Audio/VO/bronze/vo_bronze_levy_attack_01.ogg,vo_bronze_levy_attack,1,placeholder,R,0.4,-10.5,-21.0,synth:babble,original (AudioForge)
Assets/_Project/Audio/VO/bronze/vo_bronze_levy_attack_02.ogg,vo_bronze_levy_attack,2,placeholder,R,0.4,-11.6,-21.0,synth:babble,original (AudioForge)
Assets/_Project/Audio/VO/bronze/vo_bronze_levy_attack_03.ogg,vo_bronze_levy_attack,3,placeholder,R,0.4,-9.9,-21.0,synth:babble,original (AudioForge)
Assets/_Project/Audio/VO/bronze/vo_bronze_levy_chase_01.ogg,vo_bronze_levy_chase,1,placeholder,R,1.2,-8.8,-19.0,synth:babble,original (AudioForge)
Assets/_Project/Audio/VO/bronze/vo_bronze_levy_chase_02.ogg,vo_bronze_levy_chase,2,placeholder,R,1.2,-9.1,-19.0,synth:babble,original (AudioForge)
Assets/_Project/Audio/VO/bronze/vo_bronze_levy_chase_03.ogg,vo_bronze_levy_chase,3,placeholder,R,1.2,-6.8,-19.0,synth:babble,original (AudioForge)
Assets/_Project/Audio/VO/bronze/vo_bronze_levy_death_01.ogg,vo_bronze_levy_death,1,placeholder,R,1.0,-9.9,-21.0,synth:babble,original (AudioForge)
Assets/_Project/Audio/VO/bronze/vo_bronze_levy_death_02.ogg,vo_bronze_levy_death,2,placeholder,R,1.0,-12.1,-21.0,synth:babble,original (AudioForge)
Assets/_Project/Audio/VO/bronze/vo_bronze_levy_grabbed_01.ogg,vo_bronze_levy_grabbed,1,placeholder,R,1.0,-9.9,-21.0,synth:babble,original (AudioForge)
Assets/_Project/Audio/VO/bronze/vo_bronze_levy_grabbed_02.ogg,vo_bronze_levy_grabbed,2,placeholder,R,1.0,-11.5,-21.0,synth:babble,original (AudioForge)
Assets/_Project/Audio/VO/bronze/vo_bronze_levy_grabbed_03.ogg,vo_bronze_levy_grabbed,3,placeholder,R,1.0,-9.9,-21.0,synth:babble,original (AudioForge)
Assets/_Project/Audio/VO/bronze/vo_bronze_levy_hurt_01.ogg,vo_bronze_levy_hurt,1,placeholder,R,0.5,-12.3,-21.0,synth:babble,original (AudioForge)
Assets/_Project/Audio/VO/bronze/vo_bronze_levy_hurt_02.ogg,vo_bronze_levy_hurt,2,placeholder,R,0.5,-13.0,-21.0,synth:babble,original (AudioForge)
Assets/_Project/Audio/VO/bronze/vo_bronze_levy_hurt_03.ogg,vo_bronze_levy_hurt,3,placeholder,R,0.5,-12.8,-21.0,synth:babble,original (AudioForge)
Assets/_Project/Audio/VO/bronze/vo_bronze_levy_lost_01.ogg,vo_bronze_levy_lost,1,placeholder,R,0.9,-13.9,-22.5,synth:babble,original (AudioForge)
Assets/_Project/Audio/VO/bronze/vo_bronze_levy_lost_02.ogg,vo_bronze_levy_lost,2,placeholder,R,0.9,-13.9,-22.5,synth:babble,original (AudioForge)
Assets/_Project/Audio/VO/bronze/vo_bronze_levy_murmur_01.ogg,vo_bronze_levy_murmur,1,placeholder,R,2.0,-11.2,-24.0,synth:babble,original (AudioForge)
Assets/_Project/Audio/VO/bronze/vo_bronze_levy_murmur_02.ogg,vo_bronze_levy_murmur,2,placeholder,R,2.0,-12.6,-24.0,synth:babble,original (AudioForge)
Assets/_Project/Audio/VO/bronze/vo_bronze_levy_murmur_03.ogg,vo_bronze_levy_murmur,3,placeholder,R,2.0,-13.9,-24.0,synth:babble,original (AudioForge)
Assets/_Project/Audio/VO/bronze/vo_bronze_levy_murmur_04.ogg,vo_bronze_levy_murmur,4,placeholder,R,2.0,-13.2,-24.0,synth:babble,original (AudioForge)
Assets/_Project/Audio/VO/bronze/vo_bronze_levy_search_01.ogg,vo_bronze_levy_search,1,placeholder,R,1.4,-10.1,-22.5,synth:babble,original (AudioForge)
Assets/_Project/Audio/VO/bronze/vo_bronze_levy_search_02.ogg,vo_bronze_levy_search,2,placeholder,R,1.4,-12.0,-22.5,synth:babble,original (AudioForge)
Assets/_Project/Audio/VO/bronze/vo_bronze_levy_thrown_01.ogg,vo_bronze_levy_thrown,1,placeholder,R,0.7,-12.9,-21.0,synth:babble,original (AudioForge)
Assets/_Project/Audio/VO/bronze/vo_bronze_levy_thrown_02.ogg,vo_bronze_levy_thrown,2,placeholder,R,0.7,-11.9,-21.0,synth:babble,original (AudioForge)
Assets/_Project/Audio/VO/bronze/vo_bronze_slinger_alert_01.ogg,vo_bronze_slinger_alert,1,placeholder,R,1.0,-8.9,-21.0,synth:babble,original (AudioForge)
Assets/_Project/Audio/VO/bronze/vo_bronze_slinger_alert_02.ogg,vo_bronze_slinger_alert,2,placeholder,R,1.0,-10.3,-21.0,synth:babble,original (AudioForge)
Assets/_Project/Audio/VO/bronze/vo_bronze_slinger_alert_03.ogg,vo_bronze_slinger_alert,3,placeholder,R,1.0,-11.2,-21.0,synth:babble,original (AudioForge)
Assets/_Project/Audio/VO/bronze/vo_bronze_slinger_asleep_01.ogg,vo_bronze_slinger_asleep,1,placeholder,R,2.5,-3.2,-22.5,synth:snore,original (AudioForge)
Assets/_Project/Audio/VO/bronze/vo_bronze_slinger_asleep_02.ogg,vo_bronze_slinger_asleep,2,placeholder,R,2.5,-3.5,-22.5,synth:snore,original (AudioForge)
Assets/_Project/Audio/VO/bronze/vo_bronze_slinger_attack_01.ogg,vo_bronze_slinger_attack,1,placeholder,R,0.4,-10.9,-21.0,synth:babble,original (AudioForge)
Assets/_Project/Audio/VO/bronze/vo_bronze_slinger_attack_02.ogg,vo_bronze_slinger_attack,2,placeholder,R,0.4,-10.0,-21.0,synth:babble,original (AudioForge)
Assets/_Project/Audio/VO/bronze/vo_bronze_slinger_attack_03.ogg,vo_bronze_slinger_attack,3,placeholder,R,0.4,-10.7,-21.0,synth:babble,original (AudioForge)
Assets/_Project/Audio/VO/bronze/vo_bronze_slinger_chase_01.ogg,vo_bronze_slinger_chase,1,placeholder,R,1.2,-8.0,-19.0,synth:babble,original (AudioForge)
Assets/_Project/Audio/VO/bronze/vo_bronze_slinger_chase_02.ogg,vo_bronze_slinger_chase,2,placeholder,R,1.2,-6.7,-19.0,synth:babble,original (AudioForge)
Assets/_Project/Audio/VO/bronze/vo_bronze_slinger_chase_03.ogg,vo_bronze_slinger_chase,3,placeholder,R,1.2,-8.6,-19.0,synth:babble,original (AudioForge)
Assets/_Project/Audio/VO/bronze/vo_bronze_slinger_death_01.ogg,vo_bronze_slinger_death,1,placeholder,R,1.0,-12.4,-21.0,synth:babble,original (AudioForge)
Assets/_Project/Audio/VO/bronze/vo_bronze_slinger_death_02.ogg,vo_bronze_slinger_death,2,placeholder,R,1.0,-11.5,-21.0,synth:babble,original (AudioForge)
Assets/_Project/Audio/VO/bronze/vo_bronze_slinger_grabbed_01.ogg,vo_bronze_slinger_grabbed,1,placeholder,R,1.0,-11.7,-21.0,synth:babble,original (AudioForge)
Assets/_Project/Audio/VO/bronze/vo_bronze_slinger_grabbed_02.ogg,vo_bronze_slinger_grabbed,2,placeholder,R,1.0,-10.6,-21.0,synth:babble,original (AudioForge)
Assets/_Project/Audio/VO/bronze/vo_bronze_slinger_grabbed_03.ogg,vo_bronze_slinger_grabbed,3,placeholder,R,1.0,-9.9,-21.0,synth:babble,original (AudioForge)
Assets/_Project/Audio/VO/bronze/vo_bronze_slinger_hurt_01.ogg,vo_bronze_slinger_hurt,1,placeholder,R,0.5,-12.5,-21.0,synth:babble,original (AudioForge)
Assets/_Project/Audio/VO/bronze/vo_bronze_slinger_hurt_02.ogg,vo_bronze_slinger_hurt,2,placeholder,R,0.5,-12.6,-21.0,synth:babble,original (AudioForge)
Assets/_Project/Audio/VO/bronze/vo_bronze_slinger_hurt_03.ogg,vo_bronze_slinger_hurt,3,placeholder,R,0.5,-12.6,-21.0,synth:babble,original (AudioForge)
Assets/_Project/Audio/VO/bronze/vo_bronze_slinger_lost_01.ogg,vo_bronze_slinger_lost,1,placeholder,R,0.9,-11.8,-22.5,synth:babble,original (AudioForge)
Assets/_Project/Audio/VO/bronze/vo_bronze_slinger_lost_02.ogg,vo_bronze_slinger_lost,2,placeholder,R,0.9,-14.0,-22.5,synth:babble,original (AudioForge)
Assets/_Project/Audio/VO/bronze/vo_bronze_slinger_murmur_01.ogg,vo_bronze_slinger_murmur,1,placeholder,R,2.0,-11.9,-24.0,synth:babble,original (AudioForge)
Assets/_Project/Audio/VO/bronze/vo_bronze_slinger_murmur_02.ogg,vo_bronze_slinger_murmur,2,placeholder,R,2.0,-13.0,-24.0,synth:babble,original (AudioForge)
Assets/_Project/Audio/VO/bronze/vo_bronze_slinger_murmur_03.ogg,vo_bronze_slinger_murmur,3,placeholder,R,2.0,-13.0,-24.0,synth:babble,original (AudioForge)
Assets/_Project/Audio/VO/bronze/vo_bronze_slinger_murmur_04.ogg,vo_bronze_slinger_murmur,4,placeholder,R,2.0,-12.6,-24.0,synth:babble,original (AudioForge)
Assets/_Project/Audio/VO/bronze/vo_bronze_slinger_search_01.ogg,vo_bronze_slinger_search,1,placeholder,R,1.4,-12.1,-22.5,synth:babble,original (AudioForge)
Assets/_Project/Audio/VO/bronze/vo_bronze_slinger_search_02.ogg,vo_bronze_slinger_search,2,placeholder,R,1.4,-12.6,-22.5,synth:babble,original (AudioForge)
Assets/_Project/Audio/VO/bronze/vo_bronze_slinger_thrown_01.ogg,vo_bronze_slinger_thrown,1,placeholder,R,0.7,-10.8,-21.0,synth:babble,original (AudioForge)
Assets/_Project/Audio/VO/bronze/vo_bronze_slinger_thrown_02.ogg,vo_bronze_slinger_thrown,2,placeholder,R,0.7,-12.3,-21.0,synth:babble,original (AudioForge)
Assets/_Project/Audio/VO/high/vo_high_crossbowman_alert_01.ogg,vo_high_crossbowman_alert,1,placeholder,R,1.0,-10.9,-21.0,synth:babble,original (AudioForge)
Assets/_Project/Audio/VO/high/vo_high_crossbowman_alert_02.ogg,vo_high_crossbowman_alert,2,placeholder,R,1.0,-11.2,-21.0,synth:babble,original (AudioForge)
Assets/_Project/Audio/VO/high/vo_high_crossbowman_alert_03.ogg,vo_high_crossbowman_alert,3,placeholder,R,1.0,-9.3,-21.0,synth:babble,original (AudioForge)
Assets/_Project/Audio/VO/high/vo_high_crossbowman_asleep_01.ogg,vo_high_crossbowman_asleep,1,placeholder,R,2.5,-4.0,-22.5,synth:snore,original (AudioForge)
Assets/_Project/Audio/VO/high/vo_high_crossbowman_asleep_02.ogg,vo_high_crossbowman_asleep,2,placeholder,R,2.5,-3.1,-22.5,synth:snore,original (AudioForge)
Assets/_Project/Audio/VO/high/vo_high_crossbowman_attack_01.ogg,vo_high_crossbowman_attack,1,placeholder,R,0.4,-10.5,-21.0,synth:babble,original (AudioForge)
Assets/_Project/Audio/VO/high/vo_high_crossbowman_attack_02.ogg,vo_high_crossbowman_attack,2,placeholder,R,0.4,-12.9,-21.0,synth:babble,original (AudioForge)
Assets/_Project/Audio/VO/high/vo_high_crossbowman_attack_03.ogg,vo_high_crossbowman_attack,3,placeholder,R,0.4,-10.6,-21.0,synth:babble,original (AudioForge)
Assets/_Project/Audio/VO/high/vo_high_crossbowman_chase_01.ogg,vo_high_crossbowman_chase,1,placeholder,R,1.2,-8.9,-19.0,synth:babble,original (AudioForge)
Assets/_Project/Audio/VO/high/vo_high_crossbowman_chase_02.ogg,vo_high_crossbowman_chase,2,placeholder,R,1.2,-9.6,-19.0,synth:babble,original (AudioForge)
Assets/_Project/Audio/VO/high/vo_high_crossbowman_chase_03.ogg,vo_high_crossbowman_chase,3,placeholder,R,1.2,-9.0,-19.0,synth:babble,original (AudioForge)
Assets/_Project/Audio/VO/high/vo_high_crossbowman_death_01.ogg,vo_high_crossbowman_death,1,placeholder,R,1.0,-9.9,-21.0,synth:babble,original (AudioForge)
Assets/_Project/Audio/VO/high/vo_high_crossbowman_death_02.ogg,vo_high_crossbowman_death,2,placeholder,R,1.0,-10.7,-21.0,synth:babble,original (AudioForge)
Assets/_Project/Audio/VO/high/vo_high_crossbowman_grabbed_01.ogg,vo_high_crossbowman_grabbed,1,placeholder,R,1.0,-9.8,-21.0,synth:babble,original (AudioForge)
Assets/_Project/Audio/VO/high/vo_high_crossbowman_grabbed_02.ogg,vo_high_crossbowman_grabbed,2,placeholder,R,1.0,-9.3,-21.0,synth:babble,original (AudioForge)
Assets/_Project/Audio/VO/high/vo_high_crossbowman_grabbed_03.ogg,vo_high_crossbowman_grabbed,3,placeholder,R,1.0,-11.3,-21.0,synth:babble,original (AudioForge)
Assets/_Project/Audio/VO/high/vo_high_crossbowman_hurt_01.ogg,vo_high_crossbowman_hurt,1,placeholder,R,0.5,-13.6,-21.0,synth:babble,original (AudioForge)
Assets/_Project/Audio/VO/high/vo_high_crossbowman_hurt_02.ogg,vo_high_crossbowman_hurt,2,placeholder,R,0.5,-11.2,-21.0,synth:babble,original (AudioForge)
Assets/_Project/Audio/VO/high/vo_high_crossbowman_hurt_03.ogg,vo_high_crossbowman_hurt,3,placeholder,R,0.5,-11.2,-21.0,synth:babble,original (AudioForge)
Assets/_Project/Audio/VO/high/vo_high_crossbowman_lost_01.ogg,vo_high_crossbowman_lost,1,placeholder,R,0.9,-10.8,-22.5,synth:babble,original (AudioForge)
Assets/_Project/Audio/VO/high/vo_high_crossbowman_lost_02.ogg,vo_high_crossbowman_lost,2,placeholder,R,0.9,-11.3,-22.5,synth:babble,original (AudioForge)
Assets/_Project/Audio/VO/high/vo_high_crossbowman_murmur_01.ogg,vo_high_crossbowman_murmur,1,placeholder,R,2.0,-12.4,-24.0,synth:babble,original (AudioForge)
Assets/_Project/Audio/VO/high/vo_high_crossbowman_murmur_02.ogg,vo_high_crossbowman_murmur,2,placeholder,R,2.0,-12.7,-24.0,synth:babble,original (AudioForge)
Assets/_Project/Audio/VO/high/vo_high_crossbowman_murmur_03.ogg,vo_high_crossbowman_murmur,3,placeholder,R,2.0,-11.6,-24.0,synth:babble,original (AudioForge)
Assets/_Project/Audio/VO/high/vo_high_crossbowman_murmur_04.ogg,vo_high_crossbowman_murmur,4,placeholder,R,2.0,-12.1,-24.0,synth:babble,original (AudioForge)
Assets/_Project/Audio/VO/high/vo_high_crossbowman_search_01.ogg,vo_high_crossbowman_search,1,placeholder,R,1.4,-11.2,-22.5,synth:babble,original (AudioForge)
Assets/_Project/Audio/VO/high/vo_high_crossbowman_search_02.ogg,vo_high_crossbowman_search,2,placeholder,R,1.4,-11.5,-22.5,synth:babble,original (AudioForge)
Assets/_Project/Audio/VO/high/vo_high_crossbowman_thrown_01.ogg,vo_high_crossbowman_thrown,1,placeholder,R,0.7,-10.7,-21.0,synth:babble,original (AudioForge)
Assets/_Project/Audio/VO/high/vo_high_crossbowman_thrown_02.ogg,vo_high_crossbowman_thrown,2,placeholder,R,0.7,-10.6,-21.0,synth:babble,original (AudioForge)
Assets/_Project/Audio/VO/high/vo_high_knight_alert_01.ogg,vo_high_knight_alert,1,placeholder,R,1.0,-10.1,-21.0,synth:babble,original (AudioForge)
Assets/_Project/Audio/VO/high/vo_high_knight_alert_02.ogg,vo_high_knight_alert,2,placeholder,R,1.0,-8.8,-21.0,synth:babble,original (AudioForge)
Assets/_Project/Audio/VO/high/vo_high_knight_alert_03.ogg,vo_high_knight_alert,3,placeholder,R,1.0,-10.3,-21.0,synth:babble,original (AudioForge)
Assets/_Project/Audio/VO/high/vo_high_knight_asleep_01.ogg,vo_high_knight_asleep,1,placeholder,R,2.5,-1.7,-22.5,synth:snore,original (AudioForge)
Assets/_Project/Audio/VO/high/vo_high_knight_asleep_02.ogg,vo_high_knight_asleep,2,placeholder,R,2.5,-2.5,-22.5,synth:snore,original (AudioForge)
Assets/_Project/Audio/VO/high/vo_high_knight_attack_01.ogg,vo_high_knight_attack,1,placeholder,R,0.4,-9.4,-21.0,synth:babble,original (AudioForge)
Assets/_Project/Audio/VO/high/vo_high_knight_attack_02.ogg,vo_high_knight_attack,2,placeholder,R,0.4,-10.1,-21.0,synth:babble,original (AudioForge)
Assets/_Project/Audio/VO/high/vo_high_knight_attack_03.ogg,vo_high_knight_attack,3,placeholder,R,0.4,-8.5,-21.0,synth:babble,original (AudioForge)
Assets/_Project/Audio/VO/high/vo_high_knight_chase_01.ogg,vo_high_knight_chase,1,placeholder,R,1.2,-6.6,-19.0,synth:babble,original (AudioForge)
Assets/_Project/Audio/VO/high/vo_high_knight_chase_02.ogg,vo_high_knight_chase,2,placeholder,R,1.2,-7.3,-19.0,synth:babble,original (AudioForge)
Assets/_Project/Audio/VO/high/vo_high_knight_chase_03.ogg,vo_high_knight_chase,3,placeholder,R,1.2,-8.2,-19.0,synth:babble,original (AudioForge)
Assets/_Project/Audio/VO/high/vo_high_knight_death_01.ogg,vo_high_knight_death,1,placeholder,R,1.0,-10.9,-21.0,synth:babble,original (AudioForge)
Assets/_Project/Audio/VO/high/vo_high_knight_death_02.ogg,vo_high_knight_death,2,placeholder,R,1.0,-11.1,-21.0,synth:babble,original (AudioForge)
Assets/_Project/Audio/VO/high/vo_high_knight_grabbed_01.ogg,vo_high_knight_grabbed,1,placeholder,R,1.0,-9.9,-21.0,synth:babble,original (AudioForge)
Assets/_Project/Audio/VO/high/vo_high_knight_grabbed_02.ogg,vo_high_knight_grabbed,2,placeholder,R,1.0,-9.1,-21.0,synth:babble,original (AudioForge)
Assets/_Project/Audio/VO/high/vo_high_knight_grabbed_03.ogg,vo_high_knight_grabbed,3,placeholder,R,1.0,-9.4,-21.0,synth:babble,original (AudioForge)
Assets/_Project/Audio/VO/high/vo_high_knight_hurt_01.ogg,vo_high_knight_hurt,1,placeholder,R,0.5,-11.8,-21.0,synth:babble,original (AudioForge)
Assets/_Project/Audio/VO/high/vo_high_knight_hurt_02.ogg,vo_high_knight_hurt,2,placeholder,R,0.5,-10.9,-21.0,synth:babble,original (AudioForge)
Assets/_Project/Audio/VO/high/vo_high_knight_hurt_03.ogg,vo_high_knight_hurt,3,placeholder,R,0.5,-11.7,-21.0,synth:babble,original (AudioForge)
Assets/_Project/Audio/VO/high/vo_high_knight_lost_01.ogg,vo_high_knight_lost,1,placeholder,R,0.9,-11.6,-22.5,synth:babble,original (AudioForge)
Assets/_Project/Audio/VO/high/vo_high_knight_lost_02.ogg,vo_high_knight_lost,2,placeholder,R,0.9,-11.8,-22.5,synth:babble,original (AudioForge)
Assets/_Project/Audio/VO/high/vo_high_knight_murmur_01.ogg,vo_high_knight_murmur,1,placeholder,R,2.0,-9.8,-24.0,synth:babble,original (AudioForge)
Assets/_Project/Audio/VO/high/vo_high_knight_murmur_02.ogg,vo_high_knight_murmur,2,placeholder,R,2.0,-11.8,-24.0,synth:babble,original (AudioForge)
Assets/_Project/Audio/VO/high/vo_high_knight_murmur_03.ogg,vo_high_knight_murmur,3,placeholder,R,2.0,-10.2,-24.0,synth:babble,original (AudioForge)
Assets/_Project/Audio/VO/high/vo_high_knight_murmur_04.ogg,vo_high_knight_murmur,4,placeholder,R,2.0,-10.3,-24.0,synth:babble,original (AudioForge)
Assets/_Project/Audio/VO/high/vo_high_knight_search_01.ogg,vo_high_knight_search,1,placeholder,R,1.4,-9.7,-22.5,synth:babble,original (AudioForge)
Assets/_Project/Audio/VO/high/vo_high_knight_search_02.ogg,vo_high_knight_search,2,placeholder,R,1.4,-8.1,-22.5,synth:babble,original (AudioForge)
Assets/_Project/Audio/VO/high/vo_high_knight_thrown_01.ogg,vo_high_knight_thrown,1,placeholder,R,0.7,-10.1,-21.0,synth:babble,original (AudioForge)
Assets/_Project/Audio/VO/high/vo_high_knight_thrown_02.ogg,vo_high_knight_thrown,2,placeholder,R,0.7,-10.2,-21.0,synth:babble,original (AudioForge)
Assets/_Project/Audio/VO/high/vo_high_warden_alert_01.ogg,vo_high_warden_alert,1,placeholder,R,1.0,-11.2,-21.0,synth:babble,original (AudioForge)
Assets/_Project/Audio/VO/high/vo_high_warden_alert_02.ogg,vo_high_warden_alert,2,placeholder,R,1.0,-11.9,-21.0,synth:babble,original (AudioForge)
Assets/_Project/Audio/VO/high/vo_high_warden_alert_03.ogg,vo_high_warden_alert,3,placeholder,R,1.0,-9.9,-21.0,synth:babble,original (AudioForge)
Assets/_Project/Audio/VO/high/vo_high_warden_asleep_01.ogg,vo_high_warden_asleep,1,placeholder,R,2.5,-3.5,-22.5,synth:snore,original (AudioForge)
Assets/_Project/Audio/VO/high/vo_high_warden_asleep_02.ogg,vo_high_warden_asleep,2,placeholder,R,2.5,-1.4,-22.5,synth:snore,original (AudioForge)
Assets/_Project/Audio/VO/high/vo_high_warden_attack_01.ogg,vo_high_warden_attack,1,placeholder,R,0.4,-12.5,-21.0,synth:babble,original (AudioForge)
Assets/_Project/Audio/VO/high/vo_high_warden_attack_02.ogg,vo_high_warden_attack,2,placeholder,R,0.4,-11.6,-21.0,synth:babble,original (AudioForge)
Assets/_Project/Audio/VO/high/vo_high_warden_attack_03.ogg,vo_high_warden_attack,3,placeholder,R,0.4,-9.7,-21.0,synth:babble,original (AudioForge)
Assets/_Project/Audio/VO/high/vo_high_warden_chase_01.ogg,vo_high_warden_chase,1,placeholder,R,1.2,-8.0,-19.0,synth:babble,original (AudioForge)
Assets/_Project/Audio/VO/high/vo_high_warden_chase_02.ogg,vo_high_warden_chase,2,placeholder,R,1.2,-8.3,-19.0,synth:babble,original (AudioForge)
Assets/_Project/Audio/VO/high/vo_high_warden_chase_03.ogg,vo_high_warden_chase,3,placeholder,R,1.2,-8.6,-19.0,synth:babble,original (AudioForge)
Assets/_Project/Audio/VO/high/vo_high_warden_death_01.ogg,vo_high_warden_death,1,placeholder,R,1.0,-11.9,-21.0,synth:babble,original (AudioForge)
Assets/_Project/Audio/VO/high/vo_high_warden_death_02.ogg,vo_high_warden_death,2,placeholder,R,1.0,-12.1,-21.0,synth:babble,original (AudioForge)
Assets/_Project/Audio/VO/high/vo_high_warden_grabbed_01.ogg,vo_high_warden_grabbed,1,placeholder,R,1.0,-9.9,-21.0,synth:babble,original (AudioForge)
Assets/_Project/Audio/VO/high/vo_high_warden_grabbed_02.ogg,vo_high_warden_grabbed,2,placeholder,R,1.0,-11.9,-21.0,synth:babble,original (AudioForge)
Assets/_Project/Audio/VO/high/vo_high_warden_grabbed_03.ogg,vo_high_warden_grabbed,3,placeholder,R,1.0,-8.6,-21.0,synth:babble,original (AudioForge)
Assets/_Project/Audio/VO/high/vo_high_warden_hurt_01.ogg,vo_high_warden_hurt,1,placeholder,R,0.5,-11.9,-21.0,synth:babble,original (AudioForge)
Assets/_Project/Audio/VO/high/vo_high_warden_hurt_02.ogg,vo_high_warden_hurt,2,placeholder,R,0.5,-12.0,-21.0,synth:babble,original (AudioForge)
Assets/_Project/Audio/VO/high/vo_high_warden_hurt_03.ogg,vo_high_warden_hurt,3,placeholder,R,0.5,-12.8,-21.0,synth:babble,original (AudioForge)
Assets/_Project/Audio/VO/high/vo_high_warden_lost_01.ogg,vo_high_warden_lost,1,placeholder,R,0.9,-11.3,-22.5,synth:babble,original (AudioForge)
Assets/_Project/Audio/VO/high/vo_high_warden_lost_02.ogg,vo_high_warden_lost,2,placeholder,R,0.9,-12.4,-22.5,synth:babble,original (AudioForge)
Assets/_Project/Audio/VO/high/vo_high_warden_murmur_01.ogg,vo_high_warden_murmur,1,placeholder,R,2.0,-12.1,-24.0,synth:babble,original (AudioForge)
Assets/_Project/Audio/VO/high/vo_high_warden_murmur_02.ogg,vo_high_warden_murmur,2,placeholder,R,2.0,-11.6,-24.0,synth:babble,original (AudioForge)
Assets/_Project/Audio/VO/high/vo_high_warden_murmur_03.ogg,vo_high_warden_murmur,3,placeholder,R,2.0,-13.6,-24.0,synth:babble,original (AudioForge)
Assets/_Project/Audio/VO/high/vo_high_warden_murmur_04.ogg,vo_high_warden_murmur,4,placeholder,R,2.0,-12.2,-24.0,synth:babble,original (AudioForge)
Assets/_Project/Audio/VO/high/vo_high_warden_search_01.ogg,vo_high_warden_search,1,placeholder,R,1.4,-11.0,-22.5,synth:babble,original (AudioForge)
Assets/_Project/Audio/VO/high/vo_high_warden_search_02.ogg,vo_high_warden_search,2,placeholder,R,1.4,-12.2,-22.5,synth:babble,original (AudioForge)
Assets/_Project/Audio/VO/high/vo_high_warden_thrown_01.ogg,vo_high_warden_thrown,1,placeholder,R,0.7,-10.8,-21.0,synth:babble,original (AudioForge)
Assets/_Project/Audio/VO/high/vo_high_warden_thrown_02.ogg,vo_high_warden_thrown,2,placeholder,R,0.7,-9.6,-21.0,synth:babble,original (AudioForge)
Assets/_Project/Audio/VO/hound/vo_hound_bark_01.ogg,vo_hound_bark,1,placeholder,L,0.35,-9.7,-19.0,synth:hound,original (AudioForge)
Assets/_Project/Audio/VO/hound/vo_hound_bark_02.ogg,vo_hound_bark,2,placeholder,L,0.35,-11.3,-19.0,synth:hound,original (AudioForge)
Assets/_Project/Audio/VO/hound/vo_hound_bark_03.ogg,vo_hound_bark,3,placeholder,L,0.35,-9.7,-19.0,synth:hound,original (AudioForge)
Assets/_Project/Audio/VO/hound/vo_hound_bark_04.ogg,vo_hound_bark,4,placeholder,L,0.35,-10.3,-19.0,synth:hound,original (AudioForge)
Assets/_Project/Audio/VO/hound/vo_hound_bite_01.ogg,vo_hound_bite,1,placeholder,L,0.3,-10.8,-22.5,synth:hound,original (AudioForge)
Assets/_Project/Audio/VO/hound/vo_hound_bite_02.ogg,vo_hound_bite,2,placeholder,L,0.3,-9.6,-22.5,synth:hound,original (AudioForge)
Assets/_Project/Audio/VO/hound/vo_hound_bite_03.ogg,vo_hound_bite,3,placeholder,L,0.3,-8.0,-22.5,synth:hound,original (AudioForge)
Assets/_Project/Audio/VO/hound/vo_hound_growl_01.ogg,vo_hound_growl,1,placeholder,L,1.0,-6.7,-22.5,synth:hound,original (AudioForge)
Assets/_Project/Audio/VO/hound/vo_hound_growl_02.ogg,vo_hound_growl,2,placeholder,L,1.0,-8.3,-22.5,synth:hound,original (AudioForge)
Assets/_Project/Audio/VO/hound/vo_hound_growl_03.ogg,vo_hound_growl,3,placeholder,L,1.0,-9.3,-22.5,synth:hound,original (AudioForge)
Assets/_Project/Audio/VO/hound/vo_hound_howl_01.ogg,vo_hound_howl,1,placeholder,L,3.0,-10.7,-19.0,synth:hound,original (AudioForge)
Assets/_Project/Audio/VO/hound/vo_hound_pant_loop_01.ogg,vo_hound_pant_loop,1,placeholder,L,1.5,-7.1,-24.0,synth:hound,original (AudioForge)
Assets/_Project/Audio/VO/hound/vo_hound_whimper_grabbed_01.ogg,vo_hound_whimper_grabbed,1,placeholder,L,0.8,-12.3,-22.5,synth:hound,original (AudioForge)
Assets/_Project/Audio/VO/hound/vo_hound_whimper_grabbed_02.ogg,vo_hound_whimper_grabbed,2,placeholder,L,0.8,-13.1,-22.5,synth:hound,original (AudioForge)
Assets/_Project/Audio/VO/hound/vo_hound_yelp_01.ogg,vo_hound_yelp,1,placeholder,L,0.3,-14.6,-21.0,synth:hound,original (AudioForge)
Assets/_Project/Audio/VO/hound/vo_hound_yelp_02.ogg,vo_hound_yelp,2,placeholder,L,0.3,-13.2,-21.0,synth:hound,original (AudioForge)
Assets/_Project/Audio/VO/hound/vo_hound_yelp_03.ogg,vo_hound_yelp,3,placeholder,L,0.3,-12.7,-21.0,synth:hound,original (AudioForge)
Assets/_Project/Audio/VO/late/vo_late_halberdier_alert_01.ogg,vo_late_halberdier_alert,1,placeholder,R,1.0,-11.1,-21.0,synth:babble,original (AudioForge)
Assets/_Project/Audio/VO/late/vo_late_halberdier_alert_02.ogg,vo_late_halberdier_alert,2,placeholder,R,1.0,-10.6,-21.0,synth:babble,original (AudioForge)
Assets/_Project/Audio/VO/late/vo_late_halberdier_alert_03.ogg,vo_late_halberdier_alert,3,placeholder,R,1.0,-10.9,-21.0,synth:babble,original (AudioForge)
Assets/_Project/Audio/VO/late/vo_late_halberdier_asleep_01.ogg,vo_late_halberdier_asleep,1,placeholder,R,2.5,-3.0,-22.5,synth:snore,original (AudioForge)
Assets/_Project/Audio/VO/late/vo_late_halberdier_asleep_02.ogg,vo_late_halberdier_asleep,2,placeholder,R,2.5,-3.8,-22.5,synth:snore,original (AudioForge)
Assets/_Project/Audio/VO/late/vo_late_halberdier_attack_01.ogg,vo_late_halberdier_attack,1,placeholder,R,0.4,-11.6,-21.0,synth:babble,original (AudioForge)
Assets/_Project/Audio/VO/late/vo_late_halberdier_attack_02.ogg,vo_late_halberdier_attack,2,placeholder,R,0.4,-10.0,-21.0,synth:babble,original (AudioForge)
Assets/_Project/Audio/VO/late/vo_late_halberdier_attack_03.ogg,vo_late_halberdier_attack,3,placeholder,R,0.4,-10.3,-21.0,synth:babble,original (AudioForge)
Assets/_Project/Audio/VO/late/vo_late_halberdier_chase_01.ogg,vo_late_halberdier_chase,1,placeholder,R,1.2,-8.8,-19.0,synth:babble,original (AudioForge)
Assets/_Project/Audio/VO/late/vo_late_halberdier_chase_02.ogg,vo_late_halberdier_chase,2,placeholder,R,1.2,-9.9,-19.0,synth:babble,original (AudioForge)
Assets/_Project/Audio/VO/late/vo_late_halberdier_chase_03.ogg,vo_late_halberdier_chase,3,placeholder,R,1.2,-7.3,-19.0,synth:babble,original (AudioForge)
Assets/_Project/Audio/VO/late/vo_late_halberdier_death_01.ogg,vo_late_halberdier_death,1,placeholder,R,1.0,-11.2,-21.0,synth:babble,original (AudioForge)
Assets/_Project/Audio/VO/late/vo_late_halberdier_death_02.ogg,vo_late_halberdier_death,2,placeholder,R,1.0,-11.5,-21.0,synth:babble,original (AudioForge)
Assets/_Project/Audio/VO/late/vo_late_halberdier_grabbed_01.ogg,vo_late_halberdier_grabbed,1,placeholder,R,1.0,-8.9,-21.0,synth:babble,original (AudioForge)
Assets/_Project/Audio/VO/late/vo_late_halberdier_grabbed_02.ogg,vo_late_halberdier_grabbed,2,placeholder,R,1.0,-10.6,-21.0,synth:babble,original (AudioForge)
Assets/_Project/Audio/VO/late/vo_late_halberdier_grabbed_03.ogg,vo_late_halberdier_grabbed,3,placeholder,R,1.0,-10.1,-21.0,synth:babble,original (AudioForge)
Assets/_Project/Audio/VO/late/vo_late_halberdier_hurt_01.ogg,vo_late_halberdier_hurt,1,placeholder,R,0.5,-12.1,-21.0,synth:babble,original (AudioForge)
Assets/_Project/Audio/VO/late/vo_late_halberdier_hurt_02.ogg,vo_late_halberdier_hurt,2,placeholder,R,0.5,-12.1,-21.0,synth:babble,original (AudioForge)
Assets/_Project/Audio/VO/late/vo_late_halberdier_hurt_03.ogg,vo_late_halberdier_hurt,3,placeholder,R,0.5,-13.4,-21.0,synth:babble,original (AudioForge)
Assets/_Project/Audio/VO/late/vo_late_halberdier_lost_01.ogg,vo_late_halberdier_lost,1,placeholder,R,0.9,-10.5,-22.5,synth:babble,original (AudioForge)
Assets/_Project/Audio/VO/late/vo_late_halberdier_lost_02.ogg,vo_late_halberdier_lost,2,placeholder,R,0.9,-12.5,-22.5,synth:babble,original (AudioForge)
Assets/_Project/Audio/VO/late/vo_late_halberdier_murmur_01.ogg,vo_late_halberdier_murmur,1,placeholder,R,2.0,-14.3,-24.0,synth:babble,original (AudioForge)
Assets/_Project/Audio/VO/late/vo_late_halberdier_murmur_02.ogg,vo_late_halberdier_murmur,2,placeholder,R,2.0,-13.0,-24.0,synth:babble,original (AudioForge)
Assets/_Project/Audio/VO/late/vo_late_halberdier_murmur_03.ogg,vo_late_halberdier_murmur,3,placeholder,R,2.0,-13.1,-24.0,synth:babble,original (AudioForge)
Assets/_Project/Audio/VO/late/vo_late_halberdier_murmur_04.ogg,vo_late_halberdier_murmur,4,placeholder,R,2.0,-13.8,-24.0,synth:babble,original (AudioForge)
Assets/_Project/Audio/VO/late/vo_late_halberdier_search_01.ogg,vo_late_halberdier_search,1,placeholder,R,1.4,-10.0,-22.5,synth:babble,original (AudioForge)
Assets/_Project/Audio/VO/late/vo_late_halberdier_search_02.ogg,vo_late_halberdier_search,2,placeholder,R,1.4,-9.4,-22.5,synth:babble,original (AudioForge)
Assets/_Project/Audio/VO/late/vo_late_halberdier_thrown_01.ogg,vo_late_halberdier_thrown,1,placeholder,R,0.7,-10.9,-21.0,synth:babble,original (AudioForge)
Assets/_Project/Audio/VO/late/vo_late_halberdier_thrown_02.ogg,vo_late_halberdier_thrown,2,placeholder,R,0.7,-10.1,-21.0,synth:babble,original (AudioForge)
Assets/_Project/Audio/VO/late/vo_late_handgunner_alert_01.ogg,vo_late_handgunner_alert,1,placeholder,R,1.0,-10.1,-21.0,synth:babble,original (AudioForge)
Assets/_Project/Audio/VO/late/vo_late_handgunner_alert_02.ogg,vo_late_handgunner_alert,2,placeholder,R,1.0,-11.2,-21.0,synth:babble,original (AudioForge)
Assets/_Project/Audio/VO/late/vo_late_handgunner_alert_03.ogg,vo_late_handgunner_alert,3,placeholder,R,1.0,-9.2,-21.0,synth:babble,original (AudioForge)
Assets/_Project/Audio/VO/late/vo_late_handgunner_asleep_01.ogg,vo_late_handgunner_asleep,1,placeholder,R,2.5,-2.2,-22.5,synth:snore,original (AudioForge)
Assets/_Project/Audio/VO/late/vo_late_handgunner_asleep_02.ogg,vo_late_handgunner_asleep,2,placeholder,R,2.5,-2.9,-22.5,synth:snore,original (AudioForge)
Assets/_Project/Audio/VO/late/vo_late_handgunner_attack_01.ogg,vo_late_handgunner_attack,1,placeholder,R,0.4,-10.1,-21.0,synth:babble,original (AudioForge)
Assets/_Project/Audio/VO/late/vo_late_handgunner_attack_02.ogg,vo_late_handgunner_attack,2,placeholder,R,0.4,-11.0,-21.0,synth:babble,original (AudioForge)
Assets/_Project/Audio/VO/late/vo_late_handgunner_attack_03.ogg,vo_late_handgunner_attack,3,placeholder,R,0.4,-9.8,-21.0,synth:babble,original (AudioForge)
Assets/_Project/Audio/VO/late/vo_late_handgunner_chase_01.ogg,vo_late_handgunner_chase,1,placeholder,R,1.2,-9.6,-19.0,synth:babble,original (AudioForge)
Assets/_Project/Audio/VO/late/vo_late_handgunner_chase_02.ogg,vo_late_handgunner_chase,2,placeholder,R,1.2,-8.7,-19.0,synth:babble,original (AudioForge)
Assets/_Project/Audio/VO/late/vo_late_handgunner_chase_03.ogg,vo_late_handgunner_chase,3,placeholder,R,1.2,-8.5,-19.0,synth:babble,original (AudioForge)
Assets/_Project/Audio/VO/late/vo_late_handgunner_death_01.ogg,vo_late_handgunner_death,1,placeholder,R,1.0,-11.8,-21.0,synth:babble,original (AudioForge)
Assets/_Project/Audio/VO/late/vo_late_handgunner_death_02.ogg,vo_late_handgunner_death,2,placeholder,R,1.0,-12.6,-21.0,synth:babble,original (AudioForge)
Assets/_Project/Audio/VO/late/vo_late_handgunner_grabbed_01.ogg,vo_late_handgunner_grabbed,1,placeholder,R,1.0,-9.3,-21.0,synth:babble,original (AudioForge)
Assets/_Project/Audio/VO/late/vo_late_handgunner_grabbed_02.ogg,vo_late_handgunner_grabbed,2,placeholder,R,1.0,-10.9,-21.0,synth:babble,original (AudioForge)
Assets/_Project/Audio/VO/late/vo_late_handgunner_grabbed_03.ogg,vo_late_handgunner_grabbed,3,placeholder,R,1.0,-11.8,-21.0,synth:babble,original (AudioForge)
Assets/_Project/Audio/VO/late/vo_late_handgunner_hurt_01.ogg,vo_late_handgunner_hurt,1,placeholder,R,0.5,-12.5,-21.0,synth:babble,original (AudioForge)
Assets/_Project/Audio/VO/late/vo_late_handgunner_hurt_02.ogg,vo_late_handgunner_hurt,2,placeholder,R,0.5,-12.3,-21.0,synth:babble,original (AudioForge)
Assets/_Project/Audio/VO/late/vo_late_handgunner_hurt_03.ogg,vo_late_handgunner_hurt,3,placeholder,R,0.5,-12.8,-21.0,synth:babble,original (AudioForge)
Assets/_Project/Audio/VO/late/vo_late_handgunner_lost_01.ogg,vo_late_handgunner_lost,1,placeholder,R,0.9,-12.2,-22.5,synth:babble,original (AudioForge)
Assets/_Project/Audio/VO/late/vo_late_handgunner_lost_02.ogg,vo_late_handgunner_lost,2,placeholder,R,0.9,-13.1,-22.5,synth:babble,original (AudioForge)
Assets/_Project/Audio/VO/late/vo_late_handgunner_murmur_01.ogg,vo_late_handgunner_murmur,1,placeholder,R,2.0,-12.8,-24.0,synth:babble,original (AudioForge)
Assets/_Project/Audio/VO/late/vo_late_handgunner_murmur_02.ogg,vo_late_handgunner_murmur,2,placeholder,R,2.0,-12.8,-24.0,synth:babble,original (AudioForge)
Assets/_Project/Audio/VO/late/vo_late_handgunner_murmur_03.ogg,vo_late_handgunner_murmur,3,placeholder,R,2.0,-13.1,-24.0,synth:babble,original (AudioForge)
Assets/_Project/Audio/VO/late/vo_late_handgunner_murmur_04.ogg,vo_late_handgunner_murmur,4,placeholder,R,2.0,-12.2,-24.0,synth:babble,original (AudioForge)
Assets/_Project/Audio/VO/late/vo_late_handgunner_search_01.ogg,vo_late_handgunner_search,1,placeholder,R,1.4,-11.7,-22.5,synth:babble,original (AudioForge)
Assets/_Project/Audio/VO/late/vo_late_handgunner_search_02.ogg,vo_late_handgunner_search,2,placeholder,R,1.4,-11.5,-22.5,synth:babble,original (AudioForge)
Assets/_Project/Audio/VO/late/vo_late_handgunner_thrown_01.ogg,vo_late_handgunner_thrown,1,placeholder,R,0.7,-10.3,-21.0,synth:babble,original (AudioForge)
Assets/_Project/Audio/VO/late/vo_late_handgunner_thrown_02.ogg,vo_late_handgunner_thrown,2,placeholder,R,0.7,-11.0,-21.0,synth:babble,original (AudioForge)
Assets/_Project/Audio/VO/late/vo_late_manatarms_alert_01.ogg,vo_late_manatarms_alert,1,placeholder,R,1.0,-11.7,-21.0,synth:babble,original (AudioForge)
Assets/_Project/Audio/VO/late/vo_late_manatarms_alert_02.ogg,vo_late_manatarms_alert,2,placeholder,R,1.0,-10.0,-21.0,synth:babble,original (AudioForge)
Assets/_Project/Audio/VO/late/vo_late_manatarms_alert_03.ogg,vo_late_manatarms_alert,3,placeholder,R,1.0,-9.2,-21.0,synth:babble,original (AudioForge)
Assets/_Project/Audio/VO/late/vo_late_manatarms_asleep_01.ogg,vo_late_manatarms_asleep,1,placeholder,R,2.5,-2.3,-22.5,synth:snore,original (AudioForge)
Assets/_Project/Audio/VO/late/vo_late_manatarms_asleep_02.ogg,vo_late_manatarms_asleep,2,placeholder,R,2.5,-4.2,-22.5,synth:snore,original (AudioForge)
Assets/_Project/Audio/VO/late/vo_late_manatarms_attack_01.ogg,vo_late_manatarms_attack,1,placeholder,R,0.4,-8.5,-21.0,synth:babble,original (AudioForge)
Assets/_Project/Audio/VO/late/vo_late_manatarms_attack_02.ogg,vo_late_manatarms_attack,2,placeholder,R,0.4,-8.5,-21.0,synth:babble,original (AudioForge)
Assets/_Project/Audio/VO/late/vo_late_manatarms_attack_03.ogg,vo_late_manatarms_attack,3,placeholder,R,0.4,-8.4,-21.0,synth:babble,original (AudioForge)
Assets/_Project/Audio/VO/late/vo_late_manatarms_chase_01.ogg,vo_late_manatarms_chase,1,placeholder,R,1.2,-8.1,-19.0,synth:babble,original (AudioForge)
Assets/_Project/Audio/VO/late/vo_late_manatarms_chase_02.ogg,vo_late_manatarms_chase,2,placeholder,R,1.2,-7.0,-19.0,synth:babble,original (AudioForge)
Assets/_Project/Audio/VO/late/vo_late_manatarms_chase_03.ogg,vo_late_manatarms_chase,3,placeholder,R,1.2,-6.9,-19.0,synth:babble,original (AudioForge)
Assets/_Project/Audio/VO/late/vo_late_manatarms_death_01.ogg,vo_late_manatarms_death,1,placeholder,R,1.0,-9.2,-21.0,synth:babble,original (AudioForge)
Assets/_Project/Audio/VO/late/vo_late_manatarms_death_02.ogg,vo_late_manatarms_death,2,placeholder,R,1.0,-9.3,-21.0,synth:babble,original (AudioForge)
Assets/_Project/Audio/VO/late/vo_late_manatarms_grabbed_01.ogg,vo_late_manatarms_grabbed,1,placeholder,R,1.0,-10.4,-21.0,synth:babble,original (AudioForge)
Assets/_Project/Audio/VO/late/vo_late_manatarms_grabbed_02.ogg,vo_late_manatarms_grabbed,2,placeholder,R,1.0,-9.0,-21.0,synth:babble,original (AudioForge)
Assets/_Project/Audio/VO/late/vo_late_manatarms_grabbed_03.ogg,vo_late_manatarms_grabbed,3,placeholder,R,1.0,-7.8,-21.0,synth:babble,original (AudioForge)
Assets/_Project/Audio/VO/late/vo_late_manatarms_hurt_01.ogg,vo_late_manatarms_hurt,1,placeholder,R,0.5,-11.7,-21.0,synth:babble,original (AudioForge)
Assets/_Project/Audio/VO/late/vo_late_manatarms_hurt_02.ogg,vo_late_manatarms_hurt,2,placeholder,R,0.5,-11.8,-21.0,synth:babble,original (AudioForge)
Assets/_Project/Audio/VO/late/vo_late_manatarms_hurt_03.ogg,vo_late_manatarms_hurt,3,placeholder,R,0.5,-10.2,-21.0,synth:babble,original (AudioForge)
Assets/_Project/Audio/VO/late/vo_late_manatarms_lost_01.ogg,vo_late_manatarms_lost,1,placeholder,R,0.9,-8.9,-22.5,synth:babble,original (AudioForge)
Assets/_Project/Audio/VO/late/vo_late_manatarms_lost_02.ogg,vo_late_manatarms_lost,2,placeholder,R,0.9,-10.5,-22.5,synth:babble,original (AudioForge)
Assets/_Project/Audio/VO/late/vo_late_manatarms_murmur_01.ogg,vo_late_manatarms_murmur,1,placeholder,R,2.0,-9.9,-24.0,synth:babble,original (AudioForge)
Assets/_Project/Audio/VO/late/vo_late_manatarms_murmur_02.ogg,vo_late_manatarms_murmur,2,placeholder,R,2.0,-12.4,-24.0,synth:babble,original (AudioForge)
Assets/_Project/Audio/VO/late/vo_late_manatarms_murmur_03.ogg,vo_late_manatarms_murmur,3,placeholder,R,2.0,-12.0,-24.0,synth:babble,original (AudioForge)
Assets/_Project/Audio/VO/late/vo_late_manatarms_murmur_04.ogg,vo_late_manatarms_murmur,4,placeholder,R,2.0,-10.1,-24.0,synth:babble,original (AudioForge)
Assets/_Project/Audio/VO/late/vo_late_manatarms_search_01.ogg,vo_late_manatarms_search,1,placeholder,R,1.4,-9.6,-22.5,synth:babble,original (AudioForge)
Assets/_Project/Audio/VO/late/vo_late_manatarms_search_02.ogg,vo_late_manatarms_search,2,placeholder,R,1.4,-10.7,-22.5,synth:babble,original (AudioForge)
Assets/_Project/Audio/VO/late/vo_late_manatarms_thrown_01.ogg,vo_late_manatarms_thrown,1,placeholder,R,0.7,-9.2,-21.0,synth:babble,original (AudioForge)
Assets/_Project/Audio/VO/late/vo_late_manatarms_thrown_02.ogg,vo_late_manatarms_thrown,2,placeholder,R,0.7,-10.5,-21.0,synth:babble,original (AudioForge)
Assets/_Project/Audio/VO/late/vo_late_pavisier_alert_01.ogg,vo_late_pavisier_alert,1,placeholder,R,1.0,-11.7,-21.0,synth:babble,original (AudioForge)
Assets/_Project/Audio/VO/late/vo_late_pavisier_alert_02.ogg,vo_late_pavisier_alert,2,placeholder,R,1.0,-8.9,-21.0,synth:babble,original (AudioForge)
Assets/_Project/Audio/VO/late/vo_late_pavisier_alert_03.ogg,vo_late_pavisier_alert,3,placeholder,R,1.0,-8.8,-21.0,synth:babble,original (AudioForge)
Assets/_Project/Audio/VO/late/vo_late_pavisier_asleep_01.ogg,vo_late_pavisier_asleep,1,placeholder,R,2.5,-3.2,-22.5,synth:snore,original (AudioForge)
Assets/_Project/Audio/VO/late/vo_late_pavisier_asleep_02.ogg,vo_late_pavisier_asleep,2,placeholder,R,2.5,-2.4,-22.5,synth:snore,original (AudioForge)
Assets/_Project/Audio/VO/late/vo_late_pavisier_attack_01.ogg,vo_late_pavisier_attack,1,placeholder,R,0.4,-11.3,-21.0,synth:babble,original (AudioForge)
Assets/_Project/Audio/VO/late/vo_late_pavisier_attack_02.ogg,vo_late_pavisier_attack,2,placeholder,R,0.4,-11.4,-21.0,synth:babble,original (AudioForge)
Assets/_Project/Audio/VO/late/vo_late_pavisier_attack_03.ogg,vo_late_pavisier_attack,3,placeholder,R,0.4,-9.4,-21.0,synth:babble,original (AudioForge)
Assets/_Project/Audio/VO/late/vo_late_pavisier_chase_01.ogg,vo_late_pavisier_chase,1,placeholder,R,1.2,-8.1,-19.0,synth:babble,original (AudioForge)
Assets/_Project/Audio/VO/late/vo_late_pavisier_chase_02.ogg,vo_late_pavisier_chase,2,placeholder,R,1.2,-7.8,-19.0,synth:babble,original (AudioForge)
Assets/_Project/Audio/VO/late/vo_late_pavisier_chase_03.ogg,vo_late_pavisier_chase,3,placeholder,R,1.2,-8.5,-19.0,synth:babble,original (AudioForge)
Assets/_Project/Audio/VO/late/vo_late_pavisier_death_01.ogg,vo_late_pavisier_death,1,placeholder,R,1.0,-10.5,-21.0,synth:babble,original (AudioForge)
Assets/_Project/Audio/VO/late/vo_late_pavisier_death_02.ogg,vo_late_pavisier_death,2,placeholder,R,1.0,-10.7,-21.0,synth:babble,original (AudioForge)
Assets/_Project/Audio/VO/late/vo_late_pavisier_grabbed_01.ogg,vo_late_pavisier_grabbed,1,placeholder,R,1.0,-11.3,-21.0,synth:babble,original (AudioForge)
Assets/_Project/Audio/VO/late/vo_late_pavisier_grabbed_02.ogg,vo_late_pavisier_grabbed,2,placeholder,R,1.0,-11.3,-21.0,synth:babble,original (AudioForge)
Assets/_Project/Audio/VO/late/vo_late_pavisier_grabbed_03.ogg,vo_late_pavisier_grabbed,3,placeholder,R,1.0,-10.8,-21.0,synth:babble,original (AudioForge)
Assets/_Project/Audio/VO/late/vo_late_pavisier_hurt_01.ogg,vo_late_pavisier_hurt,1,placeholder,R,0.5,-13.1,-21.0,synth:babble,original (AudioForge)
Assets/_Project/Audio/VO/late/vo_late_pavisier_hurt_02.ogg,vo_late_pavisier_hurt,2,placeholder,R,0.5,-12.5,-21.0,synth:babble,original (AudioForge)
Assets/_Project/Audio/VO/late/vo_late_pavisier_hurt_03.ogg,vo_late_pavisier_hurt,3,placeholder,R,0.5,-13.5,-21.0,synth:babble,original (AudioForge)
Assets/_Project/Audio/VO/late/vo_late_pavisier_lost_01.ogg,vo_late_pavisier_lost,1,placeholder,R,0.9,-11.0,-22.5,synth:babble,original (AudioForge)
Assets/_Project/Audio/VO/late/vo_late_pavisier_lost_02.ogg,vo_late_pavisier_lost,2,placeholder,R,0.9,-11.1,-22.5,synth:babble,original (AudioForge)
Assets/_Project/Audio/VO/late/vo_late_pavisier_murmur_01.ogg,vo_late_pavisier_murmur,1,placeholder,R,2.0,-12.7,-24.0,synth:babble,original (AudioForge)
Assets/_Project/Audio/VO/late/vo_late_pavisier_murmur_02.ogg,vo_late_pavisier_murmur,2,placeholder,R,2.0,-13.2,-24.0,synth:babble,original (AudioForge)
Assets/_Project/Audio/VO/late/vo_late_pavisier_murmur_03.ogg,vo_late_pavisier_murmur,3,placeholder,R,2.0,-13.5,-24.0,synth:babble,original (AudioForge)
Assets/_Project/Audio/VO/late/vo_late_pavisier_murmur_04.ogg,vo_late_pavisier_murmur,4,placeholder,R,2.0,-13.4,-24.0,synth:babble,original (AudioForge)
Assets/_Project/Audio/VO/late/vo_late_pavisier_search_01.ogg,vo_late_pavisier_search,1,placeholder,R,1.4,-11.3,-22.5,synth:babble,original (AudioForge)
Assets/_Project/Audio/VO/late/vo_late_pavisier_search_02.ogg,vo_late_pavisier_search,2,placeholder,R,1.4,-12.2,-22.5,synth:babble,original (AudioForge)
Assets/_Project/Audio/VO/late/vo_late_pavisier_thrown_01.ogg,vo_late_pavisier_thrown,1,placeholder,R,0.7,-10.9,-21.0,synth:babble,original (AudioForge)
Assets/_Project/Audio/VO/late/vo_late_pavisier_thrown_02.ogg,vo_late_pavisier_thrown,2,placeholder,R,0.7,-11.5,-21.0,synth:babble,original (AudioForge)
Assets/_Project/Audio/VO/powder/vo_powder_cuirassier_alert_01.ogg,vo_powder_cuirassier_alert,1,placeholder,R,1.0,-9.4,-21.0,synth:babble,original (AudioForge)
Assets/_Project/Audio/VO/powder/vo_powder_cuirassier_alert_02.ogg,vo_powder_cuirassier_alert,2,placeholder,R,1.0,-8.6,-21.0,synth:babble,original (AudioForge)
Assets/_Project/Audio/VO/powder/vo_powder_cuirassier_alert_03.ogg,vo_powder_cuirassier_alert,3,placeholder,R,1.0,-10.4,-21.0,synth:babble,original (AudioForge)
Assets/_Project/Audio/VO/powder/vo_powder_cuirassier_asleep_01.ogg,vo_powder_cuirassier_asleep,1,placeholder,R,2.5,-3.0,-22.5,synth:snore,original (AudioForge)
Assets/_Project/Audio/VO/powder/vo_powder_cuirassier_asleep_02.ogg,vo_powder_cuirassier_asleep,2,placeholder,R,2.5,-1.8,-22.5,synth:snore,original (AudioForge)
Assets/_Project/Audio/VO/powder/vo_powder_cuirassier_attack_01.ogg,vo_powder_cuirassier_attack,1,placeholder,R,0.4,-9.6,-21.0,synth:babble,original (AudioForge)
Assets/_Project/Audio/VO/powder/vo_powder_cuirassier_attack_02.ogg,vo_powder_cuirassier_attack,2,placeholder,R,0.4,-10.3,-21.0,synth:babble,original (AudioForge)
Assets/_Project/Audio/VO/powder/vo_powder_cuirassier_attack_03.ogg,vo_powder_cuirassier_attack,3,placeholder,R,0.4,-11.1,-21.0,synth:babble,original (AudioForge)
Assets/_Project/Audio/VO/powder/vo_powder_cuirassier_chase_01.ogg,vo_powder_cuirassier_chase,1,placeholder,R,1.2,-8.2,-19.0,synth:babble,original (AudioForge)
Assets/_Project/Audio/VO/powder/vo_powder_cuirassier_chase_02.ogg,vo_powder_cuirassier_chase,2,placeholder,R,1.2,-8.8,-19.0,synth:babble,original (AudioForge)
Assets/_Project/Audio/VO/powder/vo_powder_cuirassier_chase_03.ogg,vo_powder_cuirassier_chase,3,placeholder,R,1.2,-6.0,-19.0,synth:babble,original (AudioForge)
Assets/_Project/Audio/VO/powder/vo_powder_cuirassier_death_01.ogg,vo_powder_cuirassier_death,1,placeholder,R,1.0,-10.7,-21.0,synth:babble,original (AudioForge)
Assets/_Project/Audio/VO/powder/vo_powder_cuirassier_death_02.ogg,vo_powder_cuirassier_death,2,placeholder,R,1.0,-9.5,-21.0,synth:babble,original (AudioForge)
Assets/_Project/Audio/VO/powder/vo_powder_cuirassier_grabbed_01.ogg,vo_powder_cuirassier_grabbed,1,placeholder,R,1.0,-9.4,-21.0,synth:babble,original (AudioForge)
Assets/_Project/Audio/VO/powder/vo_powder_cuirassier_grabbed_02.ogg,vo_powder_cuirassier_grabbed,2,placeholder,R,1.0,-9.7,-21.0,synth:babble,original (AudioForge)
Assets/_Project/Audio/VO/powder/vo_powder_cuirassier_grabbed_03.ogg,vo_powder_cuirassier_grabbed,3,placeholder,R,1.0,-7.4,-21.0,synth:babble,original (AudioForge)
Assets/_Project/Audio/VO/powder/vo_powder_cuirassier_hurt_01.ogg,vo_powder_cuirassier_hurt,1,placeholder,R,0.5,-12.7,-21.0,synth:babble,original (AudioForge)
Assets/_Project/Audio/VO/powder/vo_powder_cuirassier_hurt_02.ogg,vo_powder_cuirassier_hurt,2,placeholder,R,0.5,-12.7,-21.0,synth:babble,original (AudioForge)
Assets/_Project/Audio/VO/powder/vo_powder_cuirassier_hurt_03.ogg,vo_powder_cuirassier_hurt,3,placeholder,R,0.5,-12.7,-21.0,synth:babble,original (AudioForge)
Assets/_Project/Audio/VO/powder/vo_powder_cuirassier_lost_01.ogg,vo_powder_cuirassier_lost,1,placeholder,R,0.9,-9.3,-22.5,synth:babble,original (AudioForge)
Assets/_Project/Audio/VO/powder/vo_powder_cuirassier_lost_02.ogg,vo_powder_cuirassier_lost,2,placeholder,R,0.9,-11.1,-22.5,synth:babble,original (AudioForge)
Assets/_Project/Audio/VO/powder/vo_powder_cuirassier_murmur_01.ogg,vo_powder_cuirassier_murmur,1,placeholder,R,2.0,-9.5,-24.0,synth:babble,original (AudioForge)
Assets/_Project/Audio/VO/powder/vo_powder_cuirassier_murmur_02.ogg,vo_powder_cuirassier_murmur,2,placeholder,R,2.0,-11.2,-24.0,synth:babble,original (AudioForge)
Assets/_Project/Audio/VO/powder/vo_powder_cuirassier_murmur_03.ogg,vo_powder_cuirassier_murmur,3,placeholder,R,2.0,-10.1,-24.0,synth:babble,original (AudioForge)
Assets/_Project/Audio/VO/powder/vo_powder_cuirassier_murmur_04.ogg,vo_powder_cuirassier_murmur,4,placeholder,R,2.0,-10.5,-24.0,synth:babble,original (AudioForge)
Assets/_Project/Audio/VO/powder/vo_powder_cuirassier_search_01.ogg,vo_powder_cuirassier_search,1,placeholder,R,1.4,-10.0,-22.5,synth:babble,original (AudioForge)
Assets/_Project/Audio/VO/powder/vo_powder_cuirassier_search_02.ogg,vo_powder_cuirassier_search,2,placeholder,R,1.4,-10.2,-22.5,synth:babble,original (AudioForge)
Assets/_Project/Audio/VO/powder/vo_powder_cuirassier_thrown_01.ogg,vo_powder_cuirassier_thrown,1,placeholder,R,0.7,-9.0,-21.0,synth:babble,original (AudioForge)
Assets/_Project/Audio/VO/powder/vo_powder_cuirassier_thrown_02.ogg,vo_powder_cuirassier_thrown,2,placeholder,R,0.7,-9.7,-21.0,synth:babble,original (AudioForge)
Assets/_Project/Audio/VO/powder/vo_powder_guard_alert_01.ogg,vo_powder_guard_alert,1,placeholder,R,1.0,-10.2,-21.0,synth:babble,original (AudioForge)
Assets/_Project/Audio/VO/powder/vo_powder_guard_alert_02.ogg,vo_powder_guard_alert,2,placeholder,R,1.0,-8.7,-21.0,synth:babble,original (AudioForge)
Assets/_Project/Audio/VO/powder/vo_powder_guard_alert_03.ogg,vo_powder_guard_alert,3,placeholder,R,1.0,-10.3,-21.0,synth:babble,original (AudioForge)
Assets/_Project/Audio/VO/powder/vo_powder_guard_asleep_01.ogg,vo_powder_guard_asleep,1,placeholder,R,2.5,-3.0,-22.5,synth:snore,original (AudioForge)
Assets/_Project/Audio/VO/powder/vo_powder_guard_asleep_02.ogg,vo_powder_guard_asleep,2,placeholder,R,2.5,-4.0,-22.5,synth:snore,original (AudioForge)
Assets/_Project/Audio/VO/powder/vo_powder_guard_attack_01.ogg,vo_powder_guard_attack,1,placeholder,R,0.4,-10.1,-21.0,synth:babble,original (AudioForge)
Assets/_Project/Audio/VO/powder/vo_powder_guard_attack_02.ogg,vo_powder_guard_attack,2,placeholder,R,0.4,-10.5,-21.0,synth:babble,original (AudioForge)
Assets/_Project/Audio/VO/powder/vo_powder_guard_attack_03.ogg,vo_powder_guard_attack,3,placeholder,R,0.4,-11.5,-21.0,synth:babble,original (AudioForge)
Assets/_Project/Audio/VO/powder/vo_powder_guard_chase_01.ogg,vo_powder_guard_chase,1,placeholder,R,1.2,-8.1,-19.0,synth:babble,original (AudioForge)
Assets/_Project/Audio/VO/powder/vo_powder_guard_chase_02.ogg,vo_powder_guard_chase,2,placeholder,R,1.2,-8.0,-19.0,synth:babble,original (AudioForge)
Assets/_Project/Audio/VO/powder/vo_powder_guard_chase_03.ogg,vo_powder_guard_chase,3,placeholder,R,1.2,-7.3,-19.0,synth:babble,original (AudioForge)
Assets/_Project/Audio/VO/powder/vo_powder_guard_death_01.ogg,vo_powder_guard_death,1,placeholder,R,1.0,-10.7,-21.0,synth:babble,original (AudioForge)
Assets/_Project/Audio/VO/powder/vo_powder_guard_death_02.ogg,vo_powder_guard_death,2,placeholder,R,1.0,-11.0,-21.0,synth:babble,original (AudioForge)
Assets/_Project/Audio/VO/powder/vo_powder_guard_grabbed_01.ogg,vo_powder_guard_grabbed,1,placeholder,R,1.0,-11.2,-21.0,synth:babble,original (AudioForge)
Assets/_Project/Audio/VO/powder/vo_powder_guard_grabbed_02.ogg,vo_powder_guard_grabbed,2,placeholder,R,1.0,-11.2,-21.0,synth:babble,original (AudioForge)
Assets/_Project/Audio/VO/powder/vo_powder_guard_grabbed_03.ogg,vo_powder_guard_grabbed,3,placeholder,R,1.0,-10.2,-21.0,synth:babble,original (AudioForge)
Assets/_Project/Audio/VO/powder/vo_powder_guard_hurt_01.ogg,vo_powder_guard_hurt,1,placeholder,R,0.5,-11.5,-21.0,synth:babble,original (AudioForge)
Assets/_Project/Audio/VO/powder/vo_powder_guard_hurt_02.ogg,vo_powder_guard_hurt,2,placeholder,R,0.5,-12.2,-21.0,synth:babble,original (AudioForge)
Assets/_Project/Audio/VO/powder/vo_powder_guard_hurt_03.ogg,vo_powder_guard_hurt,3,placeholder,R,0.5,-12.2,-21.0,synth:babble,original (AudioForge)
Assets/_Project/Audio/VO/powder/vo_powder_guard_lost_01.ogg,vo_powder_guard_lost,1,placeholder,R,0.9,-11.9,-22.5,synth:babble,original (AudioForge)
Assets/_Project/Audio/VO/powder/vo_powder_guard_lost_02.ogg,vo_powder_guard_lost,2,placeholder,R,0.9,-10.6,-22.5,synth:babble,original (AudioForge)
Assets/_Project/Audio/VO/powder/vo_powder_guard_murmur_01.ogg,vo_powder_guard_murmur,1,placeholder,R,2.0,-11.5,-24.0,synth:babble,original (AudioForge)
Assets/_Project/Audio/VO/powder/vo_powder_guard_murmur_02.ogg,vo_powder_guard_murmur,2,placeholder,R,2.0,-11.7,-24.0,synth:babble,original (AudioForge)
Assets/_Project/Audio/VO/powder/vo_powder_guard_murmur_03.ogg,vo_powder_guard_murmur,3,placeholder,R,2.0,-12.6,-24.0,synth:babble,original (AudioForge)
Assets/_Project/Audio/VO/powder/vo_powder_guard_murmur_04.ogg,vo_powder_guard_murmur,4,placeholder,R,2.0,-13.6,-24.0,synth:babble,original (AudioForge)
Assets/_Project/Audio/VO/powder/vo_powder_guard_search_01.ogg,vo_powder_guard_search,1,placeholder,R,1.4,-12.3,-22.5,synth:babble,original (AudioForge)
Assets/_Project/Audio/VO/powder/vo_powder_guard_search_02.ogg,vo_powder_guard_search,2,placeholder,R,1.4,-9.7,-22.5,synth:babble,original (AudioForge)
Assets/_Project/Audio/VO/powder/vo_powder_guard_thrown_01.ogg,vo_powder_guard_thrown,1,placeholder,R,0.7,-12.2,-21.0,synth:babble,original (AudioForge)
Assets/_Project/Audio/VO/powder/vo_powder_guard_thrown_02.ogg,vo_powder_guard_thrown,2,placeholder,R,0.7,-11.1,-21.0,synth:babble,original (AudioForge)
Assets/_Project/Audio/VO/powder/vo_powder_musketeer_alert_01.ogg,vo_powder_musketeer_alert,1,placeholder,R,1.0,-11.1,-21.0,synth:babble,original (AudioForge)
Assets/_Project/Audio/VO/powder/vo_powder_musketeer_alert_02.ogg,vo_powder_musketeer_alert,2,placeholder,R,1.0,-11.1,-21.0,synth:babble,original (AudioForge)
Assets/_Project/Audio/VO/powder/vo_powder_musketeer_alert_03.ogg,vo_powder_musketeer_alert,3,placeholder,R,1.0,-9.4,-21.0,synth:babble,original (AudioForge)
Assets/_Project/Audio/VO/powder/vo_powder_musketeer_asleep_01.ogg,vo_powder_musketeer_asleep,1,placeholder,R,2.5,-2.0,-22.5,synth:snore,original (AudioForge)
Assets/_Project/Audio/VO/powder/vo_powder_musketeer_asleep_02.ogg,vo_powder_musketeer_asleep,2,placeholder,R,2.5,-2.0,-22.5,synth:snore,original (AudioForge)
Assets/_Project/Audio/VO/powder/vo_powder_musketeer_attack_01.ogg,vo_powder_musketeer_attack,1,placeholder,R,0.4,-10.2,-21.0,synth:babble,original (AudioForge)
Assets/_Project/Audio/VO/powder/vo_powder_musketeer_attack_02.ogg,vo_powder_musketeer_attack,2,placeholder,R,0.4,-11.4,-21.0,synth:babble,original (AudioForge)
Assets/_Project/Audio/VO/powder/vo_powder_musketeer_attack_03.ogg,vo_powder_musketeer_attack,3,placeholder,R,0.4,-12.4,-21.0,synth:babble,original (AudioForge)
Assets/_Project/Audio/VO/powder/vo_powder_musketeer_chase_01.ogg,vo_powder_musketeer_chase,1,placeholder,R,1.2,-7.3,-19.0,synth:babble,original (AudioForge)
Assets/_Project/Audio/VO/powder/vo_powder_musketeer_chase_02.ogg,vo_powder_musketeer_chase,2,placeholder,R,1.2,-7.8,-19.0,synth:babble,original (AudioForge)
Assets/_Project/Audio/VO/powder/vo_powder_musketeer_chase_03.ogg,vo_powder_musketeer_chase,3,placeholder,R,1.2,-9.6,-19.0,synth:babble,original (AudioForge)
Assets/_Project/Audio/VO/powder/vo_powder_musketeer_death_01.ogg,vo_powder_musketeer_death,1,placeholder,R,1.0,-13.1,-21.0,synth:babble,original (AudioForge)
Assets/_Project/Audio/VO/powder/vo_powder_musketeer_death_02.ogg,vo_powder_musketeer_death,2,placeholder,R,1.0,-11.3,-21.0,synth:babble,original (AudioForge)
Assets/_Project/Audio/VO/powder/vo_powder_musketeer_grabbed_01.ogg,vo_powder_musketeer_grabbed,1,placeholder,R,1.0,-10.3,-21.0,synth:babble,original (AudioForge)
Assets/_Project/Audio/VO/powder/vo_powder_musketeer_grabbed_02.ogg,vo_powder_musketeer_grabbed,2,placeholder,R,1.0,-10.5,-21.0,synth:babble,original (AudioForge)
Assets/_Project/Audio/VO/powder/vo_powder_musketeer_grabbed_03.ogg,vo_powder_musketeer_grabbed,3,placeholder,R,1.0,-10.1,-21.0,synth:babble,original (AudioForge)
Assets/_Project/Audio/VO/powder/vo_powder_musketeer_hurt_01.ogg,vo_powder_musketeer_hurt,1,placeholder,R,0.5,-12.4,-21.0,synth:babble,original (AudioForge)
Assets/_Project/Audio/VO/powder/vo_powder_musketeer_hurt_02.ogg,vo_powder_musketeer_hurt,2,placeholder,R,0.5,-14.8,-21.0,synth:babble,original (AudioForge)
Assets/_Project/Audio/VO/powder/vo_powder_musketeer_hurt_03.ogg,vo_powder_musketeer_hurt,3,placeholder,R,0.5,-12.5,-21.0,synth:babble,original (AudioForge)
Assets/_Project/Audio/VO/powder/vo_powder_musketeer_lost_01.ogg,vo_powder_musketeer_lost,1,placeholder,R,0.9,-11.7,-22.5,synth:babble,original (AudioForge)
Assets/_Project/Audio/VO/powder/vo_powder_musketeer_lost_02.ogg,vo_powder_musketeer_lost,2,placeholder,R,0.9,-12.6,-22.5,synth:babble,original (AudioForge)
Assets/_Project/Audio/VO/powder/vo_powder_musketeer_murmur_01.ogg,vo_powder_musketeer_murmur,1,placeholder,R,2.0,-13.1,-24.0,synth:babble,original (AudioForge)
Assets/_Project/Audio/VO/powder/vo_powder_musketeer_murmur_02.ogg,vo_powder_musketeer_murmur,2,placeholder,R,2.0,-13.7,-24.0,synth:babble,original (AudioForge)
Assets/_Project/Audio/VO/powder/vo_powder_musketeer_murmur_03.ogg,vo_powder_musketeer_murmur,3,placeholder,R,2.0,-13.3,-24.0,synth:babble,original (AudioForge)
Assets/_Project/Audio/VO/powder/vo_powder_musketeer_murmur_04.ogg,vo_powder_musketeer_murmur,4,placeholder,R,2.0,-13.5,-24.0,synth:babble,original (AudioForge)
Assets/_Project/Audio/VO/powder/vo_powder_musketeer_search_01.ogg,vo_powder_musketeer_search,1,placeholder,R,1.4,-12.3,-22.5,synth:babble,original (AudioForge)
Assets/_Project/Audio/VO/powder/vo_powder_musketeer_search_02.ogg,vo_powder_musketeer_search,2,placeholder,R,1.4,-12.6,-22.5,synth:babble,original (AudioForge)
Assets/_Project/Audio/VO/powder/vo_powder_musketeer_thrown_01.ogg,vo_powder_musketeer_thrown,1,placeholder,R,0.7,-12.0,-21.0,synth:babble,original (AudioForge)
Assets/_Project/Audio/VO/powder/vo_powder_musketeer_thrown_02.ogg,vo_powder_musketeer_thrown,2,placeholder,R,0.7,-11.1,-21.0,synth:babble,original (AudioForge)
Assets/_Project/Audio/VO/powder/vo_powder_petardier_alert_01.ogg,vo_powder_petardier_alert,1,placeholder,R,1.0,-9.7,-21.0,synth:babble,original (AudioForge)
Assets/_Project/Audio/VO/powder/vo_powder_petardier_alert_02.ogg,vo_powder_petardier_alert,2,placeholder,R,1.0,-11.3,-21.0,synth:babble,original (AudioForge)
Assets/_Project/Audio/VO/powder/vo_powder_petardier_alert_03.ogg,vo_powder_petardier_alert,3,placeholder,R,1.0,-11.7,-21.0,synth:babble,original (AudioForge)
Assets/_Project/Audio/VO/powder/vo_powder_petardier_asleep_01.ogg,vo_powder_petardier_asleep,1,placeholder,R,2.5,-3.4,-22.5,synth:snore,original (AudioForge)
Assets/_Project/Audio/VO/powder/vo_powder_petardier_asleep_02.ogg,vo_powder_petardier_asleep,2,placeholder,R,2.5,-4.1,-22.5,synth:snore,original (AudioForge)
Assets/_Project/Audio/VO/powder/vo_powder_petardier_attack_01.ogg,vo_powder_petardier_attack,1,placeholder,R,0.4,-10.1,-21.0,synth:babble,original (AudioForge)
Assets/_Project/Audio/VO/powder/vo_powder_petardier_attack_02.ogg,vo_powder_petardier_attack,2,placeholder,R,0.4,-12.1,-21.0,synth:babble,original (AudioForge)
Assets/_Project/Audio/VO/powder/vo_powder_petardier_attack_03.ogg,vo_powder_petardier_attack,3,placeholder,R,0.4,-11.0,-21.0,synth:babble,original (AudioForge)
Assets/_Project/Audio/VO/powder/vo_powder_petardier_chase_01.ogg,vo_powder_petardier_chase,1,placeholder,R,1.2,-8.0,-19.0,synth:babble,original (AudioForge)
Assets/_Project/Audio/VO/powder/vo_powder_petardier_chase_02.ogg,vo_powder_petardier_chase,2,placeholder,R,1.2,-7.9,-19.0,synth:babble,original (AudioForge)
Assets/_Project/Audio/VO/powder/vo_powder_petardier_chase_03.ogg,vo_powder_petardier_chase,3,placeholder,R,1.2,-8.6,-19.0,synth:babble,original (AudioForge)
Assets/_Project/Audio/VO/powder/vo_powder_petardier_death_01.ogg,vo_powder_petardier_death,1,placeholder,R,1.0,-11.0,-21.0,synth:babble,original (AudioForge)
Assets/_Project/Audio/VO/powder/vo_powder_petardier_death_02.ogg,vo_powder_petardier_death,2,placeholder,R,1.0,-11.9,-21.0,synth:babble,original (AudioForge)
Assets/_Project/Audio/VO/powder/vo_powder_petardier_grabbed_01.ogg,vo_powder_petardier_grabbed,1,placeholder,R,1.0,-11.8,-21.0,synth:babble,original (AudioForge)
Assets/_Project/Audio/VO/powder/vo_powder_petardier_grabbed_02.ogg,vo_powder_petardier_grabbed,2,placeholder,R,1.0,-11.1,-21.0,synth:babble,original (AudioForge)
Assets/_Project/Audio/VO/powder/vo_powder_petardier_grabbed_03.ogg,vo_powder_petardier_grabbed,3,placeholder,R,1.0,-11.1,-21.0,synth:babble,original (AudioForge)
Assets/_Project/Audio/VO/powder/vo_powder_petardier_hurt_01.ogg,vo_powder_petardier_hurt,1,placeholder,R,0.5,-12.5,-21.0,synth:babble,original (AudioForge)
Assets/_Project/Audio/VO/powder/vo_powder_petardier_hurt_02.ogg,vo_powder_petardier_hurt,2,placeholder,R,0.5,-12.5,-21.0,synth:babble,original (AudioForge)
Assets/_Project/Audio/VO/powder/vo_powder_petardier_hurt_03.ogg,vo_powder_petardier_hurt,3,placeholder,R,0.5,-12.4,-21.0,synth:babble,original (AudioForge)
Assets/_Project/Audio/VO/powder/vo_powder_petardier_lost_01.ogg,vo_powder_petardier_lost,1,placeholder,R,0.9,-12.7,-22.5,synth:babble,original (AudioForge)
Assets/_Project/Audio/VO/powder/vo_powder_petardier_lost_02.ogg,vo_powder_petardier_lost,2,placeholder,R,0.9,-11.1,-22.5,synth:babble,original (AudioForge)
Assets/_Project/Audio/VO/powder/vo_powder_petardier_murmur_01.ogg,vo_powder_petardier_murmur,1,placeholder,R,2.0,-13.3,-24.0,synth:babble,original (AudioForge)
Assets/_Project/Audio/VO/powder/vo_powder_petardier_murmur_02.ogg,vo_powder_petardier_murmur,2,placeholder,R,2.0,-12.7,-24.0,synth:babble,original (AudioForge)
Assets/_Project/Audio/VO/powder/vo_powder_petardier_murmur_03.ogg,vo_powder_petardier_murmur,3,placeholder,R,2.0,-13.3,-24.0,synth:babble,original (AudioForge)
Assets/_Project/Audio/VO/powder/vo_powder_petardier_murmur_04.ogg,vo_powder_petardier_murmur,4,placeholder,R,2.0,-13.3,-24.0,synth:babble,original (AudioForge)
Assets/_Project/Audio/VO/powder/vo_powder_petardier_search_01.ogg,vo_powder_petardier_search,1,placeholder,R,1.4,-11.1,-22.5,synth:babble,original (AudioForge)
Assets/_Project/Audio/VO/powder/vo_powder_petardier_search_02.ogg,vo_powder_petardier_search,2,placeholder,R,1.4,-9.9,-22.5,synth:babble,original (AudioForge)
Assets/_Project/Audio/VO/powder/vo_powder_petardier_thrown_01.ogg,vo_powder_petardier_thrown,1,placeholder,R,0.7,-10.1,-21.0,synth:babble,original (AudioForge)
Assets/_Project/Audio/VO/powder/vo_powder_petardier_thrown_02.ogg,vo_powder_petardier_thrown,2,placeholder,R,0.7,-11.7,-21.0,synth:babble,original (AudioForge)
