Mono path[0] = 'C:/Users/aj/Desktop/GameDev/PlunderSpell-lair/Build/DevTest/Plunderspell_Data/Managed'
Mono config path = 'C:/Users/aj/Desktop/GameDev/PlunderSpell-lair/Build/DevTest/MonoBleedingEdge/etc'
Found 1 interfaces on host : 0) 10.0.0.213
Player connection [19148]  Target information:

Player connection [19148]  * "[IP] 10.0.0.213 [Port] 55000 [Flags] 2 [Guid] 2228803981 [EditorId] 1215693454 [Version] 1048832 [Id] WindowsPlayer(2,DESKTOP-ENFEPDQ) [Debug] 0 [PackageName] WindowsPlayer [ProjectName] PurrnetTest" 

Player connection [19148] Started UDP target info broadcast (1) on [225.0.0.222:54997].

Input System module state changed to: Initialized.
[Physics::Module] Initialized fallback backend.
[Physics::Module] Id: 0xdecafbad
Initialize engine version: 6000.3.15f1 (c1aa84e375f6)
[Subsystems] Discovering subsystems at path C:/Users/aj/Desktop/GameDev/PlunderSpell-lair/Build/DevTest/Plunderspell_Data/UnitySubsystems
[D3D12 Device Filter] Vendor Name: NVIDIA
[D3D12 Device Filter] Device Name: NVIDIA GeForce RTX 5070
[D3D12 Device Filter] Driver Version: 32.0.16.1714
[D3D12 Device Filter] Feature Level: 12.2
[D3D12 Device Filter] Graphics Memory: 11943 MB
[D3D12 Device Filter] Processor Count: 12
[D3D12 Device Filter] Device Type: Discrete
GfxDevice: creating device client; kGfxThreadingModeSplitJobs
d3d12: failed to query info queue interface (0x80004002).
Direct3D:
    Version:         Direct3D 12 [level 12.2]
    Renderer:        NVIDIA GeForce RTX 5070 (ID=0x2f04)
    Vendor:          NVIDIA
    VRAM:            11943 MB
    App VRAM Budget: 11175 MB
    Driver:          32.0.16.1714
Begin MonoManager ReloadAssembly
Symbol file LoadedFromMemory is not a mono symbol file
- Loaded All Assemblies, in  0.134 seconds
- Finished resetting the current domain, in  0.002 seconds
[Physics::Module] Selected backend.
[Physics::Module] Name: PhysX
[Physics::Module] Id: 0xf2b8ea05
[Physics::Module] SDK Version: 4.1.2
[Physics::Module] Integration Version: 1.0.0
[Physics::Module] Threading Mode: Multi-Threaded
<RI> Initializing input.
Using Windows.Gaming.Input
<RI> Input initialized.
UnloadTime: 0.698000 ms
[Atmosphere] Graphics Medium (default for this machine).
UnityEngine.Debug:ExtractStackTraceNoAlloc (byte*,int,string)
UnityEngine.StackTraceUtility:ExtractStackTrace () (at C:/build/output/unity/unity/Runtime/Export/Scripting/StackTrace.cs:35)
UnityEngine.DebugLogHandler:Internal_Log (UnityEngine.LogType,UnityEngine.LogOption,string,UnityEngine.Object)
UnityEngine.DebugLogHandler:LogFormat (UnityEngine.LogType,UnityEngine.Object,string,object[]) (at C:/build/output/unity/unity/Runtime/Export/Logging/DebugLogHandler.cs:9)
UnityEngine.Logger:Log (UnityEngine.LogType,object) (at C:/build/output/unity/unity/Runtime/Export/Logging/Logger.cs:60)
UnityEngine.Debug:Log (object) (at C:/build/output/unity/unity/Runtime/Export/Debug/Debug.bindings.cs:123)
Plunderspell.Atmosphere.AtmosphereQuality:ApplySavedOrDefault () (at C:/Users/aj/Desktop/GameDev/PlunderSpell-lair/Assets/_Project/Scripts/Runtime/Atmosphere/AtmosphereQuality.cs:113)

(Filename: C:/build/output/unity/unity/Runtime/Export/Debug/Debug.bindings.cs Line: 123)

[Steam] Not available: Steam is not running, or you are not signed in to it. Co-op over Steam is off; solo play is unaffected.
UnityEngine.Debug:ExtractStackTraceNoAlloc (byte*,int,string)
UnityEngine.StackTraceUtility:ExtractStackTrace () (at C:/build/output/unity/unity/Runtime/Export/Scripting/StackTrace.cs:35)
UnityEngine.DebugLogHandler:Internal_Log (UnityEngine.LogType,UnityEngine.LogOption,string,UnityEngine.Object)
UnityEngine.DebugLogHandler:LogFormat (UnityEngine.LogType,UnityEngine.Object,string,object[]) (at C:/build/output/unity/unity/Runtime/Export/Logging/DebugLogHandler.cs:9)
UnityEngine.Logger:Log (UnityEngine.LogType,object) (at C:/build/output/unity/unity/Runtime/Export/Logging/Logger.cs:60)
UnityEngine.Debug:LogWarning (object) (at C:/build/output/unity/unity/Runtime/Export/Debug/Debug.bindings.cs:213)
Plunderspell.Net.SteamBootstrap:Fail (string) (at C:/Users/aj/Desktop/GameDev/PlunderSpell-lair/Assets/_Project/Scripts/Runtime/Net/SteamBootstrap.cs:90)
Plunderspell.Net.SteamBootstrap:Awake () (at C:/Users/aj/Desktop/GameDev/PlunderSpell-lair/Assets/_Project/Scripts/Runtime/Net/SteamBootstrap.cs:62)
UnityEngine.GameObject:Internal_AddComponentWithType (System.Type)
UnityEngine.GameObject:AddComponent (System.Type) (at C:/build/output/unity/unity/Runtime/Export/Scripting/GameObject.bindings.cs:246)
UnityEngine.GameObject:AddComponent<Plunderspell.Net.SteamBootstrap> () (at C:/build/output/unity/unity/Runtime/Export/Scripting/GameObject.bindings.cs:251)
Plunderspell.Net.SteamBootstrap:CreateOnLaunch () (at C:/Users/aj/Desktop/GameDev/PlunderSpell-lair/Assets/_Project/Scripts/Runtime/Net/SteamBootstrap.cs:38)

(Filename: C:/build/output/unity/unity/Runtime/Export/Debug/Debug.bindings.cs Line: 213)

[VoiceServiceLocator] Auto-registered speech + keyboard casting.
UnityEngine.Debug:ExtractStackTraceNoAlloc (byte*,int,string)
UnityEngine.StackTraceUtility:ExtractStackTrace () (at C:/build/output/unity/unity/Runtime/Export/Scripting/StackTrace.cs:35)
UnityEngine.DebugLogHandler:Internal_Log (UnityEngine.LogType,UnityEngine.LogOption,string,UnityEngine.Object)
UnityEngine.DebugLogHandler:LogFormat (UnityEngine.LogType,UnityEngine.Object,string,object[]) (at C:/build/output/unity/unity/Runtime/Export/Logging/DebugLogHandler.cs:9)
UnityEngine.Logger:Log (UnityEngine.LogType,object) (at C:/build/output/unity/unity/Runtime/Export/Logging/Logger.cs:60)
UnityEngine.Debug:Log (object) (at C:/build/output/unity/unity/Runtime/Export/Debug/Debug.bindings.cs:123)
Plunderspell.Voice.VoiceServiceLocator:AutoRegister () (at C:/Users/aj/Desktop/GameDev/PlunderSpell-lair/Assets/_Project/Scripts/Runtime/Voice/VoiceServiceLocator.cs:64)
Plunderspell.Voice.VoiceServiceLocator:RuntimeInit () (at C:/Users/aj/Desktop/GameDev/PlunderSpell-lair/Assets/_Project/Scripts/Runtime/Voice/VoiceServiceLocator.cs:53)

(Filename: C:/build/output/unity/unity/Runtime/Export/Debug/Debug.bindings.cs Line: 123)

Pipeline: Starting runtime server from RuntimePipelineDriver...
Start HTTP server: port:7900
Pipeline: Runtime descriptor written to C:\Users\aj\Desktop\GameDev\PlunderSpell-lair\Build\DevTest\.unity-pipeline-runtime-port
Pipeline: Runtime server started successfully on port 7900
Pipeline: PlayerConnection code-reload receiver ready — signed pushes only (key 8260554c8df44250, verify self-test OK). Push IL from the editor via 'reload_file_player_interpreter'.
UnityEngine.Debug:ExtractStackTraceNoAlloc (byte*,int,string)
UnityEngine.StackTraceUtility:ExtractStackTrace () (at C:/build/output/unity/unity/Runtime/Export/Scripting/StackTrace.cs:35)
UnityEngine.DebugLogHandler:Internal_Log (UnityEngine.LogType,UnityEngine.LogOption,string,UnityEngine.Object)
UnityEngine.DebugLogHandler:LogFormat (UnityEngine.LogType,UnityEngine.Object,string,object[]) (at C:/build/output/unity/unity/Runtime/Export/Logging/DebugLogHandler.cs:9)
UnityEngine.Logger:Log (UnityEngine.LogType,object) (at C:/build/output/unity/unity/Runtime/Export/Logging/Logger.cs:60)
UnityEngine.Debug:Log (object) (at C:/build/output/unity/unity/Runtime/Export/Debug/Debug.bindings.cs:123)
Unity.Pipeline.RuntimePipelineDriver:RegisterReloadReceiver () (at ./Library/PackageCache/com.unity.pipeline@ab05e9cd7f74/Runtime/PlayerSupport/RuntimePipelineDriver.cs:321)
Unity.Pipeline.RuntimePipelineDriver:Start () (at ./Library/PackageCache/com.unity.pipeline@ab05e9cd7f74/Runtime/PlayerSupport/RuntimePipelineDriver.cs:130)

(Filename: C:/build/output/unity/unity/Runtime/Export/Debug/Debug.bindings.cs Line: 123)

[Coop] Joining 127.0.0.1 on the local network...
UnityEngine.Debug:ExtractStackTraceNoAlloc (byte*,int,string)
UnityEngine.StackTraceUtility:ExtractStackTrace () (at C:/build/output/unity/unity/Runtime/Export/Scripting/StackTrace.cs:35)
UnityEngine.DebugLogHandler:Internal_Log (UnityEngine.LogType,UnityEngine.LogOption,string,UnityEngine.Object)
UnityEngine.DebugLogHandler:LogFormat (UnityEngine.LogType,UnityEngine.Object,string,object[]) (at C:/build/output/unity/unity/Runtime/Export/Logging/DebugLogHandler.cs:9)
UnityEngine.Logger:Log (UnityEngine.LogType,object) (at C:/build/output/unity/unity/Runtime/Export/Logging/Logger.cs:60)
UnityEngine.Debug:Log (object) (at C:/build/output/unity/unity/Runtime/Export/Debug/Debug.bindings.cs:123)
Plunderspell.Net.CoopSession:SetStatus (string) (at C:/Users/aj/Desktop/GameDev/PlunderSpell-lair/Assets/_Project/Scripts/Runtime/Net/CoopSession.cs:212)
Plunderspell.Net.CoopSession:JoinUdp (string) (at C:/Users/aj/Desktop/GameDev/PlunderSpell-lair/Assets/_Project/Scripts/Runtime/Net/CoopSession.cs:153)
Plunderspell.Net.CoopSession:HandleCommandLine () (at C:/Users/aj/Desktop/GameDev/PlunderSpell-lair/Assets/_Project/Scripts/Runtime/Net/CoopSession.cs:170)
Plunderspell.Net.CoopSession:Start () (at C:/Users/aj/Desktop/GameDev/PlunderSpell-lair/Assets/_Project/Scripts/Runtime/Net/CoopSession.cs:76)

(Filename: C:/build/output/unity/unity/Runtime/Export/Debug/Debug.bindings.cs Line: 123)

[Coop] Client Connecting.
UnityEngine.Debug:ExtractStackTraceNoAlloc (byte*,int,string)
UnityEngine.StackTraceUtility:ExtractStackTrace () (at C:/build/output/unity/unity/Runtime/Export/Scripting/StackTrace.cs:35)
UnityEngine.DebugLogHandler:Internal_Log (UnityEngine.LogType,UnityEngine.LogOption,string,UnityEngine.Object)
UnityEngine.DebugLogHandler:LogFormat (UnityEngine.LogType,UnityEngine.Object,string,object[]) (at C:/build/output/unity/unity/Runtime/Export/Logging/DebugLogHandler.cs:9)
UnityEngine.Logger:Log (UnityEngine.LogType,object) (at C:/build/output/unity/unity/Runtime/Export/Logging/Logger.cs:60)
UnityEngine.Debug:Log (object) (at C:/build/output/unity/unity/Runtime/Export/Debug/Debug.bindings.cs:123)
Plunderspell.Net.CoopSession:OnClientConnectionState (PurrNet.Transports.ConnectionState) (at C:/Users/aj/Desktop/GameDev/PlunderSpell-lair/Assets/_Project/Scripts/Runtime/Net/CoopSession.cs:190)
PurrNet.NetworkManager:OnConnectionState (PurrNet.Transports.ConnectionState,bool) (at C:/Users/aj/Desktop/GameDev/PlunderSpell-lair/Assets/PurrNet/Runtime/Managers/NetworkManager.cs:1466)
PurrNet.Transports.UDPTransport:TriggerConnectionStateEvent (bool) (at C:/Users/aj/Desktop/GameDev/PlunderSpell-lair/Assets/PurrNet/Runtime/Transports/UDPTransport.cs:405)
PurrNet.Transports.UDPTransport:Connect (string,uint16) (at C:/Users/aj/Desktop/GameDev/PlunderSpell-lair/Assets/PurrNet/Runtime/Transports/UDPTransport.cs:237)
PurrNet.Transports.UDPTransport:StartClientInternal () (at C:/Users/aj/Desktop/GameDev/PlunderSpell-lair/Assets/PurrNet/Runtime/Transports/UDPTransport.cs:151)
PurrNet.Transports.GenericTransport:StartClient (PurrNet.INetworkManager) (at C:/Users/aj/Desktop/GameDev/PlunderSpell-lair/Assets/PurrNet/Runtime/Transports/Interface/GenericTransport.cs:126)
PurrNet.NetworkManager/<StartClientCoroutine>d__263:MoveNext () (at C:/Users/aj/Desktop/GameDev/PlunderSpell-lair/Assets/PurrNet/Runtime/Managers/NetworkManager.cs:1419)
UnityEngine.SetupCoroutine:InvokeMoveNext (System.Collections.IEnumerator,intptr) (at C:/build/output/unity/unity/Runtime/Export/Scripting/Coroutines.cs:17)

(Filename: C:/build/output/unity/unity/Runtime/Export/Debug/Debug.bindings.cs Line: 123)

[Coop] Client Connected.
UnityEngine.Debug:ExtractStackTraceNoAlloc (byte*,int,string)
UnityEngine.StackTraceUtility:ExtractStackTrace () (at C:/build/output/unity/unity/Runtime/Export/Scripting/StackTrace.cs:35)
UnityEngine.DebugLogHandler:Internal_Log (UnityEngine.LogType,UnityEngine.LogOption,string,UnityEngine.Object)
UnityEngine.DebugLogHandler:LogFormat (UnityEngine.LogType,UnityEngine.Object,string,object[]) (at C:/build/output/unity/unity/Runtime/Export/Logging/DebugLogHandler.cs:9)
UnityEngine.Logger:Log (UnityEngine.LogType,object) (at C:/build/output/unity/unity/Runtime/Export/Logging/Logger.cs:60)
UnityEngine.Debug:Log (object) (at C:/build/output/unity/unity/Runtime/Export/Debug/Debug.bindings.cs:123)
Plunderspell.Net.CoopSession:OnClientConnectionState (PurrNet.Transports.ConnectionState) (at C:/Users/aj/Desktop/GameDev/PlunderSpell-lair/Assets/_Project/Scripts/Runtime/Net/CoopSession.cs:190)
PurrNet.NetworkManager:OnConnectionState (PurrNet.Transports.ConnectionState,bool) (at C:/Users/aj/Desktop/GameDev/PlunderSpell-lair/Assets/PurrNet/Runtime/Managers/NetworkManager.cs:1466)
PurrNet.Transports.UDPTransport:TriggerConnectionStateEvent (bool) (at C:/Users/aj/Desktop/GameDev/PlunderSpell-lair/Assets/PurrNet/Runtime/Transports/UDPTransport.cs:405)
PurrNet.Transports.UDPTransport:OnClientConnected (LiteNetLib.NetPeer) (at C:/Users/aj/Desktop/GameDev/PlunderSpell-lair/Assets/PurrNet/Runtime/Transports/UDPTransport.cs:168)
LiteNetLib.EventBasedNetListener:LiteNetLib.INetEventListener.OnPeerConnected (LiteNetLib.NetPeer) (at C:/Users/aj/Desktop/GameDev/PlunderSpell-lair/Assets/PurrNet/Externals/LiteNetLib/INetEventListener.cs:228)
LiteNetLib.NetManager:ProcessEvent (LiteNetLib.NetEvent) (at C:/Users/aj/Desktop/GameDev/PlunderSpell-lair/Assets/PurrNet/Externals/LiteNetLib/NetManager.cs:482)
LiteNetLib.NetManager:CreateEvent (LiteNetLib.NetEvent/EType,LiteNetLib.NetPeer,System.Net.IPEndPoint,System.Net.Sockets.SocketError,int,LiteNetLib.DisconnectReason,LiteNetLib.ConnectionRequest,LiteNetLib.DeliveryMethod,byte,LiteNetLib.NetPacket,object) (at C:/Users/aj/Desktop/GameDev/PlunderSpell-lair/Assets/PurrNet/Externals/LiteNetLib/NetManager.cs:460)
LiteNetLib.NetManager:DebugMessageReceived (LiteNetLib.NetPacket,System.Net.IPEndPoint) (at C:/Users/aj/Desktop/GameDev/PlunderSpell-lair/Assets/PurrNet/Externals/LiteNetLib/NetManager.cs:1036)
LiteNetLib.NetManager:OnMessageReceived (LiteNetLib.NetPacket,System.Net.IPEndPoint) (at C:/Users/aj/Desktop/GameDev/PlunderSpell-lair/Assets/PurrNet/Externals/LiteNetLib/NetManager.cs:837)
LiteNetLib.NetManager:ReceiveFrom (System.Net.Sockets.Socket,System.Net.EndPoint&) (at C:/Users/aj/Desktop/GameDev/PlunderSpell-lair/Assets/PurrNet/Externals/LiteNetLib/NetManager.Socket.cs:261)
LiteNetLib.NetManager:ManualReceive (System.Net.Sockets.Socket,System.Net.EndPoint,int) (at C:/Users/aj/Desktop/GameDev/PlunderSpell-lair/Assets/PurrNet/Externals/LiteNetLib/NetManager.Socket.cs:102)
LiteNetLib.NetManager:PollEvents (int) (at C:/Users/aj/Desktop/GameDev/PlunderSpell-lair/Assets/PurrNet/Externals/LiteNetLib/NetManager.cs:1476)
PurrNet.Transports.UDPTransport:ReceiveMessages (single) (at C:/Users/aj/Desktop/GameDev/PlunderSpell-lair/Assets/PurrNet/Runtime/Transports/UDPTransport.cs:206)
PurrNet.NetworkManager:OnTick () (at C:/Users/aj/Desktop/GameDev/PlunderSpell-lair/Assets/PurrNet/Runtime/Managers/NetworkManager.cs:1162)
PurrNet.NetworkManager:OnClientTick () (at C:/Users/aj/Desktop/GameDev/PlunderSpell-lair/Assets/PurrNet/Runtime/Managers/NetworkManager.cs:1088)
PurrNet.Modules.TickManager:HandleTick () (at C:/Users/aj/Desktop/GameDev/PlunderSpell-lair/Assets/PurrNet/Runtime/CoreModules/Ticks/TickManager.cs:143)
PurrNet.Modules.TickManager:Update () (at C:/Users/aj/Desktop/GameDev/PlunderSpell-lair/Assets/PurrNet/Runtime/CoreModules/Ticks/TickManager.cs:107)
PurrNet.ModulesCollection:TriggerOnUpdate () (at C:/Users/aj/Desktop/GameDev/PlunderSpell-lair/Assets/PurrNet/Runtime/Managers/ModulesCollection.cs:126)
PurrNet.NetworkManager:Update () (at C:/Users/aj/Desktop/GameDev/PlunderSpell-lair/Assets/PurrNet/Runtime/Managers/NetworkManager.cs:1132)

(Filename: C:/build/output/unity/unity/Runtime/Export/Debug/Debug.bindings.cs Line: 123)

[Coop] Joined. Waiting for the host to set out.
UnityEngine.Debug:ExtractStackTraceNoAlloc (byte*,int,string)
UnityEngine.StackTraceUtility:ExtractStackTrace () (at C:/build/output/unity/unity/Runtime/Export/Scripting/StackTrace.cs:35)
UnityEngine.DebugLogHandler:Internal_Log (UnityEngine.LogType,UnityEngine.LogOption,string,UnityEngine.Object)
UnityEngine.DebugLogHandler:LogFormat (UnityEngine.LogType,UnityEngine.Object,string,object[]) (at C:/build/output/unity/unity/Runtime/Export/Logging/DebugLogHandler.cs:9)
UnityEngine.Logger:Log (UnityEngine.LogType,object) (at C:/build/output/unity/unity/Runtime/Export/Logging/Logger.cs:60)
UnityEngine.Debug:Log (object) (at C:/build/output/unity/unity/Runtime/Export/Debug/Debug.bindings.cs:123)
Plunderspell.Net.CoopSession:SetStatus (string) (at C:/Users/aj/Desktop/GameDev/PlunderSpell-lair/Assets/_Project/Scripts/Runtime/Net/CoopSession.cs:212)
Plunderspell.Net.CoopSession:OnClientConnectionState (PurrNet.Transports.ConnectionState) (at C:/Users/aj/Desktop/GameDev/PlunderSpell-lair/Assets/_Project/Scripts/Runtime/Net/CoopSession.cs:196)
PurrNet.NetworkManager:OnConnectionState (PurrNet.Transports.ConnectionState,bool) (at C:/Users/aj/Desktop/GameDev/PlunderSpell-lair/Assets/PurrNet/Runtime/Managers/NetworkManager.cs:1466)
PurrNet.Transports.UDPTransport:TriggerConnectionStateEvent (bool) (at C:/Users/aj/Desktop/GameDev/PlunderSpell-lair/Assets/PurrNet/Runtime/Transports/UDPTransport.cs:405)
PurrNet.Transports.UDPTransport:OnClientConnected (LiteNetLib.NetPeer) (at C:/Users/aj/Desktop/GameDev/PlunderSpell-lair/Assets/PurrNet/Runtime/Transports/UDPTransport.cs:168)
LiteNetLib.EventBasedNetListener:LiteNetLib.INetEventListener.OnPeerConnected (LiteNetLib.NetPeer) (at C:/Users/aj/Desktop/GameDev/PlunderSpell-lair/Assets/PurrNet/Externals/LiteNetLib/INetEventListener.cs:228)
LiteNetLib.NetManager:ProcessEvent (LiteNetLib.NetEvent) (at C:/Users/aj/Desktop/GameDev/PlunderSpell-lair/Assets/PurrNet/Externals/LiteNetLib/NetManager.cs:482)
LiteNetLib.NetManager:CreateEvent (LiteNetLib.NetEvent/EType,LiteNetLib.NetPeer,System.Net.IPEndPoint,System.Net.Sockets.SocketError,int,LiteNetLib.DisconnectReason,LiteNetLib.ConnectionRequest,LiteNetLib.DeliveryMethod,byte,LiteNetLib.NetPacket,object) (at C:/Users/aj/Desktop/GameDev/PlunderSpell-lair/Assets/PurrNet/Externals/LiteNetLib/NetManager.cs:460)
LiteNetLib.NetManager:DebugMessageReceived (LiteNetLib.NetPacket,System.Net.IPEndPoint) (at C:/Users/aj/Desktop/GameDev/PlunderSpell-lair/Assets/PurrNet/Externals/LiteNetLib/NetManager.cs:1036)
LiteNetLib.NetManager:OnMessageReceived (LiteNetLib.NetPacket,System.Net.IPEndPoint) (at C:/Users/aj/Desktop/GameDev/PlunderSpell-lair/Assets/PurrNet/Externals/LiteNetLib/NetManager.cs:837)
LiteNetLib.NetManager:ReceiveFrom (System.Net.Sockets.Socket,System.Net.EndPoint&) (at C:/Users/aj/Desktop/GameDev/PlunderSpell-lair/Assets/PurrNet/Externals/LiteNetLib/NetManager.Socket.cs:261)
LiteNetLib.NetManager:ManualReceive (System.Net.Sockets.Socket,System.Net.EndPoint,int) (at C:/Users/aj/Desktop/GameDev/PlunderSpell-lair/Assets/PurrNet/Externals/LiteNetLib/NetManager.Socket.cs:102)
LiteNetLib.NetManager:PollEvents (int) (at C:/Users/aj/Desktop/GameDev/PlunderSpell-lair/Assets/PurrNet/Externals/LiteNetLib/NetManager.cs:1476)
PurrNet.Transports.UDPTransport:ReceiveMessages (single) (at C:/Users/aj/Desktop/GameDev/PlunderSpell-lair/Assets/PurrNet/Runtime/Transports/UDPTransport.cs:206)
PurrNet.NetworkManager:OnTick () (at C:/Users/aj/Desktop/GameDev/PlunderSpell-lair/Assets/PurrNet/Runtime/Managers/NetworkManager.cs:1162)
PurrNet.NetworkManager:OnClientTick () (at C:/Users/aj/Desktop/GameDev/PlunderSpell-lair/Assets/PurrNet/Runtime/Managers/NetworkManager.cs:1088)
PurrNet.Modules.TickManager:HandleTick () (at C:/Users/aj/Desktop/GameDev/PlunderSpell-lair/Assets/PurrNet/Runtime/CoreModules/Ticks/TickManager.cs:143)
PurrNet.Modules.TickManager:Update () (at C:/Users/aj/Desktop/GameDev/PlunderSpell-lair/Assets/PurrNet/Runtime/CoreModules/Ticks/TickManager.cs:107)
PurrNet.ModulesCollection:TriggerOnUpdate () (at C:/Users/aj/Desktop/GameDev/PlunderSpell-lair/Assets/PurrNet/Runtime/Managers/ModulesCollection.cs:126)
PurrNet.NetworkManager:Update () (at C:/Users/aj/Desktop/GameDev/PlunderSpell-lair/Assets/PurrNet/Runtime/Managers/NetworkManager.cs:1132)

(Filename: C:/build/output/unity/unity/Runtime/Export/Debug/Debug.bindings.cs Line: 123)

[Coop] This machine plays as RaidPlayer(Clone) (owner 002).
UnityEngine.Debug:ExtractStackTraceNoAlloc (byte*,int,string)
UnityEngine.StackTraceUtility:ExtractStackTrace () (at C:/build/output/unity/unity/Runtime/Export/Scripting/StackTrace.cs:35)
UnityEngine.DebugLogHandler:Internal_Log (UnityEngine.LogType,UnityEngine.LogOption,string,UnityEngine.Object)
UnityEngine.DebugLogHandler:LogFormat (UnityEngine.LogType,UnityEngine.Object,string,object[]) (at C:/build/output/unity/unity/Runtime/Export/Logging/DebugLogHandler.cs:9)
UnityEngine.Logger:Log (UnityEngine.LogType,object) (at C:/build/output/unity/unity/Runtime/Export/Logging/Logger.cs:60)
UnityEngine.Debug:Log (object) (at C:/build/output/unity/unity/Runtime/Export/Debug/Debug.bindings.cs:123)
PlayerNetworkOwnership:ApplyOwnership () (at C:/Users/aj/Desktop/GameDev/PlunderSpell-lair/Assets/_Project/Scripts/Runtime/Net/PlayerNetworkOwnership.cs:143)
PlayerNetworkOwnership:OnOwnerChanged (System.Nullable`1<PurrNet.PlayerID>,System.Nullable`1<PurrNet.PlayerID>,bool) (at C:/Users/aj/Desktop/GameDev/PlunderSpell-lair/Assets/_Project/Scripts/Runtime/Net/PlayerNetworkOwnership.cs:117)
PurrNet.NetworkIdentity:TriggerOnOwnerChanged (System.Nullable`1<PurrNet.PlayerID>,System.Nullable`1<PurrNet.PlayerID>,bool,bool) (at C:/Users/aj/Desktop/GameDev/PlunderSpell-lair/Assets/PurrNet/Runtime/Components/NetworkIdentity/NetworkIdentity.cs:1251)
PurrNet.Modules.GlobalOwnershipModule:HandleOwnershipChange (PurrNet.PlayerID,PurrNet.Modules.OwnershipChange,PurrNet.NetworkID,bool) (at C:/Users/aj/Desktop/GameDev/PlunderSpell-lair/Assets/PurrNet/Runtime/CoreModules/Ownership/GlobalOwnershipModule.cs:784)
PurrNet.Modules.GlobalOwnershipModule:OnOwnershipChange (PurrNet.PlayerID,PurrNet.Modules.OwnershipChange,bool) (at C:/Users/aj/Desktop/GameDev/PlunderSpell-lair/Assets/PurrNet/Runtime/CoreModules/Ownership/GlobalOwnershipModule.cs:346)
PurrNet.PlayerBroadcastCallback`1<PurrNet.Modules.OwnershipChange>:TriggerCallback (PurrNet.PlayerID,object,bool) (at C:/Users/aj/Desktop/GameDev/PlunderSpell-lair/Assets/PurrNet/Runtime/CoreModules/Players/PlayersBroadcaster.cs:34)
PurrNet.PlayersBroadcaster:OnRawDataReceived (PurrNet.Transports.Connection,uint,object) (at C:/Users/aj/Desktop/GameDev/PlunderSpell-lair/Assets/PurrNet/Runtime/CoreModules/Players/PlayersBroadcaster.cs:70)
PurrNet.Modules.BroadcastModule:TriggerCallback (PurrNet.Transports.Connection,uint,object) (at C:/Users/aj/Desktop/GameDev/PlunderSpell-lair/Assets/PurrNet/Runtime/CoreModules/Broadcast/BroadcastModule.cs:264)
PurrNet.Modules.BroadcastModule:OnDataReceived (PurrNet.Transports.Connection,PurrNet.Transports.ByteData,bool) (at C:/Users/aj/Desktop/GameDev/PlunderSpell-lair/Assets/PurrNet/Runtime/CoreModules/Broadcast/BroadcastModule.cs:214)
PurrNet.ModulesCollection:OnDataReceived (PurrNet.Transports.Connection,PurrNet.Transports.ByteData,bool) (at C:/Users/aj/Desktop/GameDev/PlunderSpell-lair/Assets/PurrNet/Runtime/Managers/ModulesCollection.cs:120)
PurrNet.NetworkManager:OnDataReceived (PurrNet.Transports.Connection,PurrNet.Transports.ByteData,bool) (at C:/Users/aj/Desktop/GameDev/PlunderSpell-lair/Assets/PurrNet/Runtime/Managers/NetworkManager.cs:1452)
PurrNet.Transports.UDPTransport:OnClientData (LiteNetLib.NetPeer,LiteNetLib.NetPacketReader,byte,LiteNetLib.DeliveryMethod) (at C:/Users/aj/Desktop/GameDev/PlunderSpell-lair/Assets/PurrNet/Runtime/Transports/UDPTransport.cs:133)
LiteNetLib.EventBasedNetListener:LiteNetLib.INetEventListener.OnNetworkReceive (LiteNetLib.NetPeer,LiteNetLib.NetPacketReader,byte,LiteNetLib.DeliveryMethod) (at C:/Users/aj/Desktop/GameDev/PlunderSpell-lair/Assets/PurrNet/Externals/LiteNetLib/INetEventListener.cs:247)
LiteNetLib.NetManager:ProcessEvent (LiteNetLib.NetEvent) (at C:/Users/aj/Desktop/GameDev/PlunderSpell-lair/Assets/PurrNet/Externals/LiteNetLib/NetManager.cs:494)
LiteNetLib.NetManager:CreateReceiveEvent (LiteNetLib.NetPacket,LiteNetLib.DeliveryMethod,byte,int,LiteNetLib.NetPeer) (at C:/Users/aj/Desktop/GameDev/PlunderSpell-lair/Assets/PurrNet/Externals/LiteNetLib/NetManager.cs:1069)
LiteNetLib.NetPeer:AddReliablePacket (LiteNetLib.DeliveryMethod,LiteNetLib.NetPacket) (at C:/Users/aj/Desktop/GameDev/PlunderSpell-lair/Assets/PurrNet/Externals/LiteNetLib/NetPeer.cs:1053)
LiteNetLib.ReliableChannel:ProcessPacket (LiteNetLib.NetPacket) (at C:/Users/aj/Desktop/GameDev/PlunderSpell-lair/Assets/PurrNet/Externals/LiteNetLib/ReliableChannel.cs:304)
LiteNetLib.NetPeer:ProcessPacket (LiteNetLib.NetPacket) (at C:/Users/aj/Desktop/GameDev/PlunderSpell-lair/Assets/PurrNet/Externals/LiteNetLib/NetPeer.cs:1282)
LiteNetLib.NetPeer:ProcessPacket (LiteNetLib.NetPacket) (at C:/Users/aj/Desktop/GameDev/PlunderSpell-lair/Assets/PurrNet/Externals/LiteNetLib/NetPeer.cs:1236)
LiteNetLib.NetManager:DebugMessageReceived (LiteNetLib.NetPacket,System.Net.IPEndPoint) (at C:/Users/aj/Desktop/GameDev/PlunderSpell-lair/Assets/PurrNet/Externals/LiteNetLib/NetManager.cs:1040)
LiteNetLib.NetManager:OnMessageReceived (LiteNetLib.NetPacket,System.Net.IPEndPoint) (at C:/Users/aj/Desktop/GameDev/PlunderSpell-lair/Assets/PurrNet/Externals/LiteNetLib/NetManager.cs:837)
LiteNetLib.NetManager:ReceiveFrom (System.Net.Sockets.Socket,System.Net.EndPoint&) (at C:/Users/aj/Desktop/GameDev/PlunderSpell-lair/Assets/PurrNet/Externals/LiteNetLib/NetManager.Socket.cs:261)
LiteNetLib.NetManager:ManualReceive (System.Net.Sockets.Socket,System.Net.EndPoint,int) (at C:/Users/aj/Desktop/GameDev/PlunderSpell-lair/Assets/PurrNet/Externals/LiteNetLib/NetManager.Socket.cs:102)
LiteNetLib.NetManager:PollEvents (int) (at C:/Users/aj/Desktop/GameDev/PlunderSpell-lair/Assets/PurrNet/Externals/LiteNetLib/NetManager.cs:1476)
PurrNet.Transports.UDPTransport:ReceiveMessages (single) (at C:/Users/aj/Desktop/GameDev/PlunderSpell-lair/Assets/PurrNet/Runtime/Transports/UDPTransport.cs:206)
PurrNet.NetworkManager:OnTick () (at C:/Users/aj/Desktop/GameDev/PlunderSpell-lair/Assets/PurrNet/Runtime/Managers/NetworkManager.cs:1162)
PurrNet.NetworkManager:OnClientTick () (at C:/Users/aj/Desktop/GameDev/PlunderSpell-lair/Assets/PurrNet/Runtime/Managers/NetworkManager.cs:1088)
PurrNet.Modules.TickManager:HandleTick () (at C:/Users/aj/Desktop/GameDev/PlunderSpell-lair/Assets/PurrNet/Runtime/CoreModules/Ticks/TickManager.cs:143)
PurrNet.Modules.TickManager:Update () (at C:/Users/aj/Desktop/GameDev/PlunderSpell-lair/Assets/PurrNet/Runtime/CoreModules/Ticks/TickManager.cs:107)
PurrNet.ModulesCollection:TriggerOnUpdate () (at C:/Users/aj/Desktop/GameDev/PlunderSpell-lair/Assets/PurrNet/Runtime/Managers/ModulesCollection.cs:126)
PurrNet.NetworkManager:Update () (at C:/Users/aj/Desktop/GameDev/PlunderSpell-lair/Assets/PurrNet/Runtime/Managers/NetworkManager.cs:1132)

(Filename: C:/build/output/unity/unity/Runtime/Export/Debug/Debug.bindings.cs Line: 123)

[Raid] Director spawned as client: phase InLair, seed 0.
UnityEngine.Debug:ExtractStackTraceNoAlloc (byte*,int,string)
UnityEngine.StackTraceUtility:ExtractStackTrace () (at C:/build/output/unity/unity/Runtime/Export/Scripting/StackTrace.cs:35)
UnityEngine.DebugLogHandler:Internal_Log (UnityEngine.LogType,UnityEngine.LogOption,string,UnityEngine.Object)
UnityEngine.DebugLogHandler:LogFormat (UnityEngine.LogType,UnityEngine.Object,string,object[]) (at C:/build/output/unity/unity/Runtime/Export/Logging/DebugLogHandler.cs:9)
UnityEngine.Logger:Log (UnityEngine.LogType,object) (at C:/build/output/unity/unity/Runtime/Export/Logging/Logger.cs:60)
UnityEngine.Debug:Log (object) (at C:/build/output/unity/unity/Runtime/Export/Debug/Debug.bindings.cs:123)
Plunderspell.Raid.RaidDirector:OnSpawned () (at C:/Users/aj/Desktop/GameDev/PlunderSpell-lair/Assets/_Project/Scripts/Runtime/Raid/RaidDirector.cs:134)
PurrNet.NetworkIdentity:TriggerSpawnEvent (bool) (at C:/Users/aj/Desktop/GameDev/PlunderSpell-lair/Assets/PurrNet/Runtime/Components/NetworkIdentity/NetworkIdentity.cs:1109)
PurrNet.Modules.HierarchyV2:OnFinishSpawnPacket (PurrNet.PlayerID,PurrNet.Modules.FinishSpawnPacket,bool) (at C:/Users/aj/Desktop/GameDev/PlunderSpell-lair/Assets/PurrNet/Runtime/CoreModules/HierarchyV2/HierarchyV2.cs:483)
PurrNet.PlayerBroadcastCallback`1<PurrNet.Modules.FinishSpawnPacket>:TriggerCallback (PurrNet.PlayerID,object,bool) (at C:/Users/aj/Desktop/GameDev/PlunderSpell-lair/Assets/PurrNet/Runtime/CoreModules/Players/PlayersBroadcaster.cs:34)
PurrNet.PlayersBroadcaster:OnRawDataReceived (PurrNet.Transports.Connection,uint,object) (at C:/Users/aj/Desktop/GameDev/PlunderSpell-lair/Assets/PurrNet/Runtime/CoreModules/Players/PlayersBroadcaster.cs:70)
PurrNet.Modules.BroadcastModule:TriggerCallback (PurrNet.Transports.Connection,uint,object) (at C:/Users/aj/Desktop/GameDev/PlunderSpell-lair/Assets/PurrNet/Runtime/CoreModules/Broadcast/BroadcastModule.cs:264)
PurrNet.Modules.BroadcastModule:OnDataReceived (PurrNet.Transports.Connection,PurrNet.Transports.ByteData,bool) (at C:/Users/aj/Desktop/GameDev/PlunderSpell-lair/Assets/PurrNet/Runtime/CoreModules/Broadcast/BroadcastModule.cs:214)
PurrNet.ModulesCollection:OnDataReceived (PurrNet.Transports.Connection,PurrNet.Transports.ByteData,bool) (at C:/Users/aj/Desktop/GameDev/PlunderSpell-lair/Assets/PurrNet/Runtime/Managers/ModulesCollection.cs:120)
PurrNet.NetworkManager:OnDataReceived (PurrNet.Transports.Connection,PurrNet.Transports.ByteData,bool) (at C:/Users/aj/Desktop/GameDev/PlunderSpell-lair/Assets/PurrNet/Runtime/Managers/NetworkManager.cs:1452)
PurrNet.Transports.UDPTransport:OnClientData (LiteNetLib.NetPeer,LiteNetLib.NetPacketReader,byte,LiteNetLib.DeliveryMethod) (at C:/Users/aj/Desktop/GameDev/PlunderSpell-lair/Assets/PurrNet/Runtime/Transports/UDPTransport.cs:133)
LiteNetLib.EventBasedNetListener:LiteNetLib.INetEventListener.OnNetworkReceive (LiteNetLib.NetPeer,LiteNetLib.NetPacketReader,byte,LiteNetLib.DeliveryMethod) (at C:/Users/aj/Desktop/GameDev/PlunderSpell-lair/Assets/PurrNet/Externals/LiteNetLib/INetEventListener.cs:247)
LiteNetLib.NetManager:ProcessEvent (LiteNetLib.NetEvent) (at C:/Users/aj/Desktop/GameDev/PlunderSpell-lair/Assets/PurrNet/Externals/LiteNetLib/NetManager.cs:494)
LiteNetLib.NetManager:CreateReceiveEvent (LiteNetLib.NetPacket,LiteNetLib.DeliveryMethod,byte,int,LiteNetLib.NetPeer) (at C:/Users/aj/Desktop/GameDev/PlunderSpell-lair/Assets/PurrNet/Externals/LiteNetLib/NetManager.cs:1069)
LiteNetLib.NetPeer:AddReliablePacket (LiteNetLib.DeliveryMethod,LiteNetLib.NetPacket) (at C:/Users/aj/Desktop/GameDev/PlunderSpell-lair/Assets/PurrNet/Externals/LiteNetLib/NetPeer.cs:1053)
LiteNetLib.ReliableChannel:ProcessPacket (LiteNetLib.NetPacket) (at C:/Users/aj/Desktop/GameDev/PlunderSpell-lair/Assets/PurrNet/Externals/LiteNetLib/ReliableChannel.cs:304)
LiteNetLib.NetPeer:ProcessPacket (LiteNetLib.NetPacket) (at C:/Users/aj/Desktop/GameDev/PlunderSpell-lair/Assets/PurrNet/Externals/LiteNetLib/NetPeer.cs:1282)
LiteNetLib.NetPeer:ProcessPacket (LiteNetLib.NetPacket) (at C:/Users/aj/Desktop/GameDev/PlunderSpell-lair/Assets/PurrNet/Externals/LiteNetLib/NetPeer.cs:1236)
LiteNetLib.NetManager:DebugMessageReceived (LiteNetLib.NetPacket,System.Net.IPEndPoint) (at C:/Users/aj/Desktop/GameDev/PlunderSpell-lair/Assets/PurrNet/Externals/LiteNetLib/NetManager.cs:1040)
LiteNetLib.NetManager:OnMessageReceived (LiteNetLib.NetPacket,System.Net.IPEndPoint) (at C:/Users/aj/Desktop/GameDev/PlunderSpell-lair/Assets/PurrNet/Externals/LiteNetLib/NetManager.cs:837)
LiteNetLib.NetManager:ReceiveFrom (System.Net.Sockets.Socket,System.Net.EndPoint&) (at C:/Users/aj/Desktop/GameDev/PlunderSpell-lair/Assets/PurrNet/Externals/LiteNetLib/NetManager.Socket.cs:261)
LiteNetLib.NetManager:ManualReceive (System.Net.Sockets.Socket,System.Net.EndPoint,int) (at C:/Users/aj/Desktop/GameDev/PlunderSpell-lair/Assets/PurrNet/Externals/LiteNetLib/NetManager.Socket.cs:102)
LiteNetLib.NetManager:PollEvents (int) (at C:/Users/aj/Desktop/GameDev/PlunderSpell-lair/Assets/PurrNet/Externals/LiteNetLib/NetManager.cs:1476)
PurrNet.Transports.UDPTransport:ReceiveMessages (single) (at C:/Users/aj/Desktop/GameDev/PlunderSpell-lair/Assets/PurrNet/Runtime/Transports/UDPTransport.cs:206)
PurrNet.NetworkManager:OnTick () (at C:/Users/aj/Desktop/GameDev/PlunderSpell-lair/Assets/PurrNet/Runtime/Managers/NetworkManager.cs:1162)
PurrNet.NetworkManager:OnClientTick () (at C:/Users/aj/Desktop/GameDev/PlunderSpell-lair/Assets/PurrNet/Runtime/Managers/NetworkManager.cs:1088)
PurrNet.Modules.TickManager:HandleTick () (at C:/Users/aj/Desktop/GameDev/PlunderSpell-lair/Assets/PurrNet/Runtime/CoreModules/Ticks/TickManager.cs:143)
PurrNet.Modules.TickManager:Update () (at C:/Users/aj/Desktop/GameDev/PlunderSpell-lair/Assets/PurrNet/Runtime/CoreModules/Ticks/TickManager.cs:107)
PurrNet.ModulesCollection:TriggerOnUpdate () (at C:/Users/aj/Desktop/GameDev/PlunderSpell-lair/Assets/PurrNet/Runtime/Managers/ModulesCollection.cs:126)
PurrNet.NetworkManager:Update () (at C:/Users/aj/Desktop/GameDev/PlunderSpell-lair/Assets/PurrNet/Runtime/Managers/NetworkManager.cs:1132)

(Filename: C:/build/output/unity/unity/Runtime/Export/Debug/Debug.bindings.cs Line: 123)

[Vosk] Opened 'Microphone (BlackShark V2 Pro PS 2.4)' @ 16000Hz.
UnityEngine.Debug:ExtractStackTraceNoAlloc (byte*,int,string)
UnityEngine.StackTraceUtility:ExtractStackTrace () (at C:/build/output/unity/unity/Runtime/Export/Scripting/StackTrace.cs:35)
UnityEngine.DebugLogHandler:Internal_Log (UnityEngine.LogType,UnityEngine.LogOption,string,UnityEngine.Object)
UnityEngine.DebugLogHandler:LogFormat (UnityEngine.LogType,UnityEngine.Object,string,object[]) (at C:/build/output/unity/unity/Runtime/Export/Logging/DebugLogHandler.cs:9)
UnityEngine.Logger:Log (UnityEngine.LogType,object) (at C:/build/output/unity/unity/Runtime/Export/Logging/Logger.cs:60)
UnityEngine.Debug:Log (object) (at C:/build/output/unity/unity/Runtime/Export/Debug/Debug.bindings.cs:123)
Plunderspell.Voice.VoskVoiceInputService:OpenMicrophone (string) (at C:/Users/aj/Desktop/GameDev/PlunderSpell-lair/Assets/_Project/Scripts/Runtime/Voice/VoskVoiceInputService.cs:341)
Plunderspell.Voice.VoskVoiceInputService:set_ChatterEnabled (bool) (at C:/Users/aj/Desktop/GameDev/PlunderSpell-lair/Assets/_Project/Scripts/Runtime/Voice/VoskVoiceInputService.cs:162)
Plunderspell.Voice.CombinedVoiceInputService:set_ChatterEnabled (bool) (at C:/Users/aj/Desktop/GameDev/PlunderSpell-lair/Assets/_Project/Scripts/Runtime/Voice/CombinedVoiceInputService.cs:21)
Plunderspell.Acoustics.PlayerChatterRelay:Subscribe () (at C:/Users/aj/Desktop/GameDev/PlunderSpell-lair/Assets/_Project/Scripts/Runtime/Acoustics/PlayerChatterRelay.cs:100)
Plunderspell.Acoustics.PlayerChatterRelay:OnSpawned () (at C:/Users/aj/Desktop/GameDev/PlunderSpell-lair/Assets/_Project/Scripts/Runtime/Acoustics/PlayerChatterRelay.cs:64)
PurrNet.NetworkIdentity:TriggerSpawnEvent (bool) (at C:/Users/aj/Desktop/GameDev/PlunderSpell-lair/Assets/PurrNet/Runtime/Components/NetworkIdentity/NetworkIdentity.cs:1109)
PurrNet.Modules.HierarchyV2:OnFinishSpawnPacket (PurrNet.PlayerID,PurrNet.Modules.FinishSpawnPacket,bool) (at C:/Users/aj/Desktop/GameDev/PlunderSpell-lair/Assets/PurrNet/Runtime/CoreModules/HierarchyV2/HierarchyV2.cs:483)
PurrNet.PlayerBroadcastCallback`1<PurrNet.Modules.FinishSpawnPacket>:TriggerCallback (PurrNet.PlayerID,object,bool) (at C:/Users/aj/Desktop/GameDev/PlunderSpell-lair/Assets/PurrNet/Runtime/CoreModules/Players/PlayersBroadcaster.cs:34)
PurrNet.PlayersBroadcaster:OnRawDataReceived (PurrNet.Transports.Connection,uint,object) (at C:/Users/aj/Desktop/GameDev/PlunderSpell-lair/Assets/PurrNet/Runtime/CoreModules/Players/PlayersBroadcaster.cs:70)
PurrNet.Modules.BroadcastModule:TriggerCallback (PurrNet.Transports.Connection,uint,object) (at C:/Users/aj/Desktop/GameDev/PlunderSpell-lair/Assets/PurrNet/Runtime/CoreModules/Broadcast/BroadcastModule.cs:264)
PurrNet.Modules.BroadcastModule:OnDataReceived (PurrNet.Transports.Connection,PurrNet.Transports.ByteData,bool) (at C:/Users/aj/Desktop/GameDev/PlunderSpell-lair/Assets/PurrNet/Runtime/CoreModules/Broadcast/BroadcastModule.cs:214)
PurrNet.ModulesCollection:OnDataReceived (PurrNet.Transports.Connection,PurrNet.Transports.ByteData,bool) (at C:/Users/aj/Desktop/GameDev/PlunderSpell-lair/Assets/PurrNet/Runtime/Managers/ModulesCollection.cs:120)
PurrNet.NetworkManager:OnDataReceived (PurrNet.Transports.Connection,PurrNet.Transports.ByteData,bool) (at C:/Users/aj/Desktop/GameDev/PlunderSpell-lair/Assets/PurrNet/Runtime/Managers/NetworkManager.cs:1452)
PurrNet.Transports.UDPTransport:OnClientData (LiteNetLib.NetPeer,LiteNetLib.NetPacketReader,byte,LiteNetLib.DeliveryMethod) (at C:/Users/aj/Desktop/GameDev/PlunderSpell-lair/Assets/PurrNet/Runtime/Transports/UDPTransport.cs:133)
LiteNetLib.EventBasedNetListener:LiteNetLib.INetEventListener.OnNetworkReceive (LiteNetLib.NetPeer,LiteNetLib.NetPacketReader,byte,LiteNetLib.DeliveryMethod) (at C:/Users/aj/Desktop/GameDev/PlunderSpell-lair/Assets/PurrNet/Externals/LiteNetLib/INetEventListener.cs:247)
LiteNetLib.NetManager:ProcessEvent (LiteNetLib.NetEvent) (at C:/Users/aj/Desktop/GameDev/PlunderSpell-lair/Assets/PurrNet/Externals/LiteNetLib/NetManager.cs:494)
LiteNetLib.NetManager:CreateReceiveEvent (LiteNetLib.NetPacket,LiteNetLib.DeliveryMethod,byte,int,LiteNetLib.NetPeer) (at C:/Users/aj/Desktop/GameDev/PlunderSpell-lair/Assets/PurrNet/Externals/LiteNetLib/NetManager.cs:1069)
LiteNetLib.NetPeer:AddReliablePacket (LiteNetLib.DeliveryMethod,LiteNetLib.NetPacket) (at C:/Users/aj/Desktop/GameDev/PlunderSpell-lair/Assets/PurrNet/Externals/LiteNetLib/NetPeer.cs:1053)
LiteNetLib.ReliableChannel:ProcessPacket (LiteNetLib.NetPacket) (at C:/Users/aj/Desktop/GameDev/PlunderSpell-lair/Assets/PurrNet/Externals/LiteNetLib/ReliableChannel.cs:304)
LiteNetLib.NetPeer:ProcessPacket (LiteNetLib.NetPacket) (at C:/Users/aj/Desktop/GameDev/PlunderSpell-lair/Assets/PurrNet/Externals/LiteNetLib/NetPeer.cs:1282)
LiteNetLib.NetPeer:ProcessPacket (LiteNetLib.NetPacket) (at C:/Users/aj/Desktop/GameDev/PlunderSpell-lair/Assets/PurrNet/Externals/LiteNetLib/NetPeer.cs:1236)
LiteNetLib.NetManager:DebugMessageReceived (LiteNetLib.NetPacket,System.Net.IPEndPoint) (at C:/Users/aj/Desktop/GameDev/PlunderSpell-lair/Assets/PurrNet/Externals/LiteNetLib/NetManager.cs:1040)
LiteNetLib.NetManager:OnMessageReceived (LiteNetLib.NetPacket,System.Net.IPEndPoint) (at C:/Users/aj/Desktop/GameDev/PlunderSpell-lair/Assets/PurrNet/Externals/LiteNetLib/NetManager.cs:837)
LiteNetLib.NetManager:ReceiveFrom (System.Net.Sockets.Socket,System.Net.EndPoint&) (at C:/Users/aj/Desktop/GameDev/PlunderSpell-lair/Assets/PurrNet/Externals/LiteNetLib/NetManager.Socket.cs:261)
LiteNetLib.NetManager:ManualReceive (System.Net.Sockets.Socket,System.Net.EndPoint,int) (at C:/Users/aj/Desktop/GameDev/PlunderSpell-lair/Assets/PurrNet/Externals/LiteNetLib/NetManager.Socket.cs:102)
LiteNetLib.NetManager:PollEvents (int) (at C:/Users/aj/Desktop/GameDev/PlunderSpell-lair/Assets/PurrNet/Externals/LiteNetLib/NetManager.cs:1476)
PurrNet.Transports.UDPTransport:ReceiveMessages (single) (at C:/Users/aj/Desktop/GameDev/PlunderSpell-lair/Assets/PurrNet/Runtime/Transports/UDPTransport.cs:206)
PurrNet.NetworkManager:OnTick () (at C:/Users/aj/Desktop/GameDev/PlunderSpell-lair/Assets/PurrNet/Runtime/Managers/NetworkManager.cs:1162)
PurrNet.NetworkManager:OnClientTick () (at C:/Users/aj/Desktop/GameDev/PlunderSpell-lair/Assets/PurrNet/Runtime/Managers/NetworkManager.cs:1088)
PurrNet.Modules.TickManager:HandleTick () (at C:/Users/aj/Desktop/GameDev/PlunderSpell-lair/Assets/PurrNet/Runtime/CoreModules/Ticks/TickManager.cs:143)
PurrNet.Modules.TickManager:Update () (at C:/Users/aj/Desktop/GameDev/PlunderSpell-lair/Assets/PurrNet/Runtime/CoreModules/Ticks/TickManager.cs:107)
PurrNet.ModulesCollection:TriggerOnUpdate () (at C:/Users/aj/Desktop/GameDev/PlunderSpell-lair/Assets/PurrNet/Runtime/Managers/ModulesCollection.cs:126)
PurrNet.NetworkManager:Update () (at C:/Users/aj/Desktop/GameDev/PlunderSpell-lair/Assets/PurrNet/Runtime/Managers/NetworkManager.cs:1132)

(Filename: C:/build/output/unity/unity/Runtime/Export/Debug/Debug.bindings.cs Line: 123)

[Chatter] Listening between casts.
UnityEngine.Debug:ExtractStackTraceNoAlloc (byte*,int,string)
UnityEngine.StackTraceUtility:ExtractStackTrace () (at C:/build/output/unity/unity/Runtime/Export/Scripting/StackTrace.cs:35)
UnityEngine.DebugLogHandler:Internal_Log (UnityEngine.LogType,UnityEngine.LogOption,string,UnityEngine.Object)
UnityEngine.DebugLogHandler:LogFormat (UnityEngine.LogType,UnityEngine.Object,string,object[]) (at C:/build/output/unity/unity/Runtime/Export/Logging/DebugLogHandler.cs:9)
UnityEngine.Logger:Log (UnityEngine.LogType,object) (at C:/build/output/unity/unity/Runtime/Export/Logging/Logger.cs:60)
UnityEngine.Debug:Log (object) (at C:/build/output/unity/unity/Runtime/Export/Debug/Debug.bindings.cs:123)
Plunderspell.Voice.VoskVoiceInputService:set_ChatterEnabled (bool) (at C:/Users/aj/Desktop/GameDev/PlunderSpell-lair/Assets/_Project/Scripts/Runtime/Voice/VoskVoiceInputService.cs:174)
Plunderspell.Voice.CombinedVoiceInputService:set_ChatterEnabled (bool) (at C:/Users/aj/Desktop/GameDev/PlunderSpell-lair/Assets/_Project/Scripts/Runtime/Voice/CombinedVoiceInputService.cs:21)
Plunderspell.Acoustics.PlayerChatterRelay:Subscribe () (at C:/Users/aj/Desktop/GameDev/PlunderSpell-lair/Assets/_Project/Scripts/Runtime/Acoustics/PlayerChatterRelay.cs:100)
Plunderspell.Acoustics.PlayerChatterRelay:OnSpawned () (at C:/Users/aj/Desktop/GameDev/PlunderSpell-lair/Assets/_Project/Scripts/Runtime/Acoustics/PlayerChatterRelay.cs:64)
PurrNet.NetworkIdentity:TriggerSpawnEvent (bool) (at C:/Users/aj/Desktop/GameDev/PlunderSpell-lair/Assets/PurrNet/Runtime/Components/NetworkIdentity/NetworkIdentity.cs:1109)
PurrNet.Modules.HierarchyV2:OnFinishSpawnPacket (PurrNet.PlayerID,PurrNet.Modules.FinishSpawnPacket,bool) (at C:/Users/aj/Desktop/GameDev/PlunderSpell-lair/Assets/PurrNet/Runtime/CoreModules/HierarchyV2/HierarchyV2.cs:483)
PurrNet.PlayerBroadcastCallback`1<PurrNet.Modules.FinishSpawnPacket>:TriggerCallback (PurrNet.PlayerID,object,bool) (at C:/Users/aj/Desktop/GameDev/PlunderSpell-lair/Assets/PurrNet/Runtime/CoreModules/Players/PlayersBroadcaster.cs:34)
PurrNet.PlayersBroadcaster:OnRawDataReceived (PurrNet.Transports.Connection,uint,object) (at C:/Users/aj/Desktop/GameDev/PlunderSpell-lair/Assets/PurrNet/Runtime/CoreModules/Players/PlayersBroadcaster.cs:70)
PurrNet.Modules.BroadcastModule:TriggerCallback (PurrNet.Transports.Connection,uint,object) (at C:/Users/aj/Desktop/GameDev/PlunderSpell-lair/Assets/PurrNet/Runtime/CoreModules/Broadcast/BroadcastModule.cs:264)
PurrNet.Modules.BroadcastModule:OnDataReceived (PurrNet.Transports.Connection,PurrNet.Transports.ByteData,bool) (at C:/Users/aj/Desktop/GameDev/PlunderSpell-lair/Assets/PurrNet/Runtime/CoreModules/Broadcast/BroadcastModule.cs:214)
PurrNet.ModulesCollection:OnDataReceived (PurrNet.Transports.Connection,PurrNet.Transports.ByteData,bool) (at C:/Users/aj/Desktop/GameDev/PlunderSpell-lair/Assets/PurrNet/Runtime/Managers/ModulesCollection.cs:120)
PurrNet.NetworkManager:OnDataReceived (PurrNet.Transports.Connection,PurrNet.Transports.ByteData,bool) (at C:/Users/aj/Desktop/GameDev/PlunderSpell-lair/Assets/PurrNet/Runtime/Managers/NetworkManager.cs:1452)
PurrNet.Transports.UDPTransport:OnClientData (LiteNetLib.NetPeer,LiteNetLib.NetPacketReader,byte,LiteNetLib.DeliveryMethod) (at C:/Users/aj/Desktop/GameDev/PlunderSpell-lair/Assets/PurrNet/Runtime/Transports/UDPTransport.cs:133)
LiteNetLib.EventBasedNetListener:LiteNetLib.INetEventListener.OnNetworkReceive (LiteNetLib.NetPeer,LiteNetLib.NetPacketReader,byte,LiteNetLib.DeliveryMethod) (at C:/Users/aj/Desktop/GameDev/PlunderSpell-lair/Assets/PurrNet/Externals/LiteNetLib/INetEventListener.cs:247)
LiteNetLib.NetManager:ProcessEvent (LiteNetLib.NetEvent) (at C:/Users/aj/Desktop/GameDev/PlunderSpell-lair/Assets/PurrNet/Externals/LiteNetLib/NetManager.cs:494)
LiteNetLib.NetManager:CreateReceiveEvent (LiteNetLib.NetPacket,LiteNetLib.DeliveryMethod,byte,int,LiteNetLib.NetPeer) (at C:/Users/aj/Desktop/GameDev/PlunderSpell-lair/Assets/PurrNet/Externals/LiteNetLib/NetManager.cs:1069)
LiteNetLib.NetPeer:AddReliablePacket (LiteNetLib.DeliveryMethod,LiteNetLib.NetPacket) (at C:/Users/aj/Desktop/GameDev/PlunderSpell-lair/Assets/PurrNet/Externals/LiteNetLib/NetPeer.cs:1053)
LiteNetLib.ReliableChannel:ProcessPacket (LiteNetLib.NetPacket) (at C:/Users/aj/Desktop/GameDev/PlunderSpell-lair/Assets/PurrNet/Externals/LiteNetLib/ReliableChannel.cs:304)
LiteNetLib.NetPeer:ProcessPacket (LiteNetLib.NetPacket) (at C:/Users/aj/Desktop/GameDev/PlunderSpell-lair/Assets/PurrNet/Externals/LiteNetLib/NetPeer.cs:1282)
LiteNetLib.NetPeer:ProcessPacket (LiteNetLib.NetPacket) (at C:/Users/aj/Desktop/GameDev/PlunderSpell-lair/Assets/PurrNet/Externals/LiteNetLib/NetPeer.cs:1236)
LiteNetLib.NetManager:DebugMessageReceived (LiteNetLib.NetPacket,System.Net.IPEndPoint) (at C:/Users/aj/Desktop/GameDev/PlunderSpell-lair/Assets/PurrNet/Externals/LiteNetLib/NetManager.cs:1040)
LiteNetLib.NetManager:OnMessageReceived (LiteNetLib.NetPacket,System.Net.IPEndPoint) (at C:/Users/aj/Desktop/GameDev/PlunderSpell-lair/Assets/PurrNet/Externals/LiteNetLib/NetManager.cs:837)
LiteNetLib.NetManager:ReceiveFrom (System.Net.Sockets.Socket,System.Net.EndPoint&) (at C:/Users/aj/Desktop/GameDev/PlunderSpell-lair/Assets/PurrNet/Externals/LiteNetLib/NetManager.Socket.cs:261)
LiteNetLib.NetManager:ManualReceive (System.Net.Sockets.Socket,System.Net.EndPoint,int) (at C:/Users/aj/Desktop/GameDev/PlunderSpell-lair/Assets/PurrNet/Externals/LiteNetLib/NetManager.Socket.cs:102)
LiteNetLib.NetManager:PollEvents (int) (at C:/Users/aj/Desktop/GameDev/PlunderSpell-lair/Assets/PurrNet/Externals/LiteNetLib/NetManager.cs:1476)
PurrNet.Transports.UDPTransport:ReceiveMessages (single) (at C:/Users/aj/Desktop/GameDev/PlunderSpell-lair/Assets/PurrNet/Runtime/Transports/UDPTransport.cs:206)
PurrNet.NetworkManager:OnTick () (at C:/Users/aj/Desktop/GameDev/PlunderSpell-lair/Assets/PurrNet/Runtime/Managers/NetworkManager.cs:1162)
PurrNet.NetworkManager:OnClientTick () (at C:/Users/aj/Desktop/GameDev/PlunderSpell-lair/Assets/PurrNet/Runtime/Managers/NetworkManager.cs:1088)
PurrNet.Modules.TickManager:HandleTick () (at C:/Users/aj/Desktop/GameDev/PlunderSpell-lair/Assets/PurrNet/Runtime/CoreModules/Ticks/TickManager.cs:143)
PurrNet.Modules.TickManager:Update () (at C:/Users/aj/Desktop/GameDev/PlunderSpell-lair/Assets/PurrNet/Runtime/CoreModules/Ticks/TickManager.cs:107)
PurrNet.ModulesCollection:TriggerOnUpdate () (at C:/Users/aj/Desktop/GameDev/PlunderSpell-lair/Assets/PurrNet/Runtime/Managers/ModulesCollection.cs:126)
PurrNet.NetworkManager:Update () (at C:/Users/aj/Desktop/GameDev/PlunderSpell-lair/Assets/PurrNet/Runtime/Managers/NetworkManager.cs:1132)

(Filename: C:/build/output/unity/unity/Runtime/Export/Debug/Debug.bindings.cs Line: 123)

WARNING (VoskAPI:Recognizer():recognizer.cc:84) Ignoring word missing in vocabulary: 'ignace'
WARNING (VoskAPI:Recognizer():recognizer.cc:84) Ignoring word missing in vocabulary: 'sultus'
[Coop] This machine plays as RaidPlayer(Clone) (owner 002).
UnityEngine.Debug:ExtractStackTraceNoAlloc (byte*,int,string)
UnityEngine.StackTraceUtility:ExtractStackTrace () (at C:/build/output/unity/unity/Runtime/Export/Scripting/StackTrace.cs:35)
UnityEngine.DebugLogHandler:Internal_Log (UnityEngine.LogType,UnityEngine.LogOption,string,UnityEngine.Object)
UnityEngine.DebugLogHandler:LogFormat (UnityEngine.LogType,UnityEngine.Object,string,object[]) (at C:/build/output/unity/unity/Runtime/Export/Logging/DebugLogHandler.cs:9)
UnityEngine.Logger:Log (UnityEngine.LogType,object) (at C:/build/output/unity/unity/Runtime/Export/Logging/Logger.cs:60)
UnityEngine.Debug:Log (object) (at C:/build/output/unity/unity/Runtime/Export/Debug/Debug.bindings.cs:123)
PlayerNetworkOwnership:ApplyOwnership () (at C:/Users/aj/Desktop/GameDev/PlunderSpell-lair/Assets/_Project/Scripts/Runtime/Net/PlayerNetworkOwnership.cs:143)
PlayerNetworkOwnership:OnSpawned (bool) (at C:/Users/aj/Desktop/GameDev/PlunderSpell-lair/Assets/_Project/Scripts/Runtime/Net/PlayerNetworkOwnership.cs:86)
PurrNet.NetworkIdentity:TriggerSpawnEvent (bool) (at C:/Users/aj/Desktop/GameDev/PlunderSpell-lair/Assets/PurrNet/Runtime/Components/NetworkIdentity/NetworkIdentity.cs:1083)
PurrNet.Modules.HierarchyV2:OnFinishSpawnPacket (PurrNet.PlayerID,PurrNet.Modules.FinishSpawnPacket,bool) (at C:/Users/aj/Desktop/GameDev/PlunderSpell-lair/Assets/PurrNet/Runtime/CoreModules/HierarchyV2/HierarchyV2.cs:483)
PurrNet.PlayerBroadcastCallback`1<PurrNet.Modules.FinishSpawnPacket>:TriggerCallback (PurrNet.PlayerID,object,bool) (at C:/Users/aj/Desktop/GameDev/PlunderSpell-lair/Assets/PurrNet/Runtime/CoreModules/Players/PlayersBroadcaster.cs:34)
PurrNet.PlayersBroadcaster:OnRawDataReceived (PurrNet.Transports.Connection,uint,object) (at C:/Users/aj/Desktop/GameDev/PlunderSpell-lair/Assets/PurrNet/Runtime/CoreModules/Players/PlayersBroadcaster.cs:70)
PurrNet.Modules.BroadcastModule:TriggerCallback (PurrNet.Transports.Connection,uint,object) (at C:/Users/aj/Desktop/GameDev/PlunderSpell-lair/Assets/PurrNet/Runtime/CoreModules/Broadcast/BroadcastModule.cs:264)
PurrNet.Modules.BroadcastModule:OnDataReceived (PurrNet.Transports.Connection,PurrNet.Transports.ByteData,bool) (at C:/Users/aj/Desktop/GameDev/PlunderSpell-lair/Assets/PurrNet/Runtime/CoreModules/Broadcast/BroadcastModule.cs:214)
PurrNet.ModulesCollection:OnDataReceived (PurrNet.Transports.Connection,PurrNet.Transports.ByteData,bool) (at C:/Users/aj/Desktop/GameDev/PlunderSpell-lair/Assets/PurrNet/Runtime/Managers/ModulesCollection.cs:120)
PurrNet.NetworkManager:OnDataReceived (PurrNet.Transports.Connection,PurrNet.Transports.ByteData,bool) (at C:/Users/aj/Desktop/GameDev/PlunderSpell-lair/Assets/PurrNet/Runtime/Managers/NetworkManager.cs:1452)
PurrNet.Transports.UDPTransport:OnClientData (LiteNetLib.NetPeer,LiteNetLib.NetPacketReader,byte,LiteNetLib.DeliveryMethod) (at C:/Users/aj/Desktop/GameDev/PlunderSpell-lair/Assets/PurrNet/Runtime/Transports/UDPTransport.cs:133)
LiteNetLib.EventBasedNetListener:LiteNetLib.INetEventListener.OnNetworkReceive (LiteNetLib.NetPeer,LiteNetLib.NetPacketReader,byte,LiteNetLib.DeliveryMethod) (at C:/Users/aj/Desktop/GameDev/PlunderSpell-lair/Assets/PurrNet/Externals/LiteNetLib/INetEventListener.cs:247)
LiteNetLib.NetManager:ProcessEvent (LiteNetLib.NetEvent) (at C:/Users/aj/Desktop/GameDev/PlunderSpell-lair/Assets/PurrNet/Externals/LiteNetLib/NetManager.cs:494)
LiteNetLib.NetManager:CreateReceiveEvent (LiteNetLib.NetPacket,LiteNetLib.DeliveryMethod,byte,int,LiteNetLib.NetPeer) (at C:/Users/aj/Desktop/GameDev/PlunderSpell-lair/Assets/PurrNet/Externals/LiteNetLib/NetManager.cs:1069)
LiteNetLib.NetPeer:AddReliablePacket (LiteNetLib.DeliveryMethod,LiteNetLib.NetPacket) (at C:/Users/aj/Desktop/GameDev/PlunderSpell-lair/Assets/PurrNet/Externals/LiteNetLib/NetPeer.cs:1053)
LiteNetLib.ReliableChannel:ProcessPacket (LiteNetLib.NetPacket) (at C:/Users/aj/Desktop/GameDev/PlunderSpell-lair/Assets/PurrNet/Externals/LiteNetLib/ReliableChannel.cs:304)
LiteNetLib.NetPeer:ProcessPacket (LiteNetLib.NetPacket) (at C:/Users/aj/Desktop/GameDev/PlunderSpell-lair/Assets/PurrNet/Externals/LiteNetLib/NetPeer.cs:1282)
LiteNetLib.NetPeer:ProcessPacket (LiteNetLib.NetPacket) (at C:/Users/aj/Desktop/GameDev/PlunderSpell-lair/Assets/PurrNet/Externals/LiteNetLib/NetPeer.cs:1236)
LiteNetLib.NetManager:DebugMessageReceived (LiteNetLib.NetPacket,System.Net.IPEndPoint) (at C:/Users/aj/Desktop/GameDev/PlunderSpell-lair/Assets/PurrNet/Externals/LiteNetLib/NetManager.cs:1040)
LiteNetLib.NetManager:OnMessageReceived (LiteNetLib.NetPacket,System.Net.IPEndPoint) (at C:/Users/aj/Desktop/GameDev/PlunderSpell-lair/Assets/PurrNet/Externals/LiteNetLib/NetManager.cs:837)
LiteNetLib.NetManager:ReceiveFrom (System.Net.Sockets.Socket,System.Net.EndPoint&) (at C:/Users/aj/Desktop/GameDev/PlunderSpell-lair/Assets/PurrNet/Externals/LiteNetLib/NetManager.Socket.cs:261)
LiteNetLib.NetManager:ManualReceive (System.Net.Sockets.Socket,System.Net.EndPoint,int) (at C:/Users/aj/Desktop/GameDev/PlunderSpell-lair/Assets/PurrNet/Externals/LiteNetLib/NetManager.Socket.cs:102)
LiteNetLib.NetManager:PollEvents (int) (at C:/Users/aj/Desktop/GameDev/PlunderSpell-lair/Assets/PurrNet/Externals/LiteNetLib/NetManager.cs:1476)
PurrNet.Transports.UDPTransport:ReceiveMessages (single) (at C:/Users/aj/Desktop/GameDev/PlunderSpell-lair/Assets/PurrNet/Runtime/Transports/UDPTransport.cs:206)
PurrNet.NetworkManager:OnTick () (at C:/Users/aj/Desktop/GameDev/PlunderSpell-lair/Assets/PurrNet/Runtime/Managers/NetworkManager.cs:1162)
PurrNet.NetworkManager:OnClientTick () (at C:/Users/aj/Desktop/GameDev/PlunderSpell-lair/Assets/PurrNet/Runtime/Managers/NetworkManager.cs:1088)
PurrNet.Modules.TickManager:HandleTick () (at C:/Users/aj/Desktop/GameDev/PlunderSpell-lair/Assets/PurrNet/Runtime/CoreModules/Ticks/TickManager.cs:143)
PurrNet.Modules.TickManager:Update () (at C:/Users/aj/Desktop/GameDev/PlunderSpell-lair/Assets/PurrNet/Runtime/CoreModules/Ticks/TickManager.cs:107)
PurrNet.ModulesCollection:TriggerOnUpdate () (at C:/Users/aj/Desktop/GameDev/PlunderSpell-lair/Assets/PurrNet/Runtime/Managers/ModulesCollection.cs:126)
PurrNet.NetworkManager:Update () (at C:/Users/aj/Desktop/GameDev/PlunderSpell-lair/Assets/PurrNet/Runtime/Managers/NetworkManager.cs:1132)

(Filename: C:/build/output/unity/unity/Runtime/Export/Debug/Debug.bindings.cs Line: 123)

[Lair] Placed RaidPlayer(Clone) at (1005.20, 1.30, 0.50) (PlayerSpawns/Spawn2).
UnityEngine.Debug:ExtractStackTraceNoAlloc (byte*,int,string)
UnityEngine.StackTraceUtility:ExtractStackTrace () (at C:/build/output/unity/unity/Runtime/Export/Scripting/StackTrace.cs:35)
UnityEngine.DebugLogHandler:Internal_Log (UnityEngine.LogType,UnityEngine.LogOption,string,UnityEngine.Object)
UnityEngine.DebugLogHandler:LogFormat (UnityEngine.LogType,UnityEngine.Object,string,object[]) (at C:/build/output/unity/unity/Runtime/Export/Logging/DebugLogHandler.cs:9)
UnityEngine.Logger:Log (UnityEngine.LogType,object) (at C:/build/output/unity/unity/Runtime/Export/Logging/Logger.cs:60)
UnityEngine.Debug:Log (object) (at C:/build/output/unity/unity/Runtime/Export/Debug/Debug.bindings.cs:123)
Plunderspell.Raid.PlayerPlacement:StandAt (StateMachine.PlayerStateMachine,UnityEngine.Transform) (at C:/Users/aj/Desktop/GameDev/PlunderSpell-lair/Assets/_Project/Scripts/Runtime/Raid/PlayerPlacement.cs:24)
Plunderspell.Raid.LairRoomSpawner:PlaceLocalPlayer (StateMachine.PlayerStateMachine) (at C:/Users/aj/Desktop/GameDev/PlunderSpell-lair/Assets/_Project/Scripts/Runtime/Raid/LairRoomSpawner.cs:59)
Plunderspell.Raid.LairRoomSpawner:Update () (at C:/Users/aj/Desktop/GameDev/PlunderSpell-lair/Assets/_Project/Scripts/Runtime/Raid/LairRoomSpawner.cs:41)

(Filename: C:/build/output/unity/unity/Runtime/Export/Debug/Debug.bindings.cs Line: 123)

Reduced additional punctual light shadows resolution by 2 to make 18 shadow maps fit in the 4096x4096 shadow atlas. To avoid this, increase shadow atlas size, decrease big shadow resolutions, or reduce the number of shadow maps active in the same frame
UnityEngine.Debug:ExtractStackTraceNoAlloc (byte*,int,string)
UnityEngine.StackTraceUtility:ExtractStackTrace () (at C:/build/output/unity/unity/Runtime/Export/Scripting/StackTrace.cs:35)
UnityEngine.DebugLogHandler:Internal_Log (UnityEngine.LogType,UnityEngine.LogOption,string,UnityEngine.Object)
UnityEngine.DebugLogHandler:LogFormat (UnityEngine.LogType,UnityEngine.Object,string,object[]) (at C:/build/output/unity/unity/Runtime/Export/Logging/DebugLogHandler.cs:9)
UnityEngine.Logger:Log (UnityEngine.LogType,object) (at C:/build/output/unity/unity/Runtime/Export/Logging/Logger.cs:60)
UnityEngine.Debug:Log (object) (at C:/build/output/unity/unity/Runtime/Export/Debug/Debug.bindings.cs:123)
UnityEngine.Rendering.Universal.Internal.AdditionalLightsShadowCasterPass:Setup (UnityEngine.Rendering.Universal.UniversalRenderingData,UnityEngine.Rendering.Universal.UniversalCameraData,UnityEngine.Rendering.Universal.UniversalLightData,UnityEngine.Rendering.Universal.UniversalShadowData) (at ./Library/PackageCache/com.unity.render-pipelines.universal@40f8b5b9939e/Runtime/Passes/AdditionalLightsShadowCasterPass.cs:435)
UnityEngine.Rendering.Universal.UniversalRenderer:OnBeforeRendering (UnityEngine.Rendering.RenderGraphModule.RenderGraph) (at ./Library/PackageCache/com.unity.render-pipelines.universal@40f8b5b9939e/Runtime/UniversalRendererRenderGraph.cs:753)
UnityEngine.Rendering.Universal.UniversalRenderer:OnRecordRenderGraph (UnityEngine.Rendering.RenderGraphModule.RenderGraph,UnityEngine.Rendering.ScriptableRenderContext) (at ./Library/PackageCache/com.unity.render-pipelines.universal@40f8b5b9939e/Runtime/UniversalRendererRenderGraph.cs:647)
UnityEngine.Rendering.Universal.ScriptableRenderer:RecordRenderGraph (UnityEngine.Rendering.RenderGraphModule.RenderGraph,UnityEngine.Rendering.ScriptableRenderContext) (at ./Library/PackageCache/com.unity.render-pipelines.universal@40f8b5b9939e/Runtime/ScriptableRenderer.cs:1263)
UnityEngine.Rendering.Universal.UniversalRenderPipeline:RecordAndExecuteRenderGraph (UnityEngine.Rendering.RenderGraphModule.RenderGraph,UnityEngine.Rendering.ScriptableRenderContext,UnityEngine.Rendering.Universal.ScriptableRenderer,UnityEngine.Rendering.CommandBuffer,UnityEngine.Camera,UnityEngine.Rendering.RenderGraphModule.RenderTextureUVOriginStrategy) (at ./Library/PackageCache/com.unity.render-pipelines.universal@40f8b5b9939e/Runtime/UniversalRenderPipelineRenderGraph.cs:23)
UnityEngine.Rendering.Universal.UniversalRenderPipeline:RenderSingleCamera (UnityEngine.Rendering.ScriptableRenderContext,UnityEngine.Rendering.Universal.UniversalCameraData) (at ./Library/PackageCache/com.unity.render-pipelines.universal@40f8b5b9939e/Runtime/UniversalRenderPipeline.cs:902)
UnityEngine.Rendering.Universal.UniversalRenderPipeline:RenderCameraStack (UnityEngine.Rendering.ScriptableRenderContext,UnityEngine.Camera,bool) (at ./Library/PackageCache/com.unity.render-pipelines.universal@40f8b5b9939e/Runtime/UniversalRenderPipeline.cs:1124)
UnityEngine.Rendering.Universal.UniversalRenderPipeline:Render (UnityEngine.Rendering.ScriptableRenderContext,System.Collections.Generic.List`1<UnityEngine.Camera>) (at ./Library/PackageCache/com.unity.render-pipelines.universal@40f8b5b9939e/Runtime/UniversalRenderPipeline.cs:499)
UnityEngine.Rendering.RenderPipeline:InternalRender (UnityEngine.Rendering.ScriptableRenderContext,System.Collections.Generic.List`1<UnityEngine.Camera>) (at C:/build/output/unity/unity/Runtime/Export/RenderPipeline/RenderPipeline.cs:58)
UnityEngine.Rendering.RenderPipelineManager:DoRenderLoop_Internal (UnityEngine.Rendering.RenderPipelineAsset,intptr,UnityEngine.Object) (at C:/build/output/unity/unity/Runtime/Export/RenderPipeline/RenderPipelineManager.cs:159)

(Filename: C:/build/output/unity/unity/Runtime/Export/Debug/Debug.bindings.cs Line: 123)

Pipeline: Runtime descriptor written to C:\Users\aj\Desktop\GameDev\PlunderSpell-lair\Build\DevTest\.unity-pipeline-runtime-port
Pipeline: Runtime descriptor written to C:\Users\aj\Desktop\GameDev\PlunderSpell-lair\Build\DevTest\.unity-pipeline-runtime-port
Pipeline: Runtime descriptor written to C:\Users\aj\Desktop\GameDev\PlunderSpell-lair\Build\DevTest\.unity-pipeline-runtime-port
[Lair] Placed RaidPlayer(Clone) at (1100.50, 1.30, 8.00) (PlayerSpawns/Spawn2).
UnityEngine.Debug:ExtractStackTraceNoAlloc (byte*,int,string)
UnityEngine.StackTraceUtility:ExtractStackTrace () (at C:/build/output/unity/unity/Runtime/Export/Scripting/StackTrace.cs:35)
UnityEngine.DebugLogHandler:Internal_Log (UnityEngine.LogType,UnityEngine.LogOption,string,UnityEngine.Object)
UnityEngine.DebugLogHandler:LogFormat (UnityEngine.LogType,UnityEngine.Object,string,object[]) (at C:/build/output/unity/unity/Runtime/Export/Logging/DebugLogHandler.cs:9)
UnityEngine.Logger:Log (UnityEngine.LogType,object) (at C:/build/output/unity/unity/Runtime/Export/Logging/Logger.cs:60)
UnityEngine.Debug:Log (object) (at C:/build/output/unity/unity/Runtime/Export/Debug/Debug.bindings.cs:123)
Plunderspell.Raid.PlayerPlacement:StandAt (StateMachine.PlayerStateMachine,UnityEngine.Transform) (at C:/Users/aj/Desktop/GameDev/PlunderSpell-lair/Assets/_Project/Scripts/Runtime/Raid/PlayerPlacement.cs:24)
Plunderspell.Raid.RoomTravel:Travel (StateMachine.PlayerStateMachine) (at C:/Users/aj/Desktop/GameDev/PlunderSpell-lair/Assets/_Project/Scripts/Runtime/Raid/RoomTravel.cs:52)
System.Reflection.RuntimeMethodInfo:Invoke (object,System.Reflection.BindingFlags,System.Reflection.Binder,object[],System.Globalization.CultureInfo)
System.Reflection.MethodBase:Invoke (object,object[])
PipelineEvaluation.PipelineEval_ecb13620:Execute ()
System.Reflection.RuntimeMethodInfo:Invoke (object,System.Reflection.BindingFlags,System.Reflection.Binder,object[],System.Globalization.CultureInfo)
System.Reflection.MethodBase:Invoke (object,object[])
Unity.Pipeline.Compilation.EvalCodeCompiler:ExecuteCompiledAssembly (System.Reflection.Assembly) (at ./Library/PackageCache/com.unity.pipeline@ab05e9cd7f74/Runtime/Compilation/EvalCodeCompiler.cs:190)
Unity.Pipeline.Compilation.EvalCodeCompiler:CompileAndExecuteOnMainThread (string,int,System.Diagnostics.Stopwatch) (at ./Library/PackageCache/com.unity.pipeline@ab05e9cd7f74/Runtime/Compilation/EvalCodeCompiler.cs:54)
Unity.Pipeline.Runtime.Commands.CodeEvalCommand:EvaluateSource (string,int,string) (at ./Library/PackageCache/com.unity.pipeline@ab05e9cd7f74/Runtime/Commands/CodeEvalCommand.cs:112)
Unity.Pipeline.Runtime.Commands.CodeEvalCommand:EvaluateCode (string,int) (at ./Library/PackageCache/com.unity.pipeline@ab05e9cd7f74/Runtime/Commands/CodeEvalCommand.cs:24)
System.Reflection.RuntimeMethodInfo:Invoke (object,System.Reflection.BindingFlags,System.Reflection.Binder,object[],System.Globalization.CultureInfo)
System.Reflection.MethodBase:Invoke (object,object[])
Unity.Pipeline.BasePipelineServer:ExecuteCommandDirect (Unity.Pipeline.Commands.CommandInfo,object[]) (at ./Library/PackageCache/com.unity.pipeline@ab05e9cd7f74/Runtime/Common/BasePipelineServer.cs:2634)
Unity.Pipeline.BasePipelineServer/<>c__DisplayClass134_0:<ExecuteCommand>b__1 () (at ./Library/PackageCache/com.unity.pipeline@ab05e9cd7f74/Runtime/Common/BasePipelineServer.cs:2508)
Unity.Pipeline.Threading.Dispatcher/WorkItem`1<object>:ExecuteCore () (at ./Library/PackageCache/com.unity.pipeline@ab05e9cd7f74/Runtime/Common/Dispatcher.cs:284)
Unity.Pipeline.Threading.Dispatcher/WorkItem:Execute () (at ./Library/PackageCache/com.unity.pipeline@ab05e9cd7f74/Runtime/Common/Dispatcher.cs:229)
Unity.Pipeline.Threading.Dispatcher:ProcessWorkQueue (int) (at ./Library/PackageCache/com.unity.pipeline@ab05e9cd7f74/Runtime/Common/Dispatcher.cs:195)
Unity.Pipeline.RuntimePipelineDriver:Update () (at ./Library/PackageCache/com.unity.pipeline@ab05e9cd7f74/Runtime/PlayerSupport/RuntimePipelineDriver.cs:251)

(Filename: C:/build/output/unity/unity/Runtime/Export/Debug/Debug.bindings.cs Line: 123)

Reduced additional punctual light shadows resolution by 2 to make 60 shadow maps fit in the 4096x4096 shadow atlas. To avoid this, increase shadow atlas size, decrease big shadow resolutions, or reduce the number of shadow maps active in the same frame
UnityEngine.Debug:ExtractStackTraceNoAlloc (byte*,int,string)
UnityEngine.StackTraceUtility:ExtractStackTrace () (at C:/build/output/unity/unity/Runtime/Export/Scripting/StackTrace.cs:35)
UnityEngine.DebugLogHandler:Internal_Log (UnityEngine.LogType,UnityEngine.LogOption,string,UnityEngine.Object)
UnityEngine.DebugLogHandler:LogFormat (UnityEngine.LogType,UnityEngine.Object,string,object[]) (at C:/build/output/unity/unity/Runtime/Export/Logging/DebugLogHandler.cs:9)
UnityEngine.Logger:Log (UnityEngine.LogType,object) (at C:/build/output/unity/unity/Runtime/Export/Logging/Logger.cs:60)
UnityEngine.Debug:Log (object) (at C:/build/output/unity/unity/Runtime/Export/Debug/Debug.bindings.cs:123)
UnityEngine.Rendering.Universal.Internal.AdditionalLightsShadowCasterPass:Setup (UnityEngine.Rendering.Universal.UniversalRenderingData,UnityEngine.Rendering.Universal.UniversalCameraData,UnityEngine.Rendering.Universal.UniversalLightData,UnityEngine.Rendering.Universal.UniversalShadowData) (at ./Library/PackageCache/com.unity.render-pipelines.universal@40f8b5b9939e/Runtime/Passes/AdditionalLightsShadowCasterPass.cs:435)
UnityEngine.Rendering.Universal.UniversalRenderer:OnBeforeRendering (UnityEngine.Rendering.RenderGraphModule.RenderGraph) (at ./Library/PackageCache/com.unity.render-pipelines.universal@40f8b5b9939e/Runtime/UniversalRendererRenderGraph.cs:753)
UnityEngine.Rendering.Universal.UniversalRenderer:OnRecordRenderGraph (UnityEngine.Rendering.RenderGraphModule.RenderGraph,UnityEngine.Rendering.ScriptableRenderContext) (at ./Library/PackageCache/com.unity.render-pipelines.universal@40f8b5b9939e/Runtime/UniversalRendererRenderGraph.cs:647)
UnityEngine.Rendering.Universal.ScriptableRenderer:RecordRenderGraph (UnityEngine.Rendering.RenderGraphModule.RenderGraph,UnityEngine.Rendering.ScriptableRenderContext) (at ./Library/PackageCache/com.unity.render-pipelines.universal@40f8b5b9939e/Runtime/ScriptableRenderer.cs:1263)
UnityEngine.Rendering.Universal.UniversalRenderPipeline:RecordAndExecuteRenderGraph (UnityEngine.Rendering.RenderGraphModule.RenderGraph,UnityEngine.Rendering.ScriptableRenderContext,UnityEngine.Rendering.Universal.ScriptableRenderer,UnityEngine.Rendering.CommandBuffer,UnityEngine.Camera,UnityEngine.Rendering.RenderGraphModule.RenderTextureUVOriginStrategy) (at ./Library/PackageCache/com.unity.render-pipelines.universal@40f8b5b9939e/Runtime/UniversalRenderPipelineRenderGraph.cs:23)
UnityEngine.Rendering.Universal.UniversalRenderPipeline:RenderSingleCamera (UnityEngine.Rendering.ScriptableRenderContext,UnityEngine.Rendering.Universal.UniversalCameraData) (at ./Library/PackageCache/com.unity.render-pipelines.universal@40f8b5b9939e/Runtime/UniversalRenderPipeline.cs:902)
UnityEngine.Rendering.Universal.UniversalRenderPipeline:RenderCameraStack (UnityEngine.Rendering.ScriptableRenderContext,UnityEngine.Camera,bool) (at ./Library/PackageCache/com.unity.render-pipelines.universal@40f8b5b9939e/Runtime/UniversalRenderPipeline.cs:1124)
UnityEngine.Rendering.Universal.UniversalRenderPipeline:Render (UnityEngine.Rendering.ScriptableRenderContext,System.Collections.Generic.List`1<UnityEngine.Camera>) (at ./Library/PackageCache/com.unity.render-pipelines.universal@40f8b5b9939e/Runtime/UniversalRenderPipeline.cs:499)
UnityEngine.Rendering.RenderPipeline:InternalRender (UnityEngine.Rendering.ScriptableRenderContext,System.Collections.Generic.List`1<UnityEngine.Camera>) (at C:/build/output/unity/unity/Runtime/Export/RenderPipeline/RenderPipeline.cs:58)
UnityEngine.Rendering.RenderPipelineManager:DoRenderLoop_Internal (UnityEngine.Rendering.RenderPipelineAsset,intptr,UnityEngine.Object) (at C:/build/output/unity/unity/Runtime/Export/RenderPipeline/RenderPipelineManager.cs:159)

(Filename: C:/build/output/unity/unity/Runtime/Export/Debug/Debug.bindings.cs Line: 123)

Pipeline: Runtime descriptor written to C:\Users\aj\Desktop\GameDev\PlunderSpell-lair\Build\DevTest\.unity-pipeline-runtime-port
Pipeline: Runtime descriptor written to C:\Users\aj\Desktop\GameDev\PlunderSpell-lair\Build\DevTest\.unity-pipeline-runtime-port
[Lair] Placed RaidPlayer(Clone) at (1001.20, 1.30, -3.80) (MarketDoorArrivals/Spawn2).
UnityEngine.Debug:ExtractStackTraceNoAlloc (byte*,int,string)
UnityEngine.StackTraceUtility:ExtractStackTrace () (at C:/build/output/unity/unity/Runtime/Export/Scripting/StackTrace.cs:35)
UnityEngine.DebugLogHandler:Internal_Log (UnityEngine.LogType,UnityEngine.LogOption,string,UnityEngine.Object)
UnityEngine.DebugLogHandler:LogFormat (UnityEngine.LogType,UnityEngine.Object,string,object[]) (at C:/build/output/unity/unity/Runtime/Export/Logging/DebugLogHandler.cs:9)
UnityEngine.Logger:Log (UnityEngine.LogType,object) (at C:/build/output/unity/unity/Runtime/Export/Logging/Logger.cs:60)
UnityEngine.Debug:Log (object) (at C:/build/output/unity/unity/Runtime/Export/Debug/Debug.bindings.cs:123)
Plunderspell.Raid.PlayerPlacement:StandAt (StateMachine.PlayerStateMachine,UnityEngine.Transform) (at C:/Users/aj/Desktop/GameDev/PlunderSpell-lair/Assets/_Project/Scripts/Runtime/Raid/PlayerPlacement.cs:24)
Plunderspell.Raid.RoomTravel:Travel (StateMachine.PlayerStateMachine) (at C:/Users/aj/Desktop/GameDev/PlunderSpell-lair/Assets/_Project/Scripts/Runtime/Raid/RoomTravel.cs:52)
System.Reflection.RuntimeMethodInfo:Invoke (object,System.Reflection.BindingFlags,System.Reflection.Binder,object[],System.Globalization.CultureInfo)
System.Reflection.MethodBase:Invoke (object,object[])
PipelineEvaluation.PipelineEval_229c3e05:Execute ()
System.Reflection.RuntimeMethodInfo:Invoke (object,System.Reflection.BindingFlags,System.Reflection.Binder,object[],System.Globalization.CultureInfo)
System.Reflection.MethodBase:Invoke (object,object[])
Unity.Pipeline.Compilation.EvalCodeCompiler:ExecuteCompiledAssembly (System.Reflection.Assembly) (at ./Library/PackageCache/com.unity.pipeline@ab05e9cd7f74/Runtime/Compilation/EvalCodeCompiler.cs:190)
Unity.Pipeline.Compilation.EvalCodeCompiler:CompileAndExecuteOnMainThread (string,int,System.Diagnostics.Stopwatch) (at ./Library/PackageCache/com.unity.pipeline@ab05e9cd7f74/Runtime/Compilation/EvalCodeCompiler.cs:54)
Unity.Pipeline.Runtime.Commands.CodeEvalCommand:EvaluateSource (string,int,string) (at ./Library/PackageCache/com.unity.pipeline@ab05e9cd7f74/Runtime/Commands/CodeEvalCommand.cs:112)
Unity.Pipeline.Runtime.Commands.CodeEvalCommand:EvaluateCode (string,int) (at ./Library/PackageCache/com.unity.pipeline@ab05e9cd7f74/Runtime/Commands/CodeEvalCommand.cs:24)
System.Reflection.RuntimeMethodInfo:Invoke (object,System.Reflection.BindingFlags,System.Reflection.Binder,object[],System.Globalization.CultureInfo)
System.Reflection.MethodBase:Invoke (object,object[])
Unity.Pipeline.BasePipelineServer:ExecuteCommandDirect (Unity.Pipeline.Commands.CommandInfo,object[]) (at ./Library/PackageCache/com.unity.pipeline@ab05e9cd7f74/Runtime/Common/BasePipelineServer.cs:2634)
Unity.Pipeline.BasePipelineServer/<>c__DisplayClass134_0:<ExecuteCommand>b__1 () (at ./Library/PackageCache/com.unity.pipeline@ab05e9cd7f74/Runtime/Common/BasePipelineServer.cs:2508)
Unity.Pipeline.Threading.Dispatcher/WorkItem`1<object>:ExecuteCore () (at ./Library/PackageCache/com.unity.pipeline@ab05e9cd7f74/Runtime/Common/Dispatcher.cs:284)
Unity.Pipeline.Threading.Dispatcher/WorkItem:Execute () (at ./Library/PackageCache/com.unity.pipeline@ab05e9cd7f74/Runtime/Common/Dispatcher.cs:229)
Unity.Pipeline.Threading.Dispatcher:ProcessWorkQueue (int) (at ./Library/PackageCache/com.unity.pipeline@ab05e9cd7f74/Runtime/Common/Dispatcher.cs:195)
Unity.Pipeline.RuntimePipelineDriver:Update () (at ./Library/PackageCache/com.unity.pipeline@ab05e9cd7f74/Runtime/PlayerSupport/RuntimePipelineDriver.cs:251)

(Filename: C:/build/output/unity/unity/Runtime/Export/Debug/Debug.bindings.cs Line: 123)

Reduced additional punctual light shadows resolution by 2 to make 18 shadow maps fit in the 4096x4096 shadow atlas. To avoid this, increase shadow atlas size, decrease big shadow resolutions, or reduce the number of shadow maps active in the same frame
UnityEngine.Debug:ExtractStackTraceNoAlloc (byte*,int,string)
UnityEngine.StackTraceUtility:ExtractStackTrace () (at C:/build/output/unity/unity/Runtime/Export/Scripting/StackTrace.cs:35)
UnityEngine.DebugLogHandler:Internal_Log (UnityEngine.LogType,UnityEngine.LogOption,string,UnityEngine.Object)
UnityEngine.DebugLogHandler:LogFormat (UnityEngine.LogType,UnityEngine.Object,string,object[]) (at C:/build/output/unity/unity/Runtime/Export/Logging/DebugLogHandler.cs:9)
UnityEngine.Logger:Log (UnityEngine.LogType,object) (at C:/build/output/unity/unity/Runtime/Export/Logging/Logger.cs:60)
UnityEngine.Debug:Log (object) (at C:/build/output/unity/unity/Runtime/Export/Debug/Debug.bindings.cs:123)
UnityEngine.Rendering.Universal.Internal.AdditionalLightsShadowCasterPass:Setup (UnityEngine.Rendering.Universal.UniversalRenderingData,UnityEngine.Rendering.Universal.UniversalCameraData,UnityEngine.Rendering.Universal.UniversalLightData,UnityEngine.Rendering.Universal.UniversalShadowData) (at ./Library/PackageCache/com.unity.render-pipelines.universal@40f8b5b9939e/Runtime/Passes/AdditionalLightsShadowCasterPass.cs:435)
UnityEngine.Rendering.Universal.UniversalRenderer:OnBeforeRendering (UnityEngine.Rendering.RenderGraphModule.RenderGraph) (at ./Library/PackageCache/com.unity.render-pipelines.universal@40f8b5b9939e/Runtime/UniversalRendererRenderGraph.cs:753)
UnityEngine.Rendering.Universal.UniversalRenderer:OnRecordRenderGraph (UnityEngine.Rendering.RenderGraphModule.RenderGraph,UnityEngine.Rendering.ScriptableRenderContext) (at ./Library/PackageCache/com.unity.render-pipelines.universal@40f8b5b9939e/Runtime/UniversalRendererRenderGraph.cs:647)
UnityEngine.Rendering.Universal.ScriptableRenderer:RecordRenderGraph (UnityEngine.Rendering.RenderGraphModule.RenderGraph,UnityEngine.Rendering.ScriptableRenderContext) (at ./Library/PackageCache/com.unity.render-pipelines.universal@40f8b5b9939e/Runtime/ScriptableRenderer.cs:1263)
UnityEngine.Rendering.Universal.UniversalRenderPipeline:RecordAndExecuteRenderGraph (UnityEngine.Rendering.RenderGraphModule.RenderGraph,UnityEngine.Rendering.ScriptableRenderContext,UnityEngine.Rendering.Universal.ScriptableRenderer,UnityEngine.Rendering.CommandBuffer,UnityEngine.Camera,UnityEngine.Rendering.RenderGraphModule.RenderTextureUVOriginStrategy) (at ./Library/PackageCache/com.unity.render-pipelines.universal@40f8b5b9939e/Runtime/UniversalRenderPipelineRenderGraph.cs:23)
UnityEngine.Rendering.Universal.UniversalRenderPipeline:RenderSingleCamera (UnityEngine.Rendering.ScriptableRenderContext,UnityEngine.Rendering.Universal.UniversalCameraData) (at ./Library/PackageCache/com.unity.render-pipelines.universal@40f8b5b9939e/Runtime/UniversalRenderPipeline.cs:902)
UnityEngine.Rendering.Universal.UniversalRenderPipeline:RenderCameraStack (UnityEngine.Rendering.ScriptableRenderContext,UnityEngine.Camera,bool) (at ./Library/PackageCache/com.unity.render-pipelines.universal@40f8b5b9939e/Runtime/UniversalRenderPipeline.cs:1124)
UnityEngine.Rendering.Universal.UniversalRenderPipeline:Render (UnityEngine.Rendering.ScriptableRenderContext,System.Collections.Generic.List`1<UnityEngine.Camera>) (at ./Library/PackageCache/com.unity.render-pipelines.universal@40f8b5b9939e/Runtime/UniversalRenderPipeline.cs:499)
UnityEngine.Rendering.RenderPipeline:InternalRender (UnityEngine.Rendering.ScriptableRenderContext,System.Collections.Generic.List`1<UnityEngine.Camera>) (at C:/build/output/unity/unity/Runtime/Export/RenderPipeline/RenderPipeline.cs:58)
UnityEngine.Rendering.RenderPipelineManager:DoRenderLoop_Internal (UnityEngine.Rendering.RenderPipelineAsset,intptr,UnityEngine.Object) (at C:/build/output/unity/unity/Runtime/Export/RenderPipeline/RenderPipelineManager.cs:159)

(Filename: C:/build/output/unity/unity/Runtime/Export/Debug/Debug.bindings.cs Line: 123)

Pipeline: Runtime descriptor written to C:\Users\aj\Desktop\GameDev\PlunderSpell-lair\Build\DevTest\.unity-pipeline-runtime-port
[Raid] Host moved the raid to Raiding (seed 0).
UnityEngine.Debug:ExtractStackTraceNoAlloc (byte*,int,string)
UnityEngine.StackTraceUtility:ExtractStackTrace () (at C:/build/output/unity/unity/Runtime/Export/Scripting/StackTrace.cs:35)
UnityEngine.DebugLogHandler:Internal_Log (UnityEngine.LogType,UnityEngine.LogOption,string,UnityEngine.Object)
UnityEngine.DebugLogHandler:LogFormat (UnityEngine.LogType,UnityEngine.Object,string,object[]) (at C:/build/output/unity/unity/Runtime/Export/Logging/DebugLogHandler.cs:9)
UnityEngine.Logger:Log (UnityEngine.LogType,object) (at C:/build/output/unity/unity/Runtime/Export/Logging/Logger.cs:60)
UnityEngine.Debug:Log (object) (at C:/build/output/unity/unity/Runtime/Export/Debug/Debug.bindings.cs:123)
Plunderspell.Raid.RaidDirector:OnPhaseReplicated (Plunderspell.Raid.RaidPhase) (at C:/Users/aj/Desktop/GameDev/PlunderSpell-lair/Assets/_Project/Scripts/Runtime/Raid/RaidDirector.cs:617)
PurrNet.SyncVar`1<Plunderspell.Raid.RaidPhase>:OnReceivedValue (PurrNet.Packing.PackedULong,PurrNet.Packing.BitPacker) (at C:/Users/aj/Desktop/GameDev/PlunderSpell-lair/Assets/PurrNet/Runtime/Components/NetworkModule/SyncVar.cs:301)
PurrNet.SyncVar`1<Plunderspell.Raid.RaidPhase>:SendToAllReliably_Original_6 (PurrNet.Packing.PackedULong,PurrNet.Packing.BitPacker) (at C:/Users/aj/Desktop/GameDev/PlunderSpell-lair/Assets/PurrNet/Runtime/Components/NetworkModule/SyncVar.cs:270)
PurrNet.SyncVar`1<Plunderspell.Raid.RaidPhase>:HandleRPCGenerated_6 (PurrNet.Packing.BitPacker,PurrNet.ChildRPCPacket,PurrNet.RPCInfo,bool) (at C:/Users/aj/Desktop/GameDev/PlunderSpell-lair/Assets/PurrNet/Runtime/Components/NetworkModule/SyncVar.cs:267)
PurrNet.SyncVar`1<Plunderspell.Raid.RaidPhase>:OnReceivedRpc (int,PurrNet.Packing.BitPacker,PurrNet.ChildRPCPacket,PurrNet.RPCInfo,bool)
PurrNet.Modules.RPCModule:ReceiveChildRPC (PurrNet.PlayerID,PurrNet.ChildRPCPacket,bool) (at C:/Users/aj/Desktop/GameDev/PlunderSpell-lair/Assets/PurrNet/Runtime/CoreModules/RPCs/RPCModule.cs:755)
PurrNet.PlayerBroadcastCallback`1<PurrNet.ChildRPCPacket>:TriggerCallback (PurrNet.PlayerID,object,bool) (at C:/Users/aj/Desktop/GameDev/PlunderSpell-lair/Assets/PurrNet/Runtime/CoreModules/Players/PlayersBroadcaster.cs:34)
PurrNet.PlayersBroadcaster:OnRawDataReceived (PurrNet.Transports.Connection,uint,object) (at C:/Users/aj/Desktop/GameDev/PlunderSpell-lair/Assets/PurrNet/Runtime/CoreModules/Players/PlayersBroadcaster.cs:70)
PurrNet.Modules.BroadcastModule:TriggerCallback (PurrNet.Transports.Connection,uint,object) (at C:/Users/aj/Desktop/GameDev/PlunderSpell-lair/Assets/PurrNet/Runtime/CoreModules/Broadcast/BroadcastModule.cs:264)
PurrNet.Modules.BroadcastModule:OnDataReceived (PurrNet.Transports.Connection,PurrNet.Transports.ByteData,bool) (at C:/Users/aj/Desktop/GameDev/PlunderSpell-lair/Assets/PurrNet/Runtime/CoreModules/Broadcast/BroadcastModule.cs:214)
PurrNet.ModulesCollection:OnDataReceived (PurrNet.Transports.Connection,PurrNet.Transports.ByteData,bool) (at C:/Users/aj/Desktop/GameDev/PlunderSpell-lair/Assets/PurrNet/Runtime/Managers/ModulesCollection.cs:120)
PurrNet.NetworkManager:OnDataReceived (PurrNet.Transports.Connection,PurrNet.Transports.ByteData,bool) (at C:/Users/aj/Desktop/GameDev/PlunderSpell-lair/Assets/PurrNet/Runtime/Managers/NetworkManager.cs:1452)
PurrNet.Transports.UDPTransport:OnClientData (LiteNetLib.NetPeer,LiteNetLib.NetPacketReader,byte,LiteNetLib.DeliveryMethod) (at C:/Users/aj/Desktop/GameDev/PlunderSpell-lair/Assets/PurrNet/Runtime/Transports/UDPTransport.cs:133)
LiteNetLib.EventBasedNetListener:LiteNetLib.INetEventListener.OnNetworkReceive (LiteNetLib.NetPeer,LiteNetLib.NetPacketReader,byte,LiteNetLib.DeliveryMethod) (at C:/Users/aj/Desktop/GameDev/PlunderSpell-lair/Assets/PurrNet/Externals/LiteNetLib/INetEventListener.cs:247)
LiteNetLib.NetManager:ProcessEvent (LiteNetLib.NetEvent) (at C:/Users/aj/Desktop/GameDev/PlunderSpell-lair/Assets/PurrNet/Externals/LiteNetLib/NetManager.cs:494)
LiteNetLib.NetManager:CreateReceiveEvent (LiteNetLib.NetPacket,LiteNetLib.DeliveryMethod,byte,int,LiteNetLib.NetPeer) (at C:/Users/aj/Desktop/GameDev/PlunderSpell-lair/Assets/PurrNet/Externals/LiteNetLib/NetManager.cs:1069)
LiteNetLib.NetPeer:AddReliablePacket (LiteNetLib.DeliveryMethod,LiteNetLib.NetPacket) (at C:/Users/aj/Desktop/GameDev/PlunderSpell-lair/Assets/PurrNet/Externals/LiteNetLib/NetPeer.cs:1053)
LiteNetLib.ReliableChannel:ProcessPacket (LiteNetLib.NetPacket) (at C:/Users/aj/Desktop/GameDev/PlunderSpell-lair/Assets/PurrNet/Externals/LiteNetLib/ReliableChannel.cs:304)
LiteNetLib.NetPeer:ProcessPacket (LiteNetLib.NetPacket) (at C:/Users/aj/Desktop/GameDev/PlunderSpell-lair/Assets/PurrNet/Externals/LiteNetLib/NetPeer.cs:1282)
LiteNetLib.NetPeer:ProcessPacket (LiteNetLib.NetPacket) (at C:/Users/aj/Desktop/GameDev/PlunderSpell-lair/Assets/PurrNet/Externals/LiteNetLib/NetPeer.cs:1236)
LiteNetLib.NetManager:DebugMessageReceived (LiteNetLib.NetPacket,System.Net.IPEndPoint) (at C:/Users/aj/Desktop/GameDev/PlunderSpell-lair/Assets/PurrNet/Externals/LiteNetLib/NetManager.cs:1040)
LiteNetLib.NetManager:OnMessageReceived (LiteNetLib.NetPacket,System.Net.IPEndPoint) (at C:/Users/aj/Desktop/GameDev/PlunderSpell-lair/Assets/PurrNet/Externals/LiteNetLib/NetManager.cs:837)
LiteNetLib.NetManager:ReceiveFrom (System.Net.Sockets.Socket,System.Net.EndPoint&) (at C:/Users/aj/Desktop/GameDev/PlunderSpell-lair/Assets/PurrNet/Externals/LiteNetLib/NetManager.Socket.cs:261)
LiteNetLib.NetManager:ManualReceive (System.Net.Sockets.Socket,System.Net.EndPoint,int) (at C:/Users/aj/Desktop/GameDev/PlunderSpell-lair/Assets/PurrNet/Externals/LiteNetLib/NetManager.Socket.cs:102)
LiteNetLib.NetManager:PollEvents (int) (at C:/Users/aj/Desktop/GameDev/PlunderSpell-lair/Assets/PurrNet/Externals/LiteNetLib/NetManager.cs:1476)
PurrNet.Transports.UDPTransport:ReceiveMessages (single) (at C:/Users/aj/Desktop/GameDev/PlunderSpell-lair/Assets/PurrNet/Runtime/Transports/UDPTransport.cs:206)
PurrNet.NetworkManager:OnTick () (at C:/Users/aj/Desktop/GameDev/PlunderSpell-lair/Assets/PurrNet/Runtime/Managers/NetworkManager.cs:1162)
PurrNet.NetworkManager:OnClientTick () (at C:/Users/aj/Desktop/GameDev/PlunderSpell-lair/Assets/PurrNet/Runtime/Managers/NetworkManager.cs:1088)
PurrNet.Modules.TickManager:HandleTick () (at C:/Users/aj/Desktop/GameDev/PlunderSpell-lair/Assets/PurrNet/Runtime/CoreModules/Ticks/TickManager.cs:143)
PurrNet.Modules.TickManager:Update () (at C:/Users/aj/Desktop/GameDev/PlunderSpell-lair/Assets/PurrNet/Runtime/CoreModules/Ticks/TickManager.cs:107)
PurrNet.ModulesCollection:TriggerOnUpdate () (at C:/Users/aj/Desktop/GameDev/PlunderSpell-lair/Assets/PurrNet/Runtime/Managers/ModulesCollection.cs:126)
PurrNet.NetworkManager:Update () (at C:/Users/aj/Desktop/GameDev/PlunderSpell-lair/Assets/PurrNet/Runtime/Managers/NetworkManager.cs:1132)

(Filename: C:/build/output/unity/unity/Runtime/Export/Debug/Debug.bindings.cs Line: 123)

[Raid] Host's castle arrived: seed 777, BronzeAge (phase Raiding).
UnityEngine.Debug:ExtractStackTraceNoAlloc (byte*,int,string)
UnityEngine.StackTraceUtility:ExtractStackTrace () (at C:/build/output/unity/unity/Runtime/Export/Scripting/StackTrace.cs:35)
UnityEngine.DebugLogHandler:Internal_Log (UnityEngine.LogType,UnityEngine.LogOption,string,UnityEngine.Object)
UnityEngine.DebugLogHandler:LogFormat (UnityEngine.LogType,UnityEngine.Object,string,object[]) (at C:/build/output/unity/unity/Runtime/Export/Logging/DebugLogHandler.cs:9)
UnityEngine.Logger:Log (UnityEngine.LogType,object) (at C:/build/output/unity/unity/Runtime/Export/Logging/Logger.cs:60)
UnityEngine.Debug:Log (object) (at C:/build/output/unity/unity/Runtime/Export/Debug/Debug.bindings.cs:123)
Plunderspell.Raid.RaidDirector:OnLayoutReplicated (long) (at C:/Users/aj/Desktop/GameDev/PlunderSpell-lair/Assets/_Project/Scripts/Runtime/Raid/RaidDirector.cs:592)
PurrNet.SyncVar`1<long>:OnReceivedValue (PurrNet.Packing.PackedULong,PurrNet.Packing.BitPacker) (at C:/Users/aj/Desktop/GameDev/PlunderSpell-lair/Assets/PurrNet/Runtime/Components/NetworkModule/SyncVar.cs:301)
PurrNet.SyncVar`1<long>:SendToAllReliably_Original_6 (PurrNet.Packing.PackedULong,PurrNet.Packing.BitPacker) (at C:/Users/aj/Desktop/GameDev/PlunderSpell-lair/Assets/PurrNet/Runtime/Components/NetworkModule/SyncVar.cs:270)
PurrNet.SyncVar`1<long>:HandleRPCGenerated_6 (PurrNet.Packing.BitPacker,PurrNet.ChildRPCPacket,PurrNet.RPCInfo,bool) (at C:/Users/aj/Desktop/GameDev/PlunderSpell-lair/Assets/PurrNet/Runtime/Components/NetworkModule/SyncVar.cs:267)
PurrNet.SyncVar`1<long>:OnReceivedRpc (int,PurrNet.Packing.BitPacker,PurrNet.ChildRPCPacket,PurrNet.RPCInfo,bool)
PurrNet.Modules.RPCModule:ReceiveChildRPC (PurrNet.PlayerID,PurrNet.ChildRPCPacket,bool) (at C:/Users/aj/Desktop/GameDev/PlunderSpell-lair/Assets/PurrNet/Runtime/CoreModules/RPCs/RPCModule.cs:755)
PurrNet.PlayerBroadcastCallback`1<PurrNet.ChildRPCPacket>:TriggerCallback (PurrNet.PlayerID,object,bool) (at C:/Users/aj/Desktop/GameDev/PlunderSpell-lair/Assets/PurrNet/Runtime/CoreModules/Players/PlayersBroadcaster.cs:34)
PurrNet.PlayersBroadcaster:OnRawDataReceived (PurrNet.Transports.Connection,uint,object) (at C:/Users/aj/Desktop/GameDev/PlunderSpell-lair/Assets/PurrNet/Runtime/CoreModules/Players/PlayersBroadcaster.cs:70)
PurrNet.Modules.BroadcastModule:TriggerCallback (PurrNet.Transports.Connection,uint,object) (at C:/Users/aj/Desktop/GameDev/PlunderSpell-lair/Assets/PurrNet/Runtime/CoreModules/Broadcast/BroadcastModule.cs:264)
PurrNet.Modules.BroadcastModule:OnDataReceived (PurrNet.Transports.Connection,PurrNet.Transports.ByteData,bool) (at C:/Users/aj/Desktop/GameDev/PlunderSpell-lair/Assets/PurrNet/Runtime/CoreModules/Broadcast/BroadcastModule.cs:214)
PurrNet.ModulesCollection:OnDataReceived (PurrNet.Transports.Connection,PurrNet.Transports.ByteData,bool) (at C:/Users/aj/Desktop/GameDev/PlunderSpell-lair/Assets/PurrNet/Runtime/Managers/ModulesCollection.cs:120)
PurrNet.NetworkManager:OnDataReceived (PurrNet.Transports.Connection,PurrNet.Transports.ByteData,bool) (at C:/Users/aj/Desktop/GameDev/PlunderSpell-lair/Assets/PurrNet/Runtime/Managers/NetworkManager.cs:1452)
PurrNet.Transports.UDPTransport:OnClientData (LiteNetLib.NetPeer,LiteNetLib.NetPacketReader,byte,LiteNetLib.DeliveryMethod) (at C:/Users/aj/Desktop/GameDev/PlunderSpell-lair/Assets/PurrNet/Runtime/Transports/UDPTransport.cs:133)
LiteNetLib.EventBasedNetListener:LiteNetLib.INetEventListener.OnNetworkReceive (LiteNetLib.NetPeer,LiteNetLib.NetPacketReader,byte,LiteNetLib.DeliveryMethod) (at C:/Users/aj/Desktop/GameDev/PlunderSpell-lair/Assets/PurrNet/Externals/LiteNetLib/INetEventListener.cs:247)
LiteNetLib.NetManager:ProcessEvent (LiteNetLib.NetEvent) (at C:/Users/aj/Desktop/GameDev/PlunderSpell-lair/Assets/PurrNet/Externals/LiteNetLib/NetManager.cs:494)
LiteNetLib.NetManager:CreateReceiveEvent (LiteNetLib.NetPacket,LiteNetLib.DeliveryMethod,byte,int,LiteNetLib.NetPeer) (at C:/Users/aj/Desktop/GameDev/PlunderSpell-lair/Assets/PurrNet/Externals/LiteNetLib/NetManager.cs:1069)
LiteNetLib.NetPeer:AddReliablePacket (LiteNetLib.DeliveryMethod,LiteNetLib.NetPacket) (at C:/Users/aj/Desktop/GameDev/PlunderSpell-lair/Assets/PurrNet/Externals/LiteNetLib/NetPeer.cs:1053)
LiteNetLib.ReliableChannel:ProcessPacket (LiteNetLib.NetPacket) (at C:/Users/aj/Desktop/GameDev/PlunderSpell-lair/Assets/PurrNet/Externals/LiteNetLib/ReliableChannel.cs:304)
LiteNetLib.NetPeer:ProcessPacket (LiteNetLib.NetPacket) (at C:/Users/aj/Desktop/GameDev/PlunderSpell-lair/Assets/PurrNet/Externals/LiteNetLib/NetPeer.cs:1282)
LiteNetLib.NetPeer:ProcessPacket (LiteNetLib.NetPacket) (at C:/Users/aj/Desktop/GameDev/PlunderSpell-lair/Assets/PurrNet/Externals/LiteNetLib/NetPeer.cs:1236)
LiteNetLib.NetManager:DebugMessageReceived (LiteNetLib.NetPacket,System.Net.IPEndPoint) (at C:/Users/aj/Desktop/GameDev/PlunderSpell-lair/Assets/PurrNet/Externals/LiteNetLib/NetManager.cs:1040)
LiteNetLib.NetManager:OnMessageReceived (LiteNetLib.NetPacket,System.Net.IPEndPoint) (at C:/Users/aj/Desktop/GameDev/PlunderSpell-lair/Assets/PurrNet/Externals/LiteNetLib/NetManager.cs:837)
LiteNetLib.NetManager:ReceiveFrom (System.Net.Sockets.Socket,System.Net.EndPoint&) (at C:/Users/aj/Desktop/GameDev/PlunderSpell-lair/Assets/PurrNet/Externals/LiteNetLib/NetManager.Socket.cs:261)
LiteNetLib.NetManager:ManualReceive (System.Net.Sockets.Socket,System.Net.EndPoint,int) (at C:/Users/aj/Desktop/GameDev/PlunderSpell-lair/Assets/PurrNet/Externals/LiteNetLib/NetManager.Socket.cs:102)
LiteNetLib.NetManager:PollEvents (int) (at C:/Users/aj/Desktop/GameDev/PlunderSpell-lair/Assets/PurrNet/Externals/LiteNetLib/NetManager.cs:1476)
PurrNet.Transports.UDPTransport:ReceiveMessages (single) (at C:/Users/aj/Desktop/GameDev/PlunderSpell-lair/Assets/PurrNet/Runtime/Transports/UDPTransport.cs:206)
PurrNet.NetworkManager:OnTick () (at C:/Users/aj/Desktop/GameDev/PlunderSpell-lair/Assets/PurrNet/Runtime/Managers/NetworkManager.cs:1162)
PurrNet.NetworkManager:OnClientTick () (at C:/Users/aj/Desktop/GameDev/PlunderSpell-lair/Assets/PurrNet/Runtime/Managers/NetworkManager.cs:1088)
PurrNet.Modules.TickManager:HandleTick () (at C:/Users/aj/Desktop/GameDev/PlunderSpell-lair/Assets/PurrNet/Runtime/CoreModules/Ticks/TickManager.cs:143)
PurrNet.Modules.TickManager:Update () (at C:/Users/aj/Desktop/GameDev/PlunderSpell-lair/Assets/PurrNet/Runtime/CoreModules/Ticks/TickManager.cs:107)
PurrNet.ModulesCollection:TriggerOnUpdate () (at C:/Users/aj/Desktop/GameDev/PlunderSpell-lair/Assets/PurrNet/Runtime/Managers/ModulesCollection.cs:126)
PurrNet.NetworkManager:Update () (at C:/Users/aj/Desktop/GameDev/PlunderSpell-lair/Assets/PurrNet/Runtime/Managers/NetworkManager.cs:1132)

(Filename: C:/build/output/unity/unity/Runtime/Export/Debug/Debug.bindings.cs Line: 123)

[Raid] BronzeAge content: rooms CastleRoomRegistry_BronzeAge, loot RaidLootTable_BronzeAge, enemies EnemyRoster_BronzeAge.
UnityEngine.Debug:ExtractStackTraceNoAlloc (byte*,int,string)
UnityEngine.StackTraceUtility:ExtractStackTrace () (at C:/build/output/unity/unity/Runtime/Export/Scripting/StackTrace.cs:35)
UnityEngine.DebugLogHandler:Internal_Log (UnityEngine.LogType,UnityEngine.LogOption,string,UnityEngine.Object)
UnityEngine.DebugLogHandler:LogFormat (UnityEngine.LogType,UnityEngine.Object,string,object[]) (at C:/build/output/unity/unity/Runtime/Export/Logging/DebugLogHandler.cs:9)
UnityEngine.Logger:Log (UnityEngine.LogType,object) (at C:/build/output/unity/unity/Runtime/Export/Logging/Logger.cs:60)
UnityEngine.Debug:Log (object) (at C:/build/output/unity/unity/Runtime/Export/Debug/Debug.bindings.cs:123)
Plunderspell.Raid.RaidDirector:ApplyEraContent (Plunderspell.Inventory.HistoricalEra) (at C:/Users/aj/Desktop/GameDev/PlunderSpell-lair/Assets/_Project/Scripts/Runtime/Raid/RaidDirector.cs:405)
Plunderspell.Raid.RaidDirector:BuildCastle (int) (at C:/Users/aj/Desktop/GameDev/PlunderSpell-lair/Assets/_Project/Scripts/Runtime/Raid/RaidDirector.cs:245)
Plunderspell.Raid.RaidDirector:OnLayoutReplicated (long) (at C:/Users/aj/Desktop/GameDev/PlunderSpell-lair/Assets/_Project/Scripts/Runtime/Raid/RaidDirector.cs:594)
PurrNet.SyncVar`1<long>:OnReceivedValue (PurrNet.Packing.PackedULong,PurrNet.Packing.BitPacker) (at C:/Users/aj/Desktop/GameDev/PlunderSpell-lair/Assets/PurrNet/Runtime/Components/NetworkModule/SyncVar.cs:301)
PurrNet.SyncVar`1<long>:SendToAllReliably_Original_6 (PurrNet.Packing.PackedULong,PurrNet.Packing.BitPacker) (at C:/Users/aj/Desktop/GameDev/PlunderSpell-lair/Assets/PurrNet/Runtime/Components/NetworkModule/SyncVar.cs:270)
PurrNet.SyncVar`1<long>:HandleRPCGenerated_6 (PurrNet.Packing.BitPacker,PurrNet.ChildRPCPacket,PurrNet.RPCInfo,bool) (at C:/Users/aj/Desktop/GameDev/PlunderSpell-lair/Assets/PurrNet/Runtime/Components/NetworkModule/SyncVar.cs:267)
PurrNet.SyncVar`1<long>:OnReceivedRpc (int,PurrNet.Packing.BitPacker,PurrNet.ChildRPCPacket,PurrNet.RPCInfo,bool)
PurrNet.Modules.RPCModule:ReceiveChildRPC (PurrNet.PlayerID,PurrNet.ChildRPCPacket,bool) (at C:/Users/aj/Desktop/GameDev/PlunderSpell-lair/Assets/PurrNet/Runtime/CoreModules/RPCs/RPCModule.cs:755)
PurrNet.PlayerBroadcastCallback`1<PurrNet.ChildRPCPacket>:TriggerCallback (PurrNet.PlayerID,object,bool) (at C:/Users/aj/Desktop/GameDev/PlunderSpell-lair/Assets/PurrNet/Runtime/CoreModules/Players/PlayersBroadcaster.cs:34)
PurrNet.PlayersBroadcaster:OnRawDataReceived (PurrNet.Transports.Connection,uint,object) (at C:/Users/aj/Desktop/GameDev/PlunderSpell-lair/Assets/PurrNet/Runtime/CoreModules/Players/PlayersBroadcaster.cs:70)
PurrNet.Modules.BroadcastModule:TriggerCallback (PurrNet.Transports.Connection,uint,object) (at C:/Users/aj/Desktop/GameDev/PlunderSpell-lair/Assets/PurrNet/Runtime/CoreModules/Broadcast/BroadcastModule.cs:264)
PurrNet.Modules.BroadcastModule:OnDataReceived (PurrNet.Transports.Connection,PurrNet.Transports.ByteData,bool) (at C:/Users/aj/Desktop/GameDev/PlunderSpell-lair/Assets/PurrNet/Runtime/CoreModules/Broadcast/BroadcastModule.cs:214)
PurrNet.ModulesCollection:OnDataReceived (PurrNet.Transports.Connection,PurrNet.Transports.ByteData,bool) (at C:/Users/aj/Desktop/GameDev/PlunderSpell-lair/Assets/PurrNet/Runtime/Managers/ModulesCollection.cs:120)
PurrNet.NetworkManager:OnDataReceived (PurrNet.Transports.Connection,PurrNet.Transports.ByteData,bool) (at C:/Users/aj/Desktop/GameDev/PlunderSpell-lair/Assets/PurrNet/Runtime/Managers/NetworkManager.cs:1452)
PurrNet.Transports.UDPTransport:OnClientData (LiteNetLib.NetPeer,LiteNetLib.NetPacketReader,byte,LiteNetLib.DeliveryMethod) (at C:/Users/aj/Desktop/GameDev/PlunderSpell-lair/Assets/PurrNet/Runtime/Transports/UDPTransport.cs:133)
LiteNetLib.EventBasedNetListener:LiteNetLib.INetEventListener.OnNetworkReceive (LiteNetLib.NetPeer,LiteNetLib.NetPacketReader,byte,LiteNetLib.DeliveryMethod) (at C:/Users/aj/Desktop/GameDev/PlunderSpell-lair/Assets/PurrNet/Externals/LiteNetLib/INetEventListener.cs:247)
LiteNetLib.NetManager:ProcessEvent (LiteNetLib.NetEvent) (at C:/Users/aj/Desktop/GameDev/PlunderSpell-lair/Assets/PurrNet/Externals/LiteNetLib/NetManager.cs:494)
LiteNetLib.NetManager:CreateReceiveEvent (LiteNetLib.NetPacket,LiteNetLib.DeliveryMethod,byte,int,LiteNetLib.NetPeer) (at C:/Users/aj/Desktop/GameDev/PlunderSpell-lair/Assets/PurrNet/Externals/LiteNetLib/NetManager.cs:1069)
LiteNetLib.NetPeer:AddReliablePacket (LiteNetLib.DeliveryMethod,LiteNetLib.NetPacket) (at C:/Users/aj/Desktop/GameDev/PlunderSpell-lair/Assets/PurrNet/Externals/LiteNetLib/NetPeer.cs:1053)
LiteNetLib.ReliableChannel:ProcessPacket (LiteNetLib.NetPacket) (at C:/Users/aj/Desktop/GameDev/PlunderSpell-lair/Assets/PurrNet/Externals/LiteNetLib/ReliableChannel.cs:304)
LiteNetLib.NetPeer:ProcessPacket (LiteNetLib.NetPacket) (at C:/Users/aj/Desktop/GameDev/PlunderSpell-lair/Assets/PurrNet/Externals/LiteNetLib/NetPeer.cs:1282)
LiteNetLib.NetPeer:ProcessPacket (LiteNetLib.NetPacket) (at C:/Users/aj/Desktop/GameDev/PlunderSpell-lair/Assets/PurrNet/Externals/LiteNetLib/NetPeer.cs:1236)
LiteNetLib.NetManager:DebugMessageReceived (LiteNetLib.NetPacket,System.Net.IPEndPoint) (at C:/Users/aj/Desktop/GameDev/PlunderSpell-lair/Assets/PurrNet/Externals/LiteNetLib/NetManager.cs:1040)
LiteNetLib.NetManager:OnMessageReceived (LiteNetLib.NetPacket,System.Net.IPEndPoint) (at C:/Users/aj/Desktop/GameDev/PlunderSpell-lair/Assets/PurrNet/Externals/LiteNetLib/NetManager.cs:837)
LiteNetLib.NetManager:ReceiveFrom (System.Net.Sockets.Socket,System.Net.EndPoint&) (at C:/Users/aj/Desktop/GameDev/PlunderSpell-lair/Assets/PurrNet/Externals/LiteNetLib/NetManager.Socket.cs:261)
LiteNetLib.NetManager:ManualReceive (System.Net.Sockets.Socket,System.Net.EndPoint,int) (at C:/Users/aj/Desktop/GameDev/PlunderSpell-lair/Assets/PurrNet/Externals/LiteNetLib/NetManager.Socket.cs:102)
LiteNetLib.NetManager:PollEvents (int) (at C:/Users/aj/Desktop/GameDev/PlunderSpell-lair/Assets/PurrNet/Externals/LiteNetLib/NetManager.cs:1476)
PurrNet.Transports.UDPTransport:ReceiveMessages (single) (at C:/Users/aj/Desktop/GameDev/PlunderSpell-lair/Assets/PurrNet/Runtime/Transports/UDPTransport.cs:206)
PurrNet.NetworkManager:OnTick () (at C:/Users/aj/Desktop/GameDev/PlunderSpell-lair/Assets/PurrNet/Runtime/Managers/NetworkManager.cs:1162)
PurrNet.NetworkManager:OnClientTick () (at C:/Users/aj/Desktop/GameDev/PlunderSpell-lair/Assets/PurrNet/Runtime/Managers/NetworkManager.cs:1088)
PurrNet.Modules.TickManager:HandleTick () (at C:/Users/aj/Desktop/GameDev/PlunderSpell-lair/Assets/PurrNet/Runtime/CoreModules/Ticks/TickManager.cs:143)
PurrNet.Modules.TickManager:Update () (at C:/Users/aj/Desktop/GameDev/PlunderSpell-lair/Assets/PurrNet/Runtime/CoreModules/Ticks/TickManager.cs:107)
PurrNet.ModulesCollection:TriggerOnUpdate () (at C:/Users/aj/Desktop/GameDev/PlunderSpell-lair/Assets/PurrNet/Runtime/Managers/ModulesCollection.cs:126)
PurrNet.NetworkManager:Update () (at C:/Users/aj/Desktop/GameDev/PlunderSpell-lair/Assets/PurrNet/Runtime/Managers/NetworkManager.cs:1132)

(Filename: C:/build/output/unity/unity/Runtime/Export/Debug/Debug.bindings.cs Line: 123)

[Raid] Building the castle from seed 777, BronzeAge (client).
UnityEngine.Debug:ExtractStackTraceNoAlloc (byte*,int,string)
UnityEngine.StackTraceUtility:ExtractStackTrace () (at C:/build/output/unity/unity/Runtime/Export/Scripting/StackTrace.cs:35)
UnityEngine.DebugLogHandler:Internal_Log (UnityEngine.LogType,UnityEngine.LogOption,string,UnityEngine.Object)
UnityEngine.DebugLogHandler:LogFormat (UnityEngine.LogType,UnityEngine.Object,string,object[]) (at C:/build/output/unity/unity/Runtime/Export/Logging/DebugLogHandler.cs:9)
UnityEngine.Logger:Log (UnityEngine.LogType,object) (at C:/build/output/unity/unity/Runtime/Export/Logging/Logger.cs:60)
UnityEngine.Debug:Log (object) (at C:/build/output/unity/unity/Runtime/Export/Debug/Debug.bindings.cs:123)
Plunderspell.Raid.RaidDirector:BuildCastle (int) (at C:/Users/aj/Desktop/GameDev/PlunderSpell-lair/Assets/_Project/Scripts/Runtime/Raid/RaidDirector.cs:247)
Plunderspell.Raid.RaidDirector:OnLayoutReplicated (long) (at C:/Users/aj/Desktop/GameDev/PlunderSpell-lair/Assets/_Project/Scripts/Runtime/Raid/RaidDirector.cs:594)
PurrNet.SyncVar`1<long>:OnReceivedValue (PurrNet.Packing.PackedULong,PurrNet.Packing.BitPacker) (at C:/Users/aj/Desktop/GameDev/PlunderSpell-lair/Assets/PurrNet/Runtime/Components/NetworkModule/SyncVar.cs:301)
PurrNet.SyncVar`1<long>:SendToAllReliably_Original_6 (PurrNet.Packing.PackedULong,PurrNet.Packing.BitPacker) (at C:/Users/aj/Desktop/GameDev/PlunderSpell-lair/Assets/PurrNet/Runtime/Components/NetworkModule/SyncVar.cs:270)
PurrNet.SyncVar`1<long>:HandleRPCGenerated_6 (PurrNet.Packing.BitPacker,PurrNet.ChildRPCPacket,PurrNet.RPCInfo,bool) (at C:/Users/aj/Desktop/GameDev/PlunderSpell-lair/Assets/PurrNet/Runtime/Components/NetworkModule/SyncVar.cs:267)
PurrNet.SyncVar`1<long>:OnReceivedRpc (int,PurrNet.Packing.BitPacker,PurrNet.ChildRPCPacket,PurrNet.RPCInfo,bool)
PurrNet.Modules.RPCModule:ReceiveChildRPC (PurrNet.PlayerID,PurrNet.ChildRPCPacket,bool) (at C:/Users/aj/Desktop/GameDev/PlunderSpell-lair/Assets/PurrNet/Runtime/CoreModules/RPCs/RPCModule.cs:755)
PurrNet.PlayerBroadcastCallback`1<PurrNet.ChildRPCPacket>:TriggerCallback (PurrNet.PlayerID,object,bool) (at C:/Users/aj/Desktop/GameDev/PlunderSpell-lair/Assets/PurrNet/Runtime/CoreModules/Players/PlayersBroadcaster.cs:34)
PurrNet.PlayersBroadcaster:OnRawDataReceived (PurrNet.Transports.Connection,uint,object) (at C:/Users/aj/Desktop/GameDev/PlunderSpell-lair/Assets/PurrNet/Runtime/CoreModules/Players/PlayersBroadcaster.cs:70)
PurrNet.Modules.BroadcastModule:TriggerCallback (PurrNet.Transports.Connection,uint,object) (at C:/Users/aj/Desktop/GameDev/PlunderSpell-lair/Assets/PurrNet/Runtime/CoreModules/Broadcast/BroadcastModule.cs:264)
PurrNet.Modules.BroadcastModule:OnDataReceived (PurrNet.Transports.Connection,PurrNet.Transports.ByteData,bool) (at C:/Users/aj/Desktop/GameDev/PlunderSpell-lair/Assets/PurrNet/Runtime/CoreModules/Broadcast/BroadcastModule.cs:214)
PurrNet.ModulesCollection:OnDataReceived (PurrNet.Transports.Connection,PurrNet.Transports.ByteData,bool) (at C:/Users/aj/Desktop/GameDev/PlunderSpell-lair/Assets/PurrNet/Runtime/Managers/ModulesCollection.cs:120)
PurrNet.NetworkManager:OnDataReceived (PurrNet.Transports.Connection,PurrNet.Transports.ByteData,bool) (at C:/Users/aj/Desktop/GameDev/PlunderSpell-lair/Assets/PurrNet/Runtime/Managers/NetworkManager.cs:1452)
PurrNet.Transports.UDPTransport:OnClientData (LiteNetLib.NetPeer,LiteNetLib.NetPacketReader,byte,LiteNetLib.DeliveryMethod) (at C:/Users/aj/Desktop/GameDev/PlunderSpell-lair/Assets/PurrNet/Runtime/Transports/UDPTransport.cs:133)
LiteNetLib.EventBasedNetListener:LiteNetLib.INetEventListener.OnNetworkReceive (LiteNetLib.NetPeer,LiteNetLib.NetPacketReader,byte,LiteNetLib.DeliveryMethod) (at C:/Users/aj/Desktop/GameDev/PlunderSpell-lair/Assets/PurrNet/Externals/LiteNetLib/INetEventListener.cs:247)
LiteNetLib.NetManager:ProcessEvent (LiteNetLib.NetEvent) (at C:/Users/aj/Desktop/GameDev/PlunderSpell-lair/Assets/PurrNet/Externals/LiteNetLib/NetManager.cs:494)
LiteNetLib.NetManager:CreateReceiveEvent (LiteNetLib.NetPacket,LiteNetLib.DeliveryMethod,byte,int,LiteNetLib.NetPeer) (at C:/Users/aj/Desktop/GameDev/PlunderSpell-lair/Assets/PurrNet/Externals/LiteNetLib/NetManager.cs:1069)
LiteNetLib.NetPeer:AddReliablePacket (LiteNetLib.DeliveryMethod,LiteNetLib.NetPacket) (at C:/Users/aj/Desktop/GameDev/PlunderSpell-lair/Assets/PurrNet/Externals/LiteNetLib/NetPeer.cs:1053)
LiteNetLib.ReliableChannel:ProcessPacket (LiteNetLib.NetPacket) (at C:/Users/aj/Desktop/GameDev/PlunderSpell-lair/Assets/PurrNet/Externals/LiteNetLib/ReliableChannel.cs:304)
LiteNetLib.NetPeer:ProcessPacket (LiteNetLib.NetPacket) (at C:/Users/aj/Desktop/GameDev/PlunderSpell-lair/Assets/PurrNet/Externals/LiteNetLib/NetPeer.cs:1282)
LiteNetLib.NetPeer:ProcessPacket (LiteNetLib.NetPacket) (at C:/Users/aj/Desktop/GameDev/PlunderSpell-lair/Assets/PurrNet/Externals/LiteNetLib/NetPeer.cs:1236)
LiteNetLib.NetManager:DebugMessageReceived (LiteNetLib.NetPacket,System.Net.IPEndPoint) (at C:/Users/aj/Desktop/GameDev/PlunderSpell-lair/Assets/PurrNet/Externals/LiteNetLib/NetManager.cs:1040)
LiteNetLib.NetManager:OnMessageReceived (LiteNetLib.NetPacket,System.Net.IPEndPoint) (at C:/Users/aj/Desktop/GameDev/PlunderSpell-lair/Assets/PurrNet/Externals/LiteNetLib/NetManager.cs:837)
LiteNetLib.NetManager:ReceiveFrom (System.Net.Sockets.Socket,System.Net.EndPoint&) (at C:/Users/aj/Desktop/GameDev/PlunderSpell-lair/Assets/PurrNet/Externals/LiteNetLib/NetManager.Socket.cs:261)
LiteNetLib.NetManager:ManualReceive (System.Net.Sockets.Socket,System.Net.EndPoint,int) (at C:/Users/aj/Desktop/GameDev/PlunderSpell-lair/Assets/PurrNet/Externals/LiteNetLib/NetManager.Socket.cs:102)
LiteNetLib.NetManager:PollEvents (int) (at C:/Users/aj/Desktop/GameDev/PlunderSpell-lair/Assets/PurrNet/Externals/LiteNetLib/NetManager.cs:1476)
PurrNet.Transports.UDPTransport:ReceiveMessages (single) (at C:/Users/aj/Desktop/GameDev/PlunderSpell-lair/Assets/PurrNet/Runtime/Transports/UDPTransport.cs:206)
PurrNet.NetworkManager:OnTick () (at C:/Users/aj/Desktop/GameDev/PlunderSpell-lair/Assets/PurrNet/Runtime/Managers/NetworkManager.cs:1162)
PurrNet.NetworkManager:OnClientTick () (at C:/Users/aj/Desktop/GameDev/PlunderSpell-lair/Assets/PurrNet/Runtime/Managers/NetworkManager.cs:1088)
PurrNet.Modules.TickManager:HandleTick () (at C:/Users/aj/Desktop/GameDev/PlunderSpell-lair/Assets/PurrNet/Runtime/CoreModules/Ticks/TickManager.cs:143)
PurrNet.Modules.TickManager:Update () (at C:/Users/aj/Desktop/GameDev/PlunderSpell-lair/Assets/PurrNet/Runtime/CoreModules/Ticks/TickManager.cs:107)
PurrNet.ModulesCollection:TriggerOnUpdate () (at C:/Users/aj/Desktop/GameDev/PlunderSpell-lair/Assets/PurrNet/Runtime/Managers/ModulesCollection.cs:126)
PurrNet.NetworkManager:Update () (at C:/Users/aj/Desktop/GameDev/PlunderSpell-lair/Assets/PurrNet/Runtime/Managers/NetworkManager.cs:1132)

(Filename: C:/build/output/unity/unity/Runtime/Export/Debug/Debug.bindings.cs Line: 123)

[CastleNav] 19 dressing pieces took 217 cells out of the walk map.
UnityEngine.Debug:ExtractStackTraceNoAlloc (byte*,int,string)
UnityEngine.StackTraceUtility:ExtractStackTrace () (at C:/build/output/unity/unity/Runtime/Export/Scripting/StackTrace.cs:35)
UnityEngine.DebugLogHandler:Internal_Log (UnityEngine.LogType,UnityEngine.LogOption,string,UnityEngine.Object)
UnityEngine.DebugLogHandler:LogFormat (UnityEngine.LogType,UnityEngine.Object,string,object[]) (at C:/build/output/unity/unity/Runtime/Export/Logging/DebugLogHandler.cs:9)
UnityEngine.Logger:Log (UnityEngine.LogType,object) (at C:/build/output/unity/unity/Runtime/Export/Logging/Logger.cs:60)
UnityEngine.Debug:Log (object) (at C:/build/output/unity/unity/Runtime/Export/Debug/Debug.bindings.cs:123)
Plunderspell.Castle.CastleNavGraph:Build (Plunderspell.Castle.ProceduralCastleData,Plunderspell.Castle.CastleRoomRegistry,System.Collections.Generic.IReadOnlyList`1<UnityEngine.GameObject>) (at C:/Users/aj/Desktop/GameDev/PlunderSpell-lair/Assets/_Project/Scripts/Runtime/Castle/Navigation/CastleNavGraph.cs:60)
Plunderspell.Castle.ProceduralCastleGenerator:Generate (int) (at C:/Users/aj/Desktop/GameDev/PlunderSpell-lair/Assets/_Project/Scripts/Runtime/Castle/ProceduralCastleGenerator.cs:112)
Plunderspell.Raid.RaidDirector:GenerateWalkable (int&) (at C:/Users/aj/Desktop/GameDev/PlunderSpell-lair/Assets/_Project/Scripts/Runtime/Raid/RaidDirector.cs:647)
Plunderspell.Raid.RaidDirector:BuildCastle (int) (at C:/Users/aj/Desktop/GameDev/PlunderSpell-lair/Assets/_Project/Scripts/Runtime/Raid/RaidDirector.cs:252)
Plunderspell.Raid.RaidDirector:OnLayoutReplicated (long) (at C:/Users/aj/Desktop/GameDev/PlunderSpell-lair/Assets/_Project/Scripts/Runtime/Raid/RaidDirector.cs:594)
PurrNet.SyncVar`1<long>:OnReceivedValue (PurrNet.Packing.PackedULong,PurrNet.Packing.BitPacker) (at C:/Users/aj/Desktop/GameDev/PlunderSpell-lair/Assets/PurrNet/Runtime/Components/NetworkModule/SyncVar.cs:301)
PurrNet.SyncVar`1<long>:SendToAllReliably_Original_6 (PurrNet.Packing.PackedULong,PurrNet.Packing.BitPacker) (at C:/Users/aj/Desktop/GameDev/PlunderSpell-lair/Assets/PurrNet/Runtime/Components/NetworkModule/SyncVar.cs:270)
PurrNet.SyncVar`1<long>:HandleRPCGenerated_6 (PurrNet.Packing.BitPacker,PurrNet.ChildRPCPacket,PurrNet.RPCInfo,bool) (at C:/Users/aj/Desktop/GameDev/PlunderSpell-lair/Assets/PurrNet/Runtime/Components/NetworkModule/SyncVar.cs:267)
PurrNet.SyncVar`1<long>:OnReceivedRpc (int,PurrNet.Packing.BitPacker,PurrNet.ChildRPCPacket,PurrNet.RPCInfo,bool)
PurrNet.Modules.RPCModule:ReceiveChildRPC (PurrNet.PlayerID,PurrNet.ChildRPCPacket,bool) (at C:/Users/aj/Desktop/GameDev/PlunderSpell-lair/Assets/PurrNet/Runtime/CoreModules/RPCs/RPCModule.cs:755)
PurrNet.PlayerBroadcastCallback`1<PurrNet.ChildRPCPacket>:TriggerCallback (PurrNet.PlayerID,object,bool) (at C:/Users/aj/Desktop/GameDev/PlunderSpell-lair/Assets/PurrNet/Runtime/CoreModules/Players/PlayersBroadcaster.cs:34)
PurrNet.PlayersBroadcaster:OnRawDataReceived (PurrNet.Transports.Connection,uint,object) (at C:/Users/aj/Desktop/GameDev/PlunderSpell-lair/Assets/PurrNet/Runtime/CoreModules/Players/PlayersBroadcaster.cs:70)
PurrNet.Modules.BroadcastModule:TriggerCallback (PurrNet.Transports.Connection,uint,object) (at C:/Users/aj/Desktop/GameDev/PlunderSpell-lair/Assets/PurrNet/Runtime/CoreModules/Broadcast/BroadcastModule.cs:264)
PurrNet.Modules.BroadcastModule:OnDataReceived (PurrNet.Transports.Connection,PurrNet.Transports.ByteData,bool) (at C:/Users/aj/Desktop/GameDev/PlunderSpell-lair/Assets/PurrNet/Runtime/CoreModules/Broadcast/BroadcastModule.cs:214)
PurrNet.ModulesCollection:OnDataReceived (PurrNet.Transports.Connection,PurrNet.Transports.ByteData,bool) (at C:/Users/aj/Desktop/GameDev/PlunderSpell-lair/Assets/PurrNet/Runtime/Managers/ModulesCollection.cs:120)
PurrNet.NetworkManager:OnDataReceived (PurrNet.Transports.Connection,PurrNet.Transports.ByteData,bool) (at C:/Users/aj/Desktop/GameDev/PlunderSpell-lair/Assets/PurrNet/Runtime/Managers/NetworkManager.cs:1452)
PurrNet.Transports.UDPTransport:OnClientData (LiteNetLib.NetPeer,LiteNetLib.NetPacketReader,byte,LiteNetLib.DeliveryMethod) (at C:/Users/aj/Desktop/GameDev/PlunderSpell-lair/Assets/PurrNet/Runtime/Transports/UDPTransport.cs:133)
LiteNetLib.EventBasedNetListener:LiteNetLib.INetEventListener.OnNetworkReceive (LiteNetLib.NetPeer,LiteNetLib.NetPacketReader,byte,LiteNetLib.DeliveryMethod) (at C:/Users/aj/Desktop/GameDev/PlunderSpell-lair/Assets/PurrNet/Externals/LiteNetLib/INetEventListener.cs:247)
LiteNetLib.NetManager:ProcessEvent (LiteNetLib.NetEvent) (at C:/Users/aj/Desktop/GameDev/PlunderSpell-lair/Assets/PurrNet/Externals/LiteNetLib/NetManager.cs:494)
LiteNetLib.NetManager:CreateReceiveEvent (LiteNetLib.NetPacket,LiteNetLib.DeliveryMethod,byte,int,LiteNetLib.NetPeer) (at C:/Users/aj/Desktop/GameDev/PlunderSpell-lair/Assets/PurrNet/Externals/LiteNetLib/NetManager.cs:1069)
LiteNetLib.NetPeer:AddReliablePacket (LiteNetLib.DeliveryMethod,LiteNetLib.NetPacket) (at C:/Users/aj/Desktop/GameDev/PlunderSpell-lair/Assets/PurrNet/Externals/LiteNetLib/NetPeer.cs:1053)
LiteNetLib.ReliableChannel:ProcessPacket (LiteNetLib.NetPacket) (at C:/Users/aj/Desktop/GameDev/PlunderSpell-lair/Assets/PurrNet/Externals/LiteNetLib/ReliableChannel.cs:304)
LiteNetLib.NetPeer:ProcessPacket (LiteNetLib.NetPacket) (at C:/Users/aj/Desktop/GameDev/PlunderSpell-lair/Assets/PurrNet/Externals/LiteNetLib/NetPeer.cs:1282)
LiteNetLib.NetPeer:ProcessPacket (LiteNetLib.NetPacket) (at C:/Users/aj/Desktop/GameDev/PlunderSpell-lair/Assets/PurrNet/Externals/LiteNetLib/NetPeer.cs:1236)
LiteNetLib.NetManager:DebugMessageReceived (LiteNetLib.NetPacket,System.Net.IPEndPoint) (at C:/Users/aj/Desktop/GameDev/PlunderSpell-lair/Assets/PurrNet/Externals/LiteNetLib/NetManager.cs:1040)
LiteNetLib.NetManager:OnMessageReceived (LiteNetLib.NetPacket,System.Net.IPEndPoint) (at C:/Users/aj/Desktop/GameDev/PlunderSpell-lair/Assets/PurrNet/Externals/LiteNetLib/NetManager.cs:837)
LiteNetLib.NetManager:ReceiveFrom (System.Net.Sockets.Socket,System.Net.EndPoint&) (at C:/Users/aj/Desktop/GameDev/PlunderSpell-lair/Assets/PurrNet/Externals/LiteNetLib/NetManager.Socket.cs:261)
LiteNetLib.NetManager:ManualReceive (System.Net.Sockets.Socket,System.Net.EndPoint,int) (at C:/Users/aj/Desktop/GameDev/PlunderSpell-lair/Assets/PurrNet/Externals/LiteNetLib/NetManager.Socket.cs:102)
LiteNetLib.NetManager:PollEvents (int) (at C:/Users/aj/Desktop/GameDev/PlunderSpell-lair/Assets/PurrNet/Externals/LiteNetLib/NetManager.cs:1476)
PurrNet.Transports.UDPTransport:ReceiveMessages (single) (at C:/Users/aj/Desktop/GameDev/PlunderSpell-lair/Assets/PurrNet/Runtime/Transports/UDPTransport.cs:206)
PurrNet.NetworkManager:OnTick () (at C:/Users/aj/Desktop/GameDev/PlunderSpell-lair/Assets/PurrNet/Runtime/Managers/NetworkManager.cs:1162)
PurrNet.NetworkManager:OnClientTick () (at C:/Users/aj/Desktop/GameDev/PlunderSpell-lair/Assets/PurrNet/Runtime/Managers/NetworkManager.cs:1088)
PurrNet.Modules.TickManager:HandleTick () (at C:/Users/aj/Desktop/GameDev/PlunderSpell-lair/Assets/PurrNet/Runtime/CoreModules/Ticks/TickManager.cs:143)
PurrNet.Modules.TickManager:Update () (at C:/Users/aj/Desktop/GameDev/PlunderSpell-lair/Assets/PurrNet/Runtime/CoreModules/Ticks/TickManager.cs:107)
PurrNet.ModulesCollection:TriggerOnUpdate () (at C:/Users/aj/Desktop/GameDev/PlunderSpell-lair/Assets/PurrNet/Runtime/Managers/ModulesCollection.cs:126)
PurrNet.NetworkManager:Update () (at C:/Users/aj/Desktop/GameDev/PlunderSpell-lair/Assets/PurrNet/Runtime/Managers/NetworkManager.cs:1132)

(Filename: C:/build/output/unity/unity/Runtime/Export/Debug/Debug.bindings.cs Line: 123)

[Raid] Placed RaidPlayer(Clone) at (-12.00, 1.25, -8.50).
UnityEngine.Debug:ExtractStackTraceNoAlloc (byte*,int,string)
UnityEngine.StackTraceUtility:ExtractStackTrace () (at C:/build/output/unity/unity/Runtime/Export/Scripting/StackTrace.cs:35)
UnityEngine.DebugLogHandler:Internal_Log (UnityEngine.LogType,UnityEngine.LogOption,string,UnityEngine.Object)
UnityEngine.DebugLogHandler:LogFormat (UnityEngine.LogType,UnityEngine.Object,string,object[]) (at C:/build/output/unity/unity/Runtime/Export/Logging/DebugLogHandler.cs:9)
UnityEngine.Logger:Log (UnityEngine.LogType,object) (at C:/build/output/unity/unity/Runtime/Export/Logging/Logger.cs:60)
UnityEngine.Debug:Log (object) (at C:/build/output/unity/unity/Runtime/Export/Debug/Debug.bindings.cs:123)
Plunderspell.Raid.RaidDirector:PlacePlayerAtSpawn () (at C:/Users/aj/Desktop/GameDev/PlunderSpell-lair/Assets/_Project/Scripts/Runtime/Raid/RaidDirector.cs:495)
Plunderspell.Raid.RaidDirector:BuildCastle (int) (at C:/Users/aj/Desktop/GameDev/PlunderSpell-lair/Assets/_Project/Scripts/Runtime/Raid/RaidDirector.cs:281)
Plunderspell.Raid.RaidDirector:OnLayoutReplicated (long) (at C:/Users/aj/Desktop/GameDev/PlunderSpell-lair/Assets/_Project/Scripts/Runtime/Raid/RaidDirector.cs:594)
PurrNet.SyncVar`1<long>:OnReceivedValue (PurrNet.Packing.PackedULong,PurrNet.Packing.BitPacker) (at C:/Users/aj/Desktop/GameDev/PlunderSpell-lair/Assets/PurrNet/Runtime/Components/NetworkModule/SyncVar.cs:301)
PurrNet.SyncVar`1<long>:SendToAllReliably_Original_6 (PurrNet.Packing.PackedULong,PurrNet.Packing.BitPacker) (at C:/Users/aj/Desktop/GameDev/PlunderSpell-lair/Assets/PurrNet/Runtime/Components/NetworkModule/SyncVar.cs:270)
PurrNet.SyncVar`1<long>:HandleRPCGenerated_6 (PurrNet.Packing.BitPacker,PurrNet.ChildRPCPacket,PurrNet.RPCInfo,bool) (at C:/Users/aj/Desktop/GameDev/PlunderSpell-lair/Assets/PurrNet/Runtime/Components/NetworkModule/SyncVar.cs:267)
PurrNet.SyncVar`1<long>:OnReceivedRpc (int,PurrNet.Packing.BitPacker,PurrNet.ChildRPCPacket,PurrNet.RPCInfo,bool)
PurrNet.Modules.RPCModule:ReceiveChildRPC (PurrNet.PlayerID,PurrNet.ChildRPCPacket,bool) (at C:/Users/aj/Desktop/GameDev/PlunderSpell-lair/Assets/PurrNet/Runtime/CoreModules/RPCs/RPCModule.cs:755)
PurrNet.PlayerBroadcastCallback`1<PurrNet.ChildRPCPacket>:TriggerCallback (PurrNet.PlayerID,object,bool) (at C:/Users/aj/Desktop/GameDev/PlunderSpell-lair/Assets/PurrNet/Runtime/CoreModules/Players/PlayersBroadcaster.cs:34)
PurrNet.PlayersBroadcaster:OnRawDataReceived (PurrNet.Transports.Connection,uint,object) (at C:/Users/aj/Desktop/GameDev/PlunderSpell-lair/Assets/PurrNet/Runtime/CoreModules/Players/PlayersBroadcaster.cs:70)
PurrNet.Modules.BroadcastModule:TriggerCallback (PurrNet.Transports.Connection,uint,object) (at C:/Users/aj/Desktop/GameDev/PlunderSpell-lair/Assets/PurrNet/Runtime/CoreModules/Broadcast/BroadcastModule.cs:264)
PurrNet.Modules.BroadcastModule:OnDataReceived (PurrNet.Transports.Connection,PurrNet.Transports.ByteData,bool) (at C:/Users/aj/Desktop/GameDev/PlunderSpell-lair/Assets/PurrNet/Runtime/CoreModules/Broadcast/BroadcastModule.cs:214)
PurrNet.ModulesCollection:OnDataReceived (PurrNet.Transports.Connection,PurrNet.Transports.ByteData,bool) (at C:/Users/aj/Desktop/GameDev/PlunderSpell-lair/Assets/PurrNet/Runtime/Managers/ModulesCollection.cs:120)
PurrNet.NetworkManager:OnDataReceived (PurrNet.Transports.Connection,PurrNet.Transports.ByteData,bool) (at C:/Users/aj/Desktop/GameDev/PlunderSpell-lair/Assets/PurrNet/Runtime/Managers/NetworkManager.cs:1452)
PurrNet.Transports.UDPTransport:OnClientData (LiteNetLib.NetPeer,LiteNetLib.NetPacketReader,byte,LiteNetLib.DeliveryMethod) (at C:/Users/aj/Desktop/GameDev/PlunderSpell-lair/Assets/PurrNet/Runtime/Transports/UDPTransport.cs:133)
LiteNetLib.EventBasedNetListener:LiteNetLib.INetEventListener.OnNetworkReceive (LiteNetLib.NetPeer,LiteNetLib.NetPacketReader,byte,LiteNetLib.DeliveryMethod) (at C:/Users/aj/Desktop/GameDev/PlunderSpell-lair/Assets/PurrNet/Externals/LiteNetLib/INetEventListener.cs:247)
LiteNetLib.NetManager:ProcessEvent (LiteNetLib.NetEvent) (at C:/Users/aj/Desktop/GameDev/PlunderSpell-lair/Assets/PurrNet/Externals/LiteNetLib/NetManager.cs:494)
LiteNetLib.NetManager:CreateReceiveEvent (LiteNetLib.NetPacket,LiteNetLib.DeliveryMethod,byte,int,LiteNetLib.NetPeer) (at C:/Users/aj/Desktop/GameDev/PlunderSpell-lair/Assets/PurrNet/Externals/LiteNetLib/NetManager.cs:1069)
LiteNetLib.NetPeer:AddReliablePacket (LiteNetLib.DeliveryMethod,LiteNetLib.NetPacket) (at C:/Users/aj/Desktop/GameDev/PlunderSpell-lair/Assets/PurrNet/Externals/LiteNetLib/NetPeer.cs:1053)
LiteNetLib.ReliableChannel:ProcessPacket (LiteNetLib.NetPacket) (at C:/Users/aj/Desktop/GameDev/PlunderSpell-lair/Assets/PurrNet/Externals/LiteNetLib/ReliableChannel.cs:304)
LiteNetLib.NetPeer:ProcessPacket (LiteNetLib.NetPacket) (at C:/Users/aj/Desktop/GameDev/PlunderSpell-lair/Assets/PurrNet/Externals/LiteNetLib/NetPeer.cs:1282)
LiteNetLib.NetPeer:ProcessPacket (LiteNetLib.NetPacket) (at C:/Users/aj/Desktop/GameDev/PlunderSpell-lair/Assets/PurrNet/Externals/LiteNetLib/NetPeer.cs:1236)
LiteNetLib.NetManager:DebugMessageReceived (LiteNetLib.NetPacket,System.Net.IPEndPoint) (at C:/Users/aj/Desktop/GameDev/PlunderSpell-lair/Assets/PurrNet/Externals/LiteNetLib/NetManager.cs:1040)
LiteNetLib.NetManager:OnMessageReceived (LiteNetLib.NetPacket,System.Net.IPEndPoint) (at C:/Users/aj/Desktop/GameDev/PlunderSpell-lair/Assets/PurrNet/Externals/LiteNetLib/NetManager.cs:837)
LiteNetLib.NetManager:ReceiveFrom (System.Net.Sockets.Socket,System.Net.EndPoint&) (at C:/Users/aj/Desktop/GameDev/PlunderSpell-lair/Assets/PurrNet/Externals/LiteNetLib/NetManager.Socket.cs:261)
LiteNetLib.NetManager:ManualReceive (System.Net.Sockets.Socket,System.Net.EndPoint,int) (at C:/Users/aj/Desktop/GameDev/PlunderSpell-lair/Assets/PurrNet/Externals/LiteNetLib/NetManager.Socket.cs:102)
LiteNetLib.NetManager:PollEvents (int) (at C:/Users/aj/Desktop/GameDev/PlunderSpell-lair/Assets/PurrNet/Externals/LiteNetLib/NetManager.cs:1476)
PurrNet.Transports.UDPTransport:ReceiveMessages (single) (at C:/Users/aj/Desktop/GameDev/PlunderSpell-lair/Assets/PurrNet/Runtime/Transports/UDPTransport.cs:206)
PurrNet.NetworkManager:OnTick () (at C:/Users/aj/Desktop/GameDev/PlunderSpell-lair/Assets/PurrNet/Runtime/Managers/NetworkManager.cs:1162)
PurrNet.NetworkManager:OnClientTick () (at C:/Users/aj/Desktop/GameDev/PlunderSpell-lair/Assets/PurrNet/Runtime/Managers/NetworkManager.cs:1088)
PurrNet.Modules.TickManager:HandleTick () (at C:/Users/aj/Desktop/GameDev/PlunderSpell-lair/Assets/PurrNet/Runtime/CoreModules/Ticks/TickManager.cs:143)
PurrNet.Modules.TickManager:Update () (at C:/Users/aj/Desktop/GameDev/PlunderSpell-lair/Assets/PurrNet/Runtime/CoreModules/Ticks/TickManager.cs:107)
PurrNet.ModulesCollection:TriggerOnUpdate () (at C:/Users/aj/Desktop/GameDev/PlunderSpell-lair/Assets/PurrNet/Runtime/Managers/ModulesCollection.cs:126)
PurrNet.NetworkManager:Update () (at C:/Users/aj/Desktop/GameDev/PlunderSpell-lair/Assets/PurrNet/Runtime/Managers/NetworkManager.cs:1132)

(Filename: C:/build/output/unity/unity/Runtime/Export/Debug/Debug.bindings.cs Line: 123)

[GuardSpeech] DendraChampion(Clone) (bronze/champion) alert vo_bronze_base_alert_01 pitch x0.75 speed x1.04
UnityEngine.Debug:ExtractStackTraceNoAlloc (byte*,int,string)
UnityEngine.StackTraceUtility:ExtractStackTrace () (at C:/build/output/unity/unity/Runtime/Export/Scripting/StackTrace.cs:35)
UnityEngine.DebugLogHandler:Internal_Log (UnityEngine.LogType,UnityEngine.LogOption,string,UnityEngine.Object)
UnityEngine.DebugLogHandler:LogFormat (UnityEngine.LogType,UnityEngine.Object,string,object[]) (at C:/build/output/unity/unity/Runtime/Export/Logging/DebugLogHandler.cs:9)
UnityEngine.Logger:Log (UnityEngine.LogType,object) (at C:/build/output/unity/unity/Runtime/Export/Logging/Logger.cs:60)
UnityEngine.Debug:Log (object) (at C:/build/output/unity/unity/Runtime/Export/Debug/Debug.bindings.cs:123)
Plunderspell.Audio.GuardVoiceDirector:Speak (Plunderspell.Audio.GuardVoiceDirector/Record,Plunderspell.Audio.GuardLine,UnityEngine.Vector3,single) (at C:/Users/aj/Desktop/GameDev/PlunderSpell-lair/Assets/_Project/Scripts/Runtime/Audio/GuardVoiceDirector.cs:255)
Plunderspell.Audio.GuardVoiceDirector:Listen (Plunderspell.Guards.Guard,Plunderspell.Audio.GuardVoiceDirector/Record,UnityEngine.Vector3,bool,single) (at C:/Users/aj/Desktop/GameDev/PlunderSpell-lair/Assets/_Project/Scripts/Runtime/Audio/GuardVoiceDirector.cs:216)
Plunderspell.Audio.GuardVoiceDirector:Update () (at C:/Users/aj/Desktop/GameDev/PlunderSpell-lair/Assets/_Project/Scripts/Runtime/Audio/GuardVoiceDirector.cs:119)

(Filename: C:/build/output/unity/unity/Runtime/Export/Debug/Debug.bindings.cs Line: 123)

Pipeline: Runtime descriptor written to C:\Users\aj\Desktop\GameDev\PlunderSpell-lair\Build\DevTest\.unity-pipeline-runtime-port
[GuardSpeech] KeeperOfTheFlame(Clone) (bronze/keeper) alert vo_bronze_base_alert_03 pitch x1.17 speed x1.03
UnityEngine.Debug:ExtractStackTraceNoAlloc (byte*,int,string)
UnityEngine.StackTraceUtility:ExtractStackTrace () (at C:/build/output/unity/unity/Runtime/Export/Scripting/StackTrace.cs:35)
UnityEngine.DebugLogHandler:Internal_Log (UnityEngine.LogType,UnityEngine.LogOption,string,UnityEngine.Object)
UnityEngine.DebugLogHandler:LogFormat (UnityEngine.LogType,UnityEngine.Object,string,object[]) (at C:/build/output/unity/unity/Runtime/Export/Logging/DebugLogHandler.cs:9)
UnityEngine.Logger:Log (UnityEngine.LogType,object) (at C:/build/output/unity/unity/Runtime/Export/Logging/Logger.cs:60)
UnityEngine.Debug:Log (object) (at C:/build/output/unity/unity/Runtime/Export/Debug/Debug.bindings.cs:123)
Plunderspell.Audio.GuardVoiceDirector:Speak (Plunderspell.Audio.GuardVoiceDirector/Record,Plunderspell.Audio.GuardLine,UnityEngine.Vector3,single) (at C:/Users/aj/Desktop/GameDev/PlunderSpell-lair/Assets/_Project/Scripts/Runtime/Audio/GuardVoiceDirector.cs:255)
Plunderspell.Audio.GuardVoiceDirector:Listen (Plunderspell.Guards.Guard,Plunderspell.Audio.GuardVoiceDirector/Record,UnityEngine.Vector3,bool,single) (at C:/Users/aj/Desktop/GameDev/PlunderSpell-lair/Assets/_Project/Scripts/Runtime/Audio/GuardVoiceDirector.cs:216)
Plunderspell.Audio.GuardVoiceDirector:Update () (at C:/Users/aj/Desktop/GameDev/PlunderSpell-lair/Assets/_Project/Scripts/Runtime/Audio/GuardVoiceDirector.cs:119)

(Filename: C:/build/output/unity/unity/Runtime/Export/Debug/Debug.bindings.cs Line: 123)

[GuardSpeech] KeeperOfTheFlame(Clone) (bronze/keeper) alert vo_bronze_base_alert_01 pitch x0.80 speed x1.02
UnityEngine.Debug:ExtractStackTraceNoAlloc (byte*,int,string)
UnityEngine.StackTraceUtility:ExtractStackTrace () (at C:/build/output/unity/unity/Runtime/Export/Scripting/StackTrace.cs:35)
UnityEngine.DebugLogHandler:Internal_Log (UnityEngine.LogType,UnityEngine.LogOption,string,UnityEngine.Object)
UnityEngine.DebugLogHandler:LogFormat (UnityEngine.LogType,UnityEngine.Object,string,object[]) (at C:/build/output/unity/unity/Runtime/Export/Logging/DebugLogHandler.cs:9)
UnityEngine.Logger:Log (UnityEngine.LogType,object) (at C:/build/output/unity/unity/Runtime/Export/Logging/Logger.cs:60)
UnityEngine.Debug:Log (object) (at C:/build/output/unity/unity/Runtime/Export/Debug/Debug.bindings.cs:123)
Plunderspell.Audio.GuardVoiceDirector:Speak (Plunderspell.Audio.GuardVoiceDirector/Record,Plunderspell.Audio.GuardLine,UnityEngine.Vector3,single) (at C:/Users/aj/Desktop/GameDev/PlunderSpell-lair/Assets/_Project/Scripts/Runtime/Audio/GuardVoiceDirector.cs:255)
Plunderspell.Audio.GuardVoiceDirector:Listen (Plunderspell.Guards.Guard,Plunderspell.Audio.GuardVoiceDirector/Record,UnityEngine.Vector3,bool,single) (at C:/Users/aj/Desktop/GameDev/PlunderSpell-lair/Assets/_Project/Scripts/Runtime/Audio/GuardVoiceDirector.cs:216)
Plunderspell.Audio.GuardVoiceDirector:Update () (at C:/Users/aj/Desktop/GameDev/PlunderSpell-lair/Assets/_Project/Scripts/Runtime/Audio/GuardVoiceDirector.cs:119)

(Filename: C:/build/output/unity/unity/Runtime/Export/Debug/Debug.bindings.cs Line: 123)

[GuardSpeech] KeeperOfTheFlame(Clone) (bronze/keeper) alert vo_bronze_base_alert_01 pitch x0.82 speed x0.97
UnityEngine.Debug:ExtractStackTraceNoAlloc (byte*,int,string)
UnityEngine.StackTraceUtility:ExtractStackTrace () (at C:/build/output/unity/unity/Runtime/Export/Scripting/StackTrace.cs:35)
UnityEngine.DebugLogHandler:Internal_Log (UnityEngine.LogType,UnityEngine.LogOption,string,UnityEngine.Object)
UnityEngine.DebugLogHandler:LogFormat (UnityEngine.LogType,UnityEngine.Object,string,object[]) (at C:/build/output/unity/unity/Runtime/Export/Logging/DebugLogHandler.cs:9)
UnityEngine.Logger:Log (UnityEngine.LogType,object) (at C:/build/output/unity/unity/Runtime/Export/Logging/Logger.cs:60)
UnityEngine.Debug:Log (object) (at C:/build/output/unity/unity/Runtime/Export/Debug/Debug.bindings.cs:123)
Plunderspell.Audio.GuardVoiceDirector:Speak (Plunderspell.Audio.GuardVoiceDirector/Record,Plunderspell.Audio.GuardLine,UnityEngine.Vector3,single) (at C:/Users/aj/Desktop/GameDev/PlunderSpell-lair/Assets/_Project/Scripts/Runtime/Audio/GuardVoiceDirector.cs:255)
Plunderspell.Audio.GuardVoiceDirector:Listen (Plunderspell.Guards.Guard,Plunderspell.Audio.GuardVoiceDirector/Record,UnityEngine.Vector3,bool,single) (at C:/Users/aj/Desktop/GameDev/PlunderSpell-lair/Assets/_Project/Scripts/Runtime/Audio/GuardVoiceDirector.cs:216)
Plunderspell.Audio.GuardVoiceDirector:Update () (at C:/Users/aj/Desktop/GameDev/PlunderSpell-lair/Assets/_Project/Scripts/Runtime/Audio/GuardVoiceDirector.cs:119)

(Filename: C:/build/output/unity/unity/Runtime/Export/Debug/Debug.bindings.cs Line: 123)

[GuardSpeech] DendraChampion(Clone) (bronze/champion) lost vo_bronze_base_lost_01 pitch x0.75 speed x1.04
UnityEngine.Debug:ExtractStackTraceNoAlloc (byte*,int,string)
UnityEngine.StackTraceUtility:ExtractStackTrace () (at C:/build/output/unity/unity/Runtime/Export/Scripting/StackTrace.cs:35)
UnityEngine.DebugLogHandler:Internal_Log (UnityEngine.LogType,UnityEngine.LogOption,string,UnityEngine.Object)
UnityEngine.DebugLogHandler:LogFormat (UnityEngine.LogType,UnityEngine.Object,string,object[]) (at C:/build/output/unity/unity/Runtime/Export/Logging/DebugLogHandler.cs:9)
UnityEngine.Logger:Log (UnityEngine.LogType,object) (at C:/build/output/unity/unity/Runtime/Export/Logging/Logger.cs:60)
UnityEngine.Debug:Log (object) (at C:/build/output/unity/unity/Runtime/Export/Debug/Debug.bindings.cs:123)
Plunderspell.Audio.GuardVoiceDirector:Speak (Plunderspell.Audio.GuardVoiceDirector/Record,Plunderspell.Audio.GuardLine,UnityEngine.Vector3,single) (at C:/Users/aj/Desktop/GameDev/PlunderSpell-lair/Assets/_Project/Scripts/Runtime/Audio/GuardVoiceDirector.cs:255)
Plunderspell.Audio.GuardVoiceDirector:Listen (Plunderspell.Guards.Guard,Plunderspell.Audio.GuardVoiceDirector/Record,UnityEngine.Vector3,bool,single) (at C:/Users/aj/Desktop/GameDev/PlunderSpell-lair/Assets/_Project/Scripts/Runtime/Audio/GuardVoiceDirector.cs:216)
Plunderspell.Audio.GuardVoiceDirector:Update () (at C:/Users/aj/Desktop/GameDev/PlunderSpell-lair/Assets/_Project/Scripts/Runtime/Audio/GuardVoiceDirector.cs:119)

(Filename: C:/build/output/unity/unity/Runtime/Export/Debug/Debug.bindings.cs Line: 123)

[GuardSpeech] KeeperOfTheFlame(Clone) (bronze/keeper) lost vo_bronze_base_lost_02 pitch x0.80 speed x1.02
UnityEngine.Debug:ExtractStackTraceNoAlloc (byte*,int,string)
UnityEngine.StackTraceUtility:ExtractStackTrace () (at C:/build/output/unity/unity/Runtime/Export/Scripting/StackTrace.cs:35)
UnityEngine.DebugLogHandler:Internal_Log (UnityEngine.LogType,UnityEngine.LogOption,string,UnityEngine.Object)
UnityEngine.DebugLogHandler:LogFormat (UnityEngine.LogType,UnityEngine.Object,string,object[]) (at C:/build/output/unity/unity/Runtime/Export/Logging/DebugLogHandler.cs:9)
UnityEngine.Logger:Log (UnityEngine.LogType,object) (at C:/build/output/unity/unity/Runtime/Export/Logging/Logger.cs:60)
UnityEngine.Debug:Log (object) (at C:/build/output/unity/unity/Runtime/Export/Debug/Debug.bindings.cs:123)
Plunderspell.Audio.GuardVoiceDirector:Speak (Plunderspell.Audio.GuardVoiceDirector/Record,Plunderspell.Audio.GuardLine,UnityEngine.Vector3,single) (at C:/Users/aj/Desktop/GameDev/PlunderSpell-lair/Assets/_Project/Scripts/Runtime/Audio/GuardVoiceDirector.cs:255)
Plunderspell.Audio.GuardVoiceDirector:Listen (Plunderspell.Guards.Guard,Plunderspell.Audio.GuardVoiceDirector/Record,UnityEngine.Vector3,bool,single) (at C:/Users/aj/Desktop/GameDev/PlunderSpell-lair/Assets/_Project/Scripts/Runtime/Audio/GuardVoiceDirector.cs:216)
Plunderspell.Audio.GuardVoiceDirector:Update () (at C:/Users/aj/Desktop/GameDev/PlunderSpell-lair/Assets/_Project/Scripts/Runtime/Audio/GuardVoiceDirector.cs:119)

(Filename: C:/build/output/unity/unity/Runtime/Export/Debug/Debug.bindings.cs Line: 123)

[Raid] Host moved the raid to Extracting (seed 777).
UnityEngine.Debug:ExtractStackTraceNoAlloc (byte*,int,string)
UnityEngine.StackTraceUtility:ExtractStackTrace () (at C:/build/output/unity/unity/Runtime/Export/Scripting/StackTrace.cs:35)
UnityEngine.DebugLogHandler:Internal_Log (UnityEngine.LogType,UnityEngine.LogOption,string,UnityEngine.Object)
UnityEngine.DebugLogHandler:LogFormat (UnityEngine.LogType,UnityEngine.Object,string,object[]) (at C:/build/output/unity/unity/Runtime/Export/Logging/DebugLogHandler.cs:9)
UnityEngine.Logger:Log (UnityEngine.LogType,object) (at C:/build/output/unity/unity/Runtime/Export/Logging/Logger.cs:60)
UnityEngine.Debug:Log (object) (at C:/build/output/unity/unity/Runtime/Export/Debug/Debug.bindings.cs:123)
Plunderspell.Raid.RaidDirector:OnPhaseReplicated (Plunderspell.Raid.RaidPhase) (at C:/Users/aj/Desktop/GameDev/PlunderSpell-lair/Assets/_Project/Scripts/Runtime/Raid/RaidDirector.cs:617)
PurrNet.SyncVar`1<Plunderspell.Raid.RaidPhase>:OnReceivedValue (PurrNet.Packing.PackedULong,PurrNet.Packing.BitPacker) (at C:/Users/aj/Desktop/GameDev/PlunderSpell-lair/Assets/PurrNet/Runtime/Components/NetworkModule/SyncVar.cs:301)
PurrNet.SyncVar`1<Plunderspell.Raid.RaidPhase>:SendToAll_Original_5 (PurrNet.Packing.PackedULong,PurrNet.Packing.BitPacker) (at C:/Users/aj/Desktop/GameDev/PlunderSpell-lair/Assets/PurrNet/Runtime/Components/NetworkModule/SyncVar.cs:261)
PurrNet.SyncVar`1<Plunderspell.Raid.RaidPhase>:HandleRPCGenerated_5 (PurrNet.Packing.BitPacker,PurrNet.ChildRPCPacket,PurrNet.RPCInfo,bool) (at C:/Users/aj/Desktop/GameDev/PlunderSpell-lair/Assets/PurrNet/Runtime/Components/NetworkModule/SyncVar.cs:258)
PurrNet.SyncVar`1<Plunderspell.Raid.RaidPhase>:OnReceivedRpc (int,PurrNet.Packing.BitPacker,PurrNet.ChildRPCPacket,PurrNet.RPCInfo,bool)
PurrNet.Modules.RPCModule:ReceiveChildRPC (PurrNet.PlayerID,PurrNet.ChildRPCPacket,bool) (at C:/Users/aj/Desktop/GameDev/PlunderSpell-lair/Assets/PurrNet/Runtime/CoreModules/RPCs/RPCModule.cs:755)
PurrNet.PlayerBroadcastCallback`1<PurrNet.ChildRPCPacket>:TriggerCallback (PurrNet.PlayerID,object,bool) (at C:/Users/aj/Desktop/GameDev/PlunderSpell-lair/Assets/PurrNet/Runtime/CoreModules/Players/PlayersBroadcaster.cs:34)
PurrNet.PlayersBroadcaster:OnRawDataReceived (PurrNet.Transports.Connection,uint,object) (at C:/Users/aj/Desktop/GameDev/PlunderSpell-lair/Assets/PurrNet/Runtime/CoreModules/Players/PlayersBroadcaster.cs:70)
PurrNet.Modules.BroadcastModule:TriggerCallback (PurrNet.Transports.Connection,uint,object) (at C:/Users/aj/Desktop/GameDev/PlunderSpell-lair/Assets/PurrNet/Runtime/CoreModules/Broadcast/BroadcastModule.cs:264)
PurrNet.Modules.BroadcastModule:OnDataReceived (PurrNet.Transports.Connection,PurrNet.Transports.ByteData,bool) (at C:/Users/aj/Desktop/GameDev/PlunderSpell-lair/Assets/PurrNet/Runtime/CoreModules/Broadcast/BroadcastModule.cs:214)
PurrNet.ModulesCollection:OnDataReceived (PurrNet.Transports.Connection,PurrNet.Transports.ByteData,bool) (at C:/Users/aj/Desktop/GameDev/PlunderSpell-lair/Assets/PurrNet/Runtime/Managers/ModulesCollection.cs:120)
PurrNet.NetworkManager:OnDataReceived (PurrNet.Transports.Connection,PurrNet.Transports.ByteData,bool) (at C:/Users/aj/Desktop/GameDev/PlunderSpell-lair/Assets/PurrNet/Runtime/Managers/NetworkManager.cs:1452)
PurrNet.Transports.UDPTransport:OnClientData (LiteNetLib.NetPeer,LiteNetLib.NetPacketReader,byte,LiteNetLib.DeliveryMethod) (at C:/Users/aj/Desktop/GameDev/PlunderSpell-lair/Assets/PurrNet/Runtime/Transports/UDPTransport.cs:133)
LiteNetLib.EventBasedNetListener:LiteNetLib.INetEventListener.OnNetworkReceive (LiteNetLib.NetPeer,LiteNetLib.NetPacketReader,byte,LiteNetLib.DeliveryMethod) (at C:/Users/aj/Desktop/GameDev/PlunderSpell-lair/Assets/PurrNet/Externals/LiteNetLib/INetEventListener.cs:247)
LiteNetLib.NetManager:ProcessEvent (LiteNetLib.NetEvent) (at C:/Users/aj/Desktop/GameDev/PlunderSpell-lair/Assets/PurrNet/Externals/LiteNetLib/NetManager.cs:494)
LiteNetLib.NetManager:CreateReceiveEvent (LiteNetLib.NetPacket,LiteNetLib.DeliveryMethod,byte,int,LiteNetLib.NetPeer) (at C:/Users/aj/Desktop/GameDev/PlunderSpell-lair/Assets/PurrNet/Externals/LiteNetLib/NetManager.cs:1069)
LiteNetLib.NetPeer:ProcessPacket (LiteNetLib.NetPacket) (at C:/Users/aj/Desktop/GameDev/PlunderSpell-lair/Assets/PurrNet/Externals/LiteNetLib/NetPeer.cs:1290)
LiteNetLib.NetPeer:ProcessPacket (LiteNetLib.NetPacket) (at C:/Users/aj/Desktop/GameDev/PlunderSpell-lair/Assets/PurrNet/Externals/LiteNetLib/NetPeer.cs:1236)
LiteNetLib.NetManager:DebugMessageReceived (LiteNetLib.NetPacket,System.Net.IPEndPoint) (at C:/Users/aj/Desktop/GameDev/PlunderSpell-lair/Assets/PurrNet/Externals/LiteNetLib/NetManager.cs:1040)
LiteNetLib.NetManager:OnMessageReceived (LiteNetLib.NetPacket,System.Net.IPEndPoint) (at C:/Users/aj/Desktop/GameDev/PlunderSpell-lair/Assets/PurrNet/Externals/LiteNetLib/NetManager.cs:837)
LiteNetLib.NetManager:ReceiveFrom (System.Net.Sockets.Socket,System.Net.EndPoint&) (at C:/Users/aj/Desktop/GameDev/PlunderSpell-lair/Assets/PurrNet/Externals/LiteNetLib/NetManager.Socket.cs:261)
LiteNetLib.NetManager:ManualReceive (System.Net.Sockets.Socket,System.Net.EndPoint,int) (at C:/Users/aj/Desktop/GameDev/PlunderSpell-lair/Assets/PurrNet/Externals/LiteNetLib/NetManager.Socket.cs:102)
LiteNetLib.NetManager:PollEvents (int) (at C:/Users/aj/Desktop/GameDev/PlunderSpell-lair/Assets/PurrNet/Externals/LiteNetLib/NetManager.cs:1476)
PurrNet.Transports.UDPTransport:ReceiveMessages (single) (at C:/Users/aj/Desktop/GameDev/PlunderSpell-lair/Assets/PurrNet/Runtime/Transports/UDPTransport.cs:206)
PurrNet.NetworkManager:OnTick () (at C:/Users/aj/Desktop/GameDev/PlunderSpell-lair/Assets/PurrNet/Runtime/Managers/NetworkManager.cs:1162)
PurrNet.NetworkManager:OnClientTick () (at C:/Users/aj/Desktop/GameDev/PlunderSpell-lair/Assets/PurrNet/Runtime/Managers/NetworkManager.cs:1088)
PurrNet.Modules.TickManager:HandleTick () (at C:/Users/aj/Desktop/GameDev/PlunderSpell-lair/Assets/PurrNet/Runtime/CoreModules/Ticks/TickManager.cs:143)
PurrNet.Modules.TickManager:Update () (at C:/Users/aj/Desktop/GameDev/PlunderSpell-lair/Assets/PurrNet/Runtime/CoreModules/Ticks/TickManager.cs:107)
PurrNet.ModulesCollection:TriggerOnUpdate () (at C:/Users/aj/Desktop/GameDev/PlunderSpell-lair/Assets/PurrNet/Runtime/Managers/ModulesCollection.cs:126)
PurrNet.NetworkManager:Update () (at C:/Users/aj/Desktop/GameDev/PlunderSpell-lair/Assets/PurrNet/Runtime/Managers/NetworkManager.cs:1132)

(Filename: C:/build/output/unity/unity/Runtime/Export/Debug/Debug.bindings.cs Line: 123)

[Lair] Placed RaidPlayer(Clone) at (1005.20, 1.30, 0.50) (PlayerSpawns/Spawn2).
UnityEngine.Debug:ExtractStackTraceNoAlloc (byte*,int,string)
UnityEngine.StackTraceUtility:ExtractStackTrace () (at C:/build/output/unity/unity/Runtime/Export/Scripting/StackTrace.cs:35)
UnityEngine.DebugLogHandler:Internal_Log (UnityEngine.LogType,UnityEngine.LogOption,string,UnityEngine.Object)
UnityEngine.DebugLogHandler:LogFormat (UnityEngine.LogType,UnityEngine.Object,string,object[]) (at C:/build/output/unity/unity/Runtime/Export/Logging/DebugLogHandler.cs:9)
UnityEngine.Logger:Log (UnityEngine.LogType,object) (at C:/build/output/unity/unity/Runtime/Export/Logging/Logger.cs:60)
UnityEngine.Debug:Log (object) (at C:/build/output/unity/unity/Runtime/Export/Debug/Debug.bindings.cs:123)
Plunderspell.Raid.PlayerPlacement:StandAt (StateMachine.PlayerStateMachine,UnityEngine.Transform) (at C:/Users/aj/Desktop/GameDev/PlunderSpell-lair/Assets/_Project/Scripts/Runtime/Raid/PlayerPlacement.cs:24)
Plunderspell.Raid.LairRoomSpawner:PlaceLocalPlayer (StateMachine.PlayerStateMachine) (at C:/Users/aj/Desktop/GameDev/PlunderSpell-lair/Assets/_Project/Scripts/Runtime/Raid/LairRoomSpawner.cs:59)
Plunderspell.Raid.LairRoomSpawner:Update () (at C:/Users/aj/Desktop/GameDev/PlunderSpell-lair/Assets/_Project/Scripts/Runtime/Raid/LairRoomSpawner.cs:41)

(Filename: C:/build/output/unity/unity/Runtime/Export/Debug/Debug.bindings.cs Line: 123)

Reduced additional punctual light shadows resolution by 2 to make 18 shadow maps fit in the 4096x4096 shadow atlas. To avoid this, increase shadow atlas size, decrease big shadow resolutions, or reduce the number of shadow maps active in the same frame
UnityEngine.Debug:ExtractStackTraceNoAlloc (byte*,int,string)
UnityEngine.StackTraceUtility:ExtractStackTrace () (at C:/build/output/unity/unity/Runtime/Export/Scripting/StackTrace.cs:35)
UnityEngine.DebugLogHandler:Internal_Log (UnityEngine.LogType,UnityEngine.LogOption,string,UnityEngine.Object)
UnityEngine.DebugLogHandler:LogFormat (UnityEngine.LogType,UnityEngine.Object,string,object[]) (at C:/build/output/unity/unity/Runtime/Export/Logging/DebugLogHandler.cs:9)
UnityEngine.Logger:Log (UnityEngine.LogType,object) (at C:/build/output/unity/unity/Runtime/Export/Logging/Logger.cs:60)
UnityEngine.Debug:Log (object) (at C:/build/output/unity/unity/Runtime/Export/Debug/Debug.bindings.cs:123)
UnityEngine.Rendering.Universal.Internal.AdditionalLightsShadowCasterPass:Setup (UnityEngine.Rendering.Universal.UniversalRenderingData,UnityEngine.Rendering.Universal.UniversalCameraData,UnityEngine.Rendering.Universal.UniversalLightData,UnityEngine.Rendering.Universal.UniversalShadowData) (at ./Library/PackageCache/com.unity.render-pipelines.universal@40f8b5b9939e/Runtime/Passes/AdditionalLightsShadowCasterPass.cs:435)
UnityEngine.Rendering.Universal.UniversalRenderer:OnBeforeRendering (UnityEngine.Rendering.RenderGraphModule.RenderGraph) (at ./Library/PackageCache/com.unity.render-pipelines.universal@40f8b5b9939e/Runtime/UniversalRendererRenderGraph.cs:753)
UnityEngine.Rendering.Universal.UniversalRenderer:OnRecordRenderGraph (UnityEngine.Rendering.RenderGraphModule.RenderGraph,UnityEngine.Rendering.ScriptableRenderContext) (at ./Library/PackageCache/com.unity.render-pipelines.universal@40f8b5b9939e/Runtime/UniversalRendererRenderGraph.cs:647)
UnityEngine.Rendering.Universal.ScriptableRenderer:RecordRenderGraph (UnityEngine.Rendering.RenderGraphModule.RenderGraph,UnityEngine.Rendering.ScriptableRenderContext) (at ./Library/PackageCache/com.unity.render-pipelines.universal@40f8b5b9939e/Runtime/ScriptableRenderer.cs:1263)
UnityEngine.Rendering.Universal.UniversalRenderPipeline:RecordAndExecuteRenderGraph (UnityEngine.Rendering.RenderGraphModule.RenderGraph,UnityEngine.Rendering.ScriptableRenderContext,UnityEngine.Rendering.Universal.ScriptableRenderer,UnityEngine.Rendering.CommandBuffer,UnityEngine.Camera,UnityEngine.Rendering.RenderGraphModule.RenderTextureUVOriginStrategy) (at ./Library/PackageCache/com.unity.render-pipelines.universal@40f8b5b9939e/Runtime/UniversalRenderPipelineRenderGraph.cs:23)
UnityEngine.Rendering.Universal.UniversalRenderPipeline:RenderSingleCamera (UnityEngine.Rendering.ScriptableRenderContext,UnityEngine.Rendering.Universal.UniversalCameraData) (at ./Library/PackageCache/com.unity.render-pipelines.universal@40f8b5b9939e/Runtime/UniversalRenderPipeline.cs:902)
UnityEngine.Rendering.Universal.UniversalRenderPipeline:RenderCameraStack (UnityEngine.Rendering.ScriptableRenderContext,UnityEngine.Camera,bool) (at ./Library/PackageCache/com.unity.render-pipelines.universal@40f8b5b9939e/Runtime/UniversalRenderPipeline.cs:1124)
UnityEngine.Rendering.Universal.UniversalRenderPipeline:Render (UnityEngine.Rendering.ScriptableRenderContext,System.Collections.Generic.List`1<UnityEngine.Camera>) (at ./Library/PackageCache/com.unity.render-pipelines.universal@40f8b5b9939e/Runtime/UniversalRenderPipeline.cs:499)
UnityEngine.Rendering.RenderPipeline:InternalRender (UnityEngine.Rendering.ScriptableRenderContext,System.Collections.Generic.List`1<UnityEngine.Camera>) (at C:/build/output/unity/unity/Runtime/Export/RenderPipeline/RenderPipeline.cs:58)
UnityEngine.Rendering.RenderPipelineManager:DoRenderLoop_Internal (UnityEngine.Rendering.RenderPipelineAsset,intptr,UnityEngine.Object) (at C:/build/output/unity/unity/Runtime/Export/RenderPipeline/RenderPipelineManager.cs:159)

(Filename: C:/build/output/unity/unity/Runtime/Export/Debug/Debug.bindings.cs Line: 123)

[Raid] Host moved the raid to Resolved (seed 777).
UnityEngine.Debug:ExtractStackTraceNoAlloc (byte*,int,string)
UnityEngine.StackTraceUtility:ExtractStackTrace () (at C:/build/output/unity/unity/Runtime/Export/Scripting/StackTrace.cs:35)
UnityEngine.DebugLogHandler:Internal_Log (UnityEngine.LogType,UnityEngine.LogOption,string,UnityEngine.Object)
UnityEngine.DebugLogHandler:LogFormat (UnityEngine.LogType,UnityEngine.Object,string,object[]) (at C:/build/output/unity/unity/Runtime/Export/Logging/DebugLogHandler.cs:9)
UnityEngine.Logger:Log (UnityEngine.LogType,object) (at C:/build/output/unity/unity/Runtime/Export/Logging/Logger.cs:60)
UnityEngine.Debug:Log (object) (at C:/build/output/unity/unity/Runtime/Export/Debug/Debug.bindings.cs:123)
Plunderspell.Raid.RaidDirector:OnPhaseReplicated (Plunderspell.Raid.RaidPhase) (at C:/Users/aj/Desktop/GameDev/PlunderSpell-lair/Assets/_Project/Scripts/Runtime/Raid/RaidDirector.cs:617)
PurrNet.SyncVar`1<Plunderspell.Raid.RaidPhase>:OnReceivedValue (PurrNet.Packing.PackedULong,PurrNet.Packing.BitPacker) (at C:/Users/aj/Desktop/GameDev/PlunderSpell-lair/Assets/PurrNet/Runtime/Components/NetworkModule/SyncVar.cs:301)
PurrNet.SyncVar`1<Plunderspell.Raid.RaidPhase>:SendToAll_Original_5 (PurrNet.Packing.PackedULong,PurrNet.Packing.BitPacker) (at C:/Users/aj/Desktop/GameDev/PlunderSpell-lair/Assets/PurrNet/Runtime/Components/NetworkModule/SyncVar.cs:261)
PurrNet.SyncVar`1<Plunderspell.Raid.RaidPhase>:HandleRPCGenerated_5 (PurrNet.Packing.BitPacker,PurrNet.ChildRPCPacket,PurrNet.RPCInfo,bool) (at C:/Users/aj/Desktop/GameDev/PlunderSpell-lair/Assets/PurrNet/Runtime/Components/NetworkModule/SyncVar.cs:258)
PurrNet.SyncVar`1<Plunderspell.Raid.RaidPhase>:OnReceivedRpc (int,PurrNet.Packing.BitPacker,PurrNet.ChildRPCPacket,PurrNet.RPCInfo,bool)
PurrNet.Modules.RPCModule:ReceiveChildRPC (PurrNet.PlayerID,PurrNet.ChildRPCPacket,bool) (at C:/Users/aj/Desktop/GameDev/PlunderSpell-lair/Assets/PurrNet/Runtime/CoreModules/RPCs/RPCModule.cs:755)
PurrNet.PlayerBroadcastCallback`1<PurrNet.ChildRPCPacket>:TriggerCallback (PurrNet.PlayerID,object,bool) (at C:/Users/aj/Desktop/GameDev/PlunderSpell-lair/Assets/PurrNet/Runtime/CoreModules/Players/PlayersBroadcaster.cs:34)
PurrNet.PlayersBroadcaster:OnRawDataReceived (PurrNet.Transports.Connection,uint,object) (at C:/Users/aj/Desktop/GameDev/PlunderSpell-lair/Assets/PurrNet/Runtime/CoreModules/Players/PlayersBroadcaster.cs:70)
PurrNet.Modules.BroadcastModule:TriggerCallback (PurrNet.Transports.Connection,uint,object) (at C:/Users/aj/Desktop/GameDev/PlunderSpell-lair/Assets/PurrNet/Runtime/CoreModules/Broadcast/BroadcastModule.cs:264)
PurrNet.Modules.BroadcastModule:OnDataReceived (PurrNet.Transports.Connection,PurrNet.Transports.ByteData,bool) (at C:/Users/aj/Desktop/GameDev/PlunderSpell-lair/Assets/PurrNet/Runtime/CoreModules/Broadcast/BroadcastModule.cs:214)
PurrNet.ModulesCollection:OnDataReceived (PurrNet.Transports.Connection,PurrNet.Transports.ByteData,bool) (at C:/Users/aj/Desktop/GameDev/PlunderSpell-lair/Assets/PurrNet/Runtime/Managers/ModulesCollection.cs:120)
PurrNet.NetworkManager:OnDataReceived (PurrNet.Transports.Connection,PurrNet.Transports.ByteData,bool) (at C:/Users/aj/Desktop/GameDev/PlunderSpell-lair/Assets/PurrNet/Runtime/Managers/NetworkManager.cs:1452)
PurrNet.Transports.UDPTransport:OnClientData (LiteNetLib.NetPeer,LiteNetLib.NetPacketReader,byte,LiteNetLib.DeliveryMethod) (at C:/Users/aj/Desktop/GameDev/PlunderSpell-lair/Assets/PurrNet/Runtime/Transports/UDPTransport.cs:133)
LiteNetLib.EventBasedNetListener:LiteNetLib.INetEventListener.OnNetworkReceive (LiteNetLib.NetPeer,LiteNetLib.NetPacketReader,byte,LiteNetLib.DeliveryMethod) (at C:/Users/aj/Desktop/GameDev/PlunderSpell-lair/Assets/PurrNet/Externals/LiteNetLib/INetEventListener.cs:247)
LiteNetLib.NetManager:ProcessEvent (LiteNetLib.NetEvent) (at C:/Users/aj/Desktop/GameDev/PlunderSpell-lair/Assets/PurrNet/Externals/LiteNetLib/NetManager.cs:494)
LiteNetLib.NetManager:CreateReceiveEvent (LiteNetLib.NetPacket,LiteNetLib.DeliveryMethod,byte,int,LiteNetLib.NetPeer) (at C:/Users/aj/Desktop/GameDev/PlunderSpell-lair/Assets/PurrNet/Externals/LiteNetLib/NetManager.cs:1069)
LiteNetLib.NetPeer:ProcessPacket (LiteNetLib.NetPacket) (at C:/Users/aj/Desktop/GameDev/PlunderSpell-lair/Assets/PurrNet/Externals/LiteNetLib/NetPeer.cs:1290)
LiteNetLib.NetPeer:ProcessPacket (LiteNetLib.NetPacket) (at C:/Users/aj/Desktop/GameDev/PlunderSpell-lair/Assets/PurrNet/Externals/LiteNetLib/NetPeer.cs:1236)
LiteNetLib.NetManager:DebugMessageReceived (LiteNetLib.NetPacket,System.Net.IPEndPoint) (at C:/Users/aj/Desktop/GameDev/PlunderSpell-lair/Assets/PurrNet/Externals/LiteNetLib/NetManager.cs:1040)
LiteNetLib.NetManager:OnMessageReceived (LiteNetLib.NetPacket,System.Net.IPEndPoint) (at C:/Users/aj/Desktop/GameDev/PlunderSpell-lair/Assets/PurrNet/Externals/LiteNetLib/NetManager.cs:837)
LiteNetLib.NetManager:ReceiveFrom (System.Net.Sockets.Socket,System.Net.EndPoint&) (at C:/Users/aj/Desktop/GameDev/PlunderSpell-lair/Assets/PurrNet/Externals/LiteNetLib/NetManager.Socket.cs:261)
LiteNetLib.NetManager:ManualReceive (System.Net.Sockets.Socket,System.Net.EndPoint,int) (at C:/Users/aj/Desktop/GameDev/PlunderSpell-lair/Assets/PurrNet/Externals/LiteNetLib/NetManager.Socket.cs:102)
LiteNetLib.NetManager:PollEvents (int) (at C:/Users/aj/Desktop/GameDev/PlunderSpell-lair/Assets/PurrNet/Externals/LiteNetLib/NetManager.cs:1476)
PurrNet.Transports.UDPTransport:ReceiveMessages (single) (at C:/Users/aj/Desktop/GameDev/PlunderSpell-lair/Assets/PurrNet/Runtime/Transports/UDPTransport.cs:206)
PurrNet.NetworkManager:OnTick () (at C:/Users/aj/Desktop/GameDev/PlunderSpell-lair/Assets/PurrNet/Runtime/Managers/NetworkManager.cs:1162)
PurrNet.NetworkManager:OnClientTick () (at C:/Users/aj/Desktop/GameDev/PlunderSpell-lair/Assets/PurrNet/Runtime/Managers/NetworkManager.cs:1088)
PurrNet.Modules.TickManager:HandleTick () (at C:/Users/aj/Desktop/GameDev/PlunderSpell-lair/Assets/PurrNet/Runtime/CoreModules/Ticks/TickManager.cs:143)
PurrNet.Modules.TickManager:Update () (at C:/Users/aj/Desktop/GameDev/PlunderSpell-lair/Assets/PurrNet/Runtime/CoreModules/Ticks/TickManager.cs:107)
PurrNet.ModulesCollection:TriggerOnUpdate () (at C:/Users/aj/Desktop/GameDev/PlunderSpell-lair/Assets/PurrNet/Runtime/Managers/ModulesCollection.cs:126)
PurrNet.NetworkManager:Update () (at C:/Users/aj/Desktop/GameDev/PlunderSpell-lair/Assets/PurrNet/Runtime/Managers/NetworkManager.cs:1132)

(Filename: C:/build/output/unity/unity/Runtime/Export/Debug/Debug.bindings.cs Line: 123)

Pipeline: Runtime descriptor written to C:\Users\aj\Desktop\GameDev\PlunderSpell-lair\Build\DevTest\.unity-pipeline-runtime-port
Pipeline: Runtime descriptor written to C:\Users\aj\Desktop\GameDev\PlunderSpell-lair\Build\DevTest\.unity-pipeline-runtime-port
Pipeline: Runtime descriptor written to C:\Users\aj\Desktop\GameDev\PlunderSpell-lair\Build\DevTest\.unity-pipeline-runtime-port
Pipeline: Runtime descriptor written to C:\Users\aj\Desktop\GameDev\PlunderSpell-lair\Build\DevTest\.unity-pipeline-runtime-port
Pipeline: Runtime descriptor written to C:\Users\aj\Desktop\GameDev\PlunderSpell-lair\Build\DevTest\.unity-pipeline-runtime-port
[Lair] Placed RaidPlayer(Clone) at (1100.50, 1.30, 8.00) (PlayerSpawns/Spawn2).
UnityEngine.Debug:ExtractStackTraceNoAlloc (byte*,int,string)
UnityEngine.StackTraceUtility:ExtractStackTrace () (at C:/build/output/unity/unity/Runtime/Export/Scripting/StackTrace.cs:35)
UnityEngine.DebugLogHandler:Internal_Log (UnityEngine.LogType,UnityEngine.LogOption,string,UnityEngine.Object)
UnityEngine.DebugLogHandler:LogFormat (UnityEngine.LogType,UnityEngine.Object,string,object[]) (at C:/build/output/unity/unity/Runtime/Export/Logging/DebugLogHandler.cs:9)
UnityEngine.Logger:Log (UnityEngine.LogType,object) (at C:/build/output/unity/unity/Runtime/Export/Logging/Logger.cs:60)
UnityEngine.Debug:Log (object) (at C:/build/output/unity/unity/Runtime/Export/Debug/Debug.bindings.cs:123)
Plunderspell.Raid.PlayerPlacement:StandAt (StateMachine.PlayerStateMachine,UnityEngine.Transform) (at C:/Users/aj/Desktop/GameDev/PlunderSpell-lair/Assets/_Project/Scripts/Runtime/Raid/PlayerPlacement.cs:24)
Plunderspell.Raid.RoomTravel:Travel (StateMachine.PlayerStateMachine) (at C:/Users/aj/Desktop/GameDev/PlunderSpell-lair/Assets/_Project/Scripts/Runtime/Raid/RoomTravel.cs:52)
System.Reflection.RuntimeMethodInfo:Invoke (object,System.Reflection.BindingFlags,System.Reflection.Binder,object[],System.Globalization.CultureInfo)
System.Reflection.MethodBase:Invoke (object,object[])
PipelineEvaluation.PipelineEval_3750b44f:Execute ()
System.Reflection.RuntimeMethodInfo:Invoke (object,System.Reflection.BindingFlags,System.Reflection.Binder,object[],System.Globalization.CultureInfo)
System.Reflection.MethodBase:Invoke (object,object[])
Unity.Pipeline.Compilation.EvalCodeCompiler:ExecuteCompiledAssembly (System.Reflection.Assembly) (at ./Library/PackageCache/com.unity.pipeline@ab05e9cd7f74/Runtime/Compilation/EvalCodeCompiler.cs:190)
Unity.Pipeline.Compilation.EvalCodeCompiler:CompileAndExecuteOnMainThread (string,int,System.Diagnostics.Stopwatch) (at ./Library/PackageCache/com.unity.pipeline@ab05e9cd7f74/Runtime/Compilation/EvalCodeCompiler.cs:54)
Unity.Pipeline.Runtime.Commands.CodeEvalCommand:EvaluateSource (string,int,string) (at ./Library/PackageCache/com.unity.pipeline@ab05e9cd7f74/Runtime/Commands/CodeEvalCommand.cs:112)
Unity.Pipeline.Runtime.Commands.CodeEvalCommand:EvaluateCode (string,int) (at ./Library/PackageCache/com.unity.pipeline@ab05e9cd7f74/Runtime/Commands/CodeEvalCommand.cs:24)
System.Reflection.RuntimeMethodInfo:Invoke (object,System.Reflection.BindingFlags,System.Reflection.Binder,object[],System.Globalization.CultureInfo)
System.Reflection.MethodBase:Invoke (object,object[])
Unity.Pipeline.BasePipelineServer:ExecuteCommandDirect (Unity.Pipeline.Commands.CommandInfo,object[]) (at ./Library/PackageCache/com.unity.pipeline@ab05e9cd7f74/Runtime/Common/BasePipelineServer.cs:2634)
Unity.Pipeline.BasePipelineServer/<>c__DisplayClass134_0:<ExecuteCommand>b__1 () (at ./Library/PackageCache/com.unity.pipeline@ab05e9cd7f74/Runtime/Common/BasePipelineServer.cs:2508)
Unity.Pipeline.Threading.Dispatcher/WorkItem`1<object>:ExecuteCore () (at ./Library/PackageCache/com.unity.pipeline@ab05e9cd7f74/Runtime/Common/Dispatcher.cs:284)
Unity.Pipeline.Threading.Dispatcher/WorkItem:Execute () (at ./Library/PackageCache/com.unity.pipeline@ab05e9cd7f74/Runtime/Common/Dispatcher.cs:229)
Unity.Pipeline.Threading.Dispatcher:ProcessWorkQueue (int) (at ./Library/PackageCache/com.unity.pipeline@ab05e9cd7f74/Runtime/Common/Dispatcher.cs:195)
Unity.Pipeline.RuntimePipelineDriver:Update () (at ./Library/PackageCache/com.unity.pipeline@ab05e9cd7f74/Runtime/PlayerSupport/RuntimePipelineDriver.cs:251)

(Filename: C:/build/output/unity/unity/Runtime/Export/Debug/Debug.bindings.cs Line: 123)

Reduced additional punctual light shadows resolution by 2 to make 60 shadow maps fit in the 4096x4096 shadow atlas. To avoid this, increase shadow atlas size, decrease big shadow resolutions, or reduce the number of shadow maps active in the same frame
UnityEngine.Debug:ExtractStackTraceNoAlloc (byte*,int,string)
UnityEngine.StackTraceUtility:ExtractStackTrace () (at C:/build/output/unity/unity/Runtime/Export/Scripting/StackTrace.cs:35)
UnityEngine.DebugLogHandler:Internal_Log (UnityEngine.LogType,UnityEngine.LogOption,string,UnityEngine.Object)
UnityEngine.DebugLogHandler:LogFormat (UnityEngine.LogType,UnityEngine.Object,string,object[]) (at C:/build/output/unity/unity/Runtime/Export/Logging/DebugLogHandler.cs:9)
UnityEngine.Logger:Log (UnityEngine.LogType,object) (at C:/build/output/unity/unity/Runtime/Export/Logging/Logger.cs:60)
UnityEngine.Debug:Log (object) (at C:/build/output/unity/unity/Runtime/Export/Debug/Debug.bindings.cs:123)
UnityEngine.Rendering.Universal.Internal.AdditionalLightsShadowCasterPass:Setup (UnityEngine.Rendering.Universal.UniversalRenderingData,UnityEngine.Rendering.Universal.UniversalCameraData,UnityEngine.Rendering.Universal.UniversalLightData,UnityEngine.Rendering.Universal.UniversalShadowData) (at ./Library/PackageCache/com.unity.render-pipelines.universal@40f8b5b9939e/Runtime/Passes/AdditionalLightsShadowCasterPass.cs:435)
UnityEngine.Rendering.Universal.UniversalRenderer:OnBeforeRendering (UnityEngine.Rendering.RenderGraphModule.RenderGraph) (at ./Library/PackageCache/com.unity.render-pipelines.universal@40f8b5b9939e/Runtime/UniversalRendererRenderGraph.cs:753)
UnityEngine.Rendering.Universal.UniversalRenderer:OnRecordRenderGraph (UnityEngine.Rendering.RenderGraphModule.RenderGraph,UnityEngine.Rendering.ScriptableRenderContext) (at ./Library/PackageCache/com.unity.render-pipelines.universal@40f8b5b9939e/Runtime/UniversalRendererRenderGraph.cs:647)
UnityEngine.Rendering.Universal.ScriptableRenderer:RecordRenderGraph (UnityEngine.Rendering.RenderGraphModule.RenderGraph,UnityEngine.Rendering.ScriptableRenderContext) (at ./Library/PackageCache/com.unity.render-pipelines.universal@40f8b5b9939e/Runtime/ScriptableRenderer.cs:1263)
UnityEngine.Rendering.Universal.UniversalRenderPipeline:RecordAndExecuteRenderGraph (UnityEngine.Rendering.RenderGraphModule.RenderGraph,UnityEngine.Rendering.ScriptableRenderContext,UnityEngine.Rendering.Universal.ScriptableRenderer,UnityEngine.Rendering.CommandBuffer,UnityEngine.Camera,UnityEngine.Rendering.RenderGraphModule.RenderTextureUVOriginStrategy) (at ./Library/PackageCache/com.unity.render-pipelines.universal@40f8b5b9939e/Runtime/UniversalRenderPipelineRenderGraph.cs:23)
UnityEngine.Rendering.Universal.UniversalRenderPipeline:RenderSingleCamera (UnityEngine.Rendering.ScriptableRenderContext,UnityEngine.Rendering.Universal.UniversalCameraData) (at ./Library/PackageCache/com.unity.render-pipelines.universal@40f8b5b9939e/Runtime/UniversalRenderPipeline.cs:902)
UnityEngine.Rendering.Universal.UniversalRenderPipeline:RenderCameraStack (UnityEngine.Rendering.ScriptableRenderContext,UnityEngine.Camera,bool) (at ./Library/PackageCache/com.unity.render-pipelines.universal@40f8b5b9939e/Runtime/UniversalRenderPipeline.cs:1124)
UnityEngine.Rendering.Universal.UniversalRenderPipeline:Render (UnityEngine.Rendering.ScriptableRenderContext,System.Collections.Generic.List`1<UnityEngine.Camera>) (at ./Library/PackageCache/com.unity.render-pipelines.universal@40f8b5b9939e/Runtime/UniversalRenderPipeline.cs:499)
UnityEngine.Rendering.RenderPipeline:InternalRender (UnityEngine.Rendering.ScriptableRenderContext,System.Collections.Generic.List`1<UnityEngine.Camera>) (at C:/build/output/unity/unity/Runtime/Export/RenderPipeline/RenderPipeline.cs:58)
UnityEngine.Rendering.RenderPipelineManager:DoRenderLoop_Internal (UnityEngine.Rendering.RenderPipelineAsset,intptr,UnityEngine.Object) (at C:/build/output/unity/unity/Runtime/Export/RenderPipeline/RenderPipelineManager.cs:159)

(Filename: C:/build/output/unity/unity/Runtime/Export/Debug/Debug.bindings.cs Line: 123)

Pipeline: Runtime descriptor written to C:\Users\aj\Desktop\GameDev\PlunderSpell-lair\Build\DevTest\.unity-pipeline-runtime-port
Pipeline: Runtime descriptor written to C:\Users\aj\Desktop\GameDev\PlunderSpell-lair\Build\DevTest\.unity-pipeline-runtime-port
Pipeline: Runtime descriptor written to C:\Users\aj\Desktop\GameDev\PlunderSpell-lair\Build\DevTest\.unity-pipeline-runtime-port
Pipeline: Runtime descriptor written to C:\Users\aj\Desktop\GameDev\PlunderSpell-lair\Build\DevTest\.unity-pipeline-runtime-port
Pipeline: Runtime descriptor written to C:\Users\aj\Desktop\GameDev\PlunderSpell-lair\Build\DevTest\.unity-pipeline-runtime-port
Pipeline: Runtime descriptor written to C:\Users\aj\Desktop\GameDev\PlunderSpell-lair\Build\DevTest\.unity-pipeline-runtime-port
Pipeline: Runtime descriptor written to C:\Users\aj\Desktop\GameDev\PlunderSpell-lair\Build\DevTest\.unity-pipeline-runtime-port
Pipeline: Runtime descriptor written to C:\Users\aj\Desktop\GameDev\PlunderSpell-lair\Build\DevTest\.unity-pipeline-runtime-port
Pipeline: Runtime descriptor written to C:\Users\aj\Desktop\GameDev\PlunderSpell-lair\Build\DevTest\.unity-pipeline-runtime-port
Pipeline: Stopping runtime server...
Pipeline Server stopped
[Chatter] Stopped listening between casts.
UnityEngine.Debug:ExtractStackTraceNoAlloc (byte*,int,string)
UnityEngine.StackTraceUtility:ExtractStackTrace () (at C:/build/output/unity/unity/Runtime/Export/Scripting/StackTrace.cs:35)
UnityEngine.DebugLogHandler:Internal_Log (UnityEngine.LogType,UnityEngine.LogOption,string,UnityEngine.Object)
UnityEngine.DebugLogHandler:LogFormat (UnityEngine.LogType,UnityEngine.Object,string,object[]) (at C:/build/output/unity/unity/Runtime/Export/Logging/DebugLogHandler.cs:9)
UnityEngine.Logger:Log (UnityEngine.LogType,object) (at C:/build/output/unity/unity/Runtime/Export/Logging/Logger.cs:60)
UnityEngine.Debug:Log (object) (at C:/build/output/unity/unity/Runtime/Export/Debug/Debug.bindings.cs:123)
Plunderspell.Voice.VoskVoiceInputService:set_ChatterEnabled (bool) (at C:/Users/aj/Desktop/GameDev/PlunderSpell-lair/Assets/_Project/Scripts/Runtime/Voice/VoskVoiceInputService.cs:180)
Plunderspell.Voice.CombinedVoiceInputService:set_ChatterEnabled (bool) (at C:/Users/aj/Desktop/GameDev/PlunderSpell-lair/Assets/_Project/Scripts/Runtime/Voice/CombinedVoiceInputService.cs:21)
Plunderspell.Acoustics.PlayerChatterRelay:Unsubscribe () (at C:/Users/aj/Desktop/GameDev/PlunderSpell-lair/Assets/_Project/Scripts/Runtime/Acoustics/PlayerChatterRelay.cs:111)
Plunderspell.Acoustics.PlayerChatterRelay:OnDisable () (at C:/Users/aj/Desktop/GameDev/PlunderSpell-lair/Assets/_Project/Scripts/Runtime/Acoustics/PlayerChatterRelay.cs:80)

(Filename: C:/build/output/unity/unity/Runtime/Export/Debug/Debug.bindings.cs Line: 123)

[Coop] Client Disconnected.
UnityEngine.Debug:ExtractStackTraceNoAlloc (byte*,int,string)
UnityEngine.StackTraceUtility:ExtractStackTrace () (at C:/build/output/unity/unity/Runtime/Export/Scripting/StackTrace.cs:35)
UnityEngine.DebugLogHandler:Internal_Log (UnityEngine.LogType,UnityEngine.LogOption,string,UnityEngine.Object)
UnityEngine.DebugLogHandler:LogFormat (UnityEngine.LogType,UnityEngine.Object,string,object[]) (at C:/build/output/unity/unity/Runtime/Export/Logging/DebugLogHandler.cs:9)
UnityEngine.Logger:Log (UnityEngine.LogType,object) (at C:/build/output/unity/unity/Runtime/Export/Logging/Logger.cs:60)
UnityEngine.Debug:Log (object) (at C:/build/output/unity/unity/Runtime/Export/Debug/Debug.bindings.cs:123)
Plunderspell.Net.CoopSession:OnClientConnectionState (PurrNet.Transports.ConnectionState) (at C:/Users/aj/Desktop/GameDev/PlunderSpell-lair/Assets/_Project/Scripts/Runtime/Net/CoopSession.cs:190)
PurrNet.NetworkManager:OnConnectionState (PurrNet.Transports.ConnectionState,bool) (at C:/Users/aj/Desktop/GameDev/PlunderSpell-lair/Assets/PurrNet/Runtime/Managers/NetworkManager.cs:1466)
PurrNet.Transports.UDPTransport:TriggerConnectionStateEvent (bool) (at C:/Users/aj/Desktop/GameDev/PlunderSpell-lair/Assets/PurrNet/Runtime/Transports/UDPTransport.cs:405)
PurrNet.Transports.UDPTransport:Cleanup () (at C:/Users/aj/Desktop/GameDev/PlunderSpell-lair/Assets/PurrNet/Runtime/Transports/UDPTransport.cs:366)
PurrNet.Transports.UDPTransport:OnDisable () (at C:/Users/aj/Desktop/GameDev/PlunderSpell-lair/Assets/PurrNet/Runtime/Transports/UDPTransport.cs:354)

(Filename: C:/build/output/unity/unity/Runtime/Export/Debug/Debug.bindings.cs Line: 123)

[Coop] Disconnected from the host.
UnityEngine.Debug:ExtractStackTraceNoAlloc (byte*,int,string)
UnityEngine.StackTraceUtility:ExtractStackTrace () (at C:/build/output/unity/unity/Runtime/Export/Scripting/StackTrace.cs:35)
UnityEngine.DebugLogHandler:Internal_Log (UnityEngine.LogType,UnityEngine.LogOption,string,UnityEngine.Object)
UnityEngine.DebugLogHandler:LogFormat (UnityEngine.LogType,UnityEngine.Object,string,object[]) (at C:/build/output/unity/unity/Runtime/Export/Logging/DebugLogHandler.cs:9)
UnityEngine.Logger:Log (UnityEngine.LogType,object) (at C:/build/output/unity/unity/Runtime/Export/Logging/Logger.cs:60)
UnityEngine.Debug:Log (object) (at C:/build/output/unity/unity/Runtime/Export/Debug/Debug.bindings.cs:123)
Plunderspell.Net.CoopSession:SetStatus (string) (at C:/Users/aj/Desktop/GameDev/PlunderSpell-lair/Assets/_Project/Scripts/Runtime/Net/CoopSession.cs:212)
Plunderspell.Net.CoopSession:OnClientConnectionState (PurrNet.Transports.ConnectionState) (at C:/Users/aj/Desktop/GameDev/PlunderSpell-lair/Assets/_Project/Scripts/Runtime/Net/CoopSession.cs:202)
PurrNet.NetworkManager:OnConnectionState (PurrNet.Transports.ConnectionState,bool) (at C:/Users/aj/Desktop/GameDev/PlunderSpell-lair/Assets/PurrNet/Runtime/Managers/NetworkManager.cs:1466)
PurrNet.Transports.UDPTransport:TriggerConnectionStateEvent (bool) (at C:/Users/aj/Desktop/GameDev/PlunderSpell-lair/Assets/PurrNet/Runtime/Transports/UDPTransport.cs:405)
PurrNet.Transports.UDPTransport:Cleanup () (at C:/Users/aj/Desktop/GameDev/PlunderSpell-lair/Assets/PurrNet/Runtime/Transports/UDPTransport.cs:366)
PurrNet.Transports.UDPTransport:OnDisable () (at C:/Users/aj/Desktop/GameDev/PlunderSpell-lair/Assets/PurrNet/Runtime/Transports/UDPTransport.cs:354)

(Filename: C:/build/output/unity/unity/Runtime/Export/Debug/Debug.bindings.cs Line: 123)

[Vosk] Closed 'Microphone (BlackShark V2 Pro PS 2.4)'.
UnityEngine.Debug:ExtractStackTraceNoAlloc (byte*,int,string)
UnityEngine.StackTraceUtility:ExtractStackTrace () (at C:/build/output/unity/unity/Runtime/Export/Scripting/StackTrace.cs:35)
UnityEngine.DebugLogHandler:Internal_Log (UnityEngine.LogType,UnityEngine.LogOption,string,UnityEngine.Object)
UnityEngine.DebugLogHandler:LogFormat (UnityEngine.LogType,UnityEngine.Object,string,object[]) (at C:/build/output/unity/unity/Runtime/Export/Logging/DebugLogHandler.cs:9)
UnityEngine.Logger:Log (UnityEngine.LogType,object) (at C:/build/output/unity/unity/Runtime/Export/Logging/Logger.cs:60)
UnityEngine.Debug:Log (object) (at C:/build/output/unity/unity/Runtime/Export/Debug/Debug.bindings.cs:123)
Plunderspell.Voice.VoskVoiceInputService:CloseMicrophone () (at C:/Users/aj/Desktop/GameDev/PlunderSpell-lair/Assets/_Project/Scripts/Runtime/Voice/VoskVoiceInputService.cs:322)
Plunderspell.Voice.VoskVoiceInputService/MainThreadPump:OnDestroy () (at C:/Users/aj/Desktop/GameDev/PlunderSpell-lair/Assets/_Project/Scripts/Runtime/Voice/VoskVoiceInputService.cs:640)

(Filename: C:/build/output/unity/unity/Runtime/Export/Debug/Debug.bindings.cs Line: 123)

[Physics::Module] Cleanup current backend.
[Physics::Module] Id: 0xf2b8ea05
Input System module state changed to: ShutdownInProgress.
Input System polling thread exited.
Input System module state changed to: Shutdown.
PlayerConnection::Cleanup##utp:{"type":"MemoryLeaks","version":2,"phase":"Immediate","time":1791394084802,"processId":6868,"allocatedMemory":781089,"memoryLabels":[{"Default":136},{"NewDelete":760},{"Thread":41920},{"Manager":534108},{"Shader":1188},{"GfxDevice":2112},{"GfxThread":102912},{"Audio":752},{"Serialization":520},{"JobScheduler":32768},{"String":614},{"HashMap":54272},{"PoolAlloc":288},{"CloudService":144},{"WebRequest":3518},{"VR":1872},{"Video":144},{"NativeArray":372},{"Subsystems":96},{"Gui":2577},{"CoreBusinessMetrics":120}]}
